abort	abort/tests/setup.ts:5	function	isBrowserVuePath
agent	agent/tests/setup.ts:42	type	ScriptedTurn
agent	agent/tests/setup.ts:58	interface	ScriptedCall
agent	agent/tests/setup.ts:66	type	DeltasOf
agent	agent/tests/setup.ts:87	interface	ScriptedProviderOptions
agent	agent/tests/setup.ts:102	interface	ScriptedProviderInterface
agent	agent/tests/setup.ts:137	function	createScriptedProvider
agent	agent/tests/setup.ts:247	function	createToolCall
agent	agent/tests/setup.ts:258	function	createTokenUsage
agent	agent/tests/setup.ts:271	function	addTool
agent	agent/tests/setup.ts:282	function	loopTool
agent	agent/tests/setup.ts:296	function	createAgentJob
agent	agent/tests/setup.ts:310	function	createStubSummarizer
agent	agent/tests/setup.ts:331	type	EmitterRecorders
agent	agent/tests/setup.ts:348	function	recordEmitterEvents
agent	agent/tests/setup.ts:382	function	isTotal
agent	agent/tests/setup.ts:390	interface	RecordingSchedulerInterface
agent	agent/tests/setup.ts:404	function	createRecordingScheduler
agent	agent/tests/setup.ts:442	function	buildConversationSnapshot
agent	agent/tests/setup.ts:472	function	assertConversationStoreContract
brief	brief/tests/setup.ts:23	const	FIRST_RULE
brief	brief/tests/setup.ts:31	function	buildTask
brief	brief/tests/setup.ts:36	function	buildManifest
brief	brief/tests/setup.ts:49	function	buildBrief
brief	brief/tests/setup.ts:59	function	buildReadyInput
brief	brief/tests/setup.ts:76	function	buildInterpret
brief	brief/tests/setup.ts:115	function	buildFailingInterpret
brief	brief/tests/setup.ts:151	function	buildForeignInterpret
brief	brief/tests/setup.ts:192	class	AccessorInterpretation
brief	brief/tests/setup.ts:247	function	buildAccessorInterpret
brief	brief/tests/setup.ts:275	function	buildAdversarialValues
brief	brief/tests/setup.ts:308	function	readErrorCode
brief	brief/tests/setup.ts:321	function	buildPermissiveEvaluator
brief	brief/tests/setup.ts:342	function	buildCountingReason
brief	brief/tests/setup.ts:386	function	buildStableReason
brief	brief/tests/setup.ts:409	function	buildSilentReason
brief	brief/tests/setup.ts:439	function	readConclusion
brief	brief/tests/setup.ts:444	function	readErrorContext
brief	brief/tests/setup.ts:452	function	buildInheritedActions
browser	browser/tests/setup.ts:14	function	ignoreCall
browser	browser/tests/setup.ts:19	function	ignoreAsyncCall
browser	browser/tests/setup.ts:24	function	throwListenerError
browser	browser/tests/setup.ts:36	function	waitForCondition
browser	browser/tests/setup.ts:51	function	evaluateJavaScript
browser	browser/tests/setup.ts:59	interface	CDPSentMessage
browser	browser/tests/setup.ts:67	type	CDPSentHandler
browser	browser/tests/setup.ts:79	interface	CDPTestTransportInterface
browser	browser/tests/setup.ts:92	interface	ConnectedCDPFixture
browser	browser/tests/setup.ts:103	function	createCDPTransport
browser	browser/tests/setup.ts:177	function	createConnectedCDPClient
browser	browser/tests/setup.ts:192	function	replyOk
browser	browser/tests/setup.ts:201	function	scriptCDPAttach
browser	browser/tests/setup.ts:217	function	readCDPExpression
browser	browser/tests/setup.ts:223	function	scriptSelectorPresent
browser	browser/tests/setup.ts:243	function	scriptTrustedSelector
browser	browser/tests/setup.ts:269	function	scriptFrameTree
browser	browser/tests/setup.ts:298	interface	StartedCodegenFixture
browser	browser/tests/setup.ts:303	function	createStartedCodegen
browser	browser/tests/setup.ts:316	function	createCodegenBindingPayload
browser	browser/tests/setup.ts:332	function	scriptEvaluate
browser	browser/tests/setup.ts:353	function	createTarget
browser	browser/tests/setup.ts:369	function	createDOMSnapshotResult
browser	browser/tests/setup.ts:478	interface	FakeScreenshotWriterInterface
browser	browser/tests/setup.ts:488	function	createScreenshotWriter
browser	browser/tests/setup.ts:502	const	PNG_BASE64
browser	browser/tests/setup.ts:505	const	JPEG_BASE64
browser	browser/tests/setupServer.ts:23	function	reservePort
browser	browser/tests/setupServer.ts:34	function	readServerPort
browser	browser/tests/setupServer.ts:50	function	isProcessAlive
browser	browser/tests/setupServer.ts:66	function	waitForProcessExit
browser	browser/tests/setupServer.ts:73	function	createTempDirectory
browser	browser/tests/setupServer.ts:80	function	destroyTempDirectories
browser	browser/tests/setupServer.ts:85	interface	StallServerInterface
browser	browser/tests/setupServer.ts:91	function	createStallServer
browser	browser/tests/setupServer.ts:98	class	StallServer
browser	browser/tests/setupServer.ts:139	interface	TCPProxyInterface
browser	browser/tests/setupServer.ts:145	function	createTCPProxy
browser	browser/tests/setupServer.ts:150	class	TCPProxy
browser	browser/tests/setupServer.ts:203	interface	CDPServerReceived
browser	browser/tests/setupServer.ts:210	type	CDPServerReplyHandler
browser	browser/tests/setupServer.ts:219	interface	CDPTestServerInterface
browser	browser/tests/setupServer.ts:247	function	createCDPTestServer
browser	browser/tests/setupServer.ts:254	class	CDPTestServer
browser	browser/tests/setupServer.ts:462	function	destroyFakeBrowsers
browser	browser/tests/setupServer.ts:491	function	readFixtureProcessId
browser	browser/tests/setupServer.ts:508	interface	FakeBrowserProcessInterface
browser	browser/tests/setupServer.ts:543	function	createFakeBrowserProcess
budget	budget/tests/setup.ts:17	function	captureContractError
budget	budget/tests/setup.ts:34	function	selectCharge
budget	budget/tests/setup.ts:39	function	isBrowserVuePath
console	console/tests/setup.ts:18	interface	RecordingSinkInterface
console	console/tests/setup.ts:30	function	createRecordingSink
console	console/tests/setup.ts:43	type	EmitterRecorders
console	console/tests/setup.ts:60	function	recordEmitterEvents
console	console/tests/setup.ts:94	function	isTotal
console	console/tests/setupBrowser.ts:8	interface	ConsoleCaptureInterface
console	console/tests/setupBrowser.ts:27	function	captureConsole
console	console/tests/setupServer.ts:14	const	WORKSPACE_ROOT
console	console/tests/setupServer.ts:17	function	readText
console	console/tests/setupServer.ts:22	function	fileExists
console	console/tests/setupServer.ts:40	function	createStreamTarget
console	console/tests/setupServer.ts:69	function	createWriteProbe
contract	contract/tests/setup.ts:170	function	captureContractError
contract	contract/tests/setup.ts:200	interface	TerminalIntrinsic
contract	contract/tests/setup.ts:233	function	replaceIntrinsic
contract	contract/tests/setup.ts:279	function	throwSentinel
contract	contract/tests/setup.ts:304	function	denyRecognition
contract	contract/tests/setup.ts:331	function	createInertOutcome
contract	contract/tests/setup.ts:347	const	TERMINAL_CONSTRUCTORS
contract	contract/tests/setup.ts:388	const	TERMINAL_HOOKS
contract	contract/tests/setup.ts:447	function	pollutePrototype
contract	contract/tests/setup.ts:486	class	ReentrantPollution
contract	contract/tests/setup.ts:553	function	redirectIntrinsic
contract	contract/tests/setup.ts:583	const	captured
contract	contract/tests/setup.ts:617	const	TERMINAL_MEMBERS
contract	contract/tests/setup.ts:797	const	OWNED_MEMBERS
contract	contract/tests/setup.ts:842	function	replaceAccessor
contract	contract/tests/setup.ts:863	interface	WorkBoundInterface
contract	contract/tests/setup.ts:894	function	createWorkBound
contract	contract/tests/setup.ts:918	interface	TerminalLie
contract	contract/tests/setup.ts:954	const	TERMINAL_LIES
contract	contract/tests/setup.ts:1289	function	lieIntrinsic
contract	contract/tests/setup.ts:1337	function	findVacuousControls
contract	contract/tests/setup.ts:1379	function	findInstallationControls
contract	contract/tests/setup.ts:1424	function	fingerprintOwnership
contract	contract/tests/setup.ts:1456	interface	PublicDoor
contract	contract/tests/setup.ts:1479	function	publicDoors
contract	contract/tests/setup.ts:1693	class	LateMutation
contract	contract/tests/setup.ts:1732	const	RECORD_BRAND_MEMBERS
contract	contract/tests/setup.ts:1766	function	forgeRecordBrand
contract	contract/tests/setup.ts:1804	function	forgeBlankBrand
contract	contract/tests/setup.ts:1819	class	StringDeclaration
contract	contract/tests/setup.ts:1828	class	NullBaseDeclaration
contract	contract/tests/setup.ts:1863	class	ForgedBrandDeclaration
contract	contract/tests/setup.ts:1888	class	StrippedBrandDeclaration
contract	contract/tests/setup.ts:1908	class	BlankBrandDeclaration
contract	contract/tests/setup.ts:1924	class	ProxiedBrandDeclaration
contract	contract/tests/setup.ts:1953	function	createProxiedBrandDeclaration
contract	contract/tests/setup.ts:1985	class	PatternCarrier
contract	contract/tests/setup.ts:2021	class	PatternFixture
contract	contract/tests/setup.ts:2063	class	SingleReadPattern
contract	contract/tests/setup.ts:2104	type	RetentionFactory
contract	contract/tests/setup.ts:2109	class	RetentionFixture
contract	contract/tests/setup.ts:2145	function	createShapeRetention
contract	contract/tests/setup.ts:2191	function	createVariantRetention
contract	contract/tests/setup.ts:2225	interface	SchemaRetentionFixture
contract	contract/tests/setup.ts:2237	function	createSchemaRetention
contract	contract/tests/setup.ts:2268	function	replaceStringIterator
contract	contract/tests/setup.ts:2297	function	replaceStringSlice
contract	contract/tests/setup.ts:2324	function	createUndefinedSchema
contract	contract/tests/setup.ts:2349	class	ArrayRootSchema
contract	contract/tests/setup.ts:2364	class	ClassSampleMemo
contract	contract/tests/setup.ts:2370	interface	Tree
contract	contract/tests/setup.ts:2384	function	buildTree
contract	contract/tests/setup.ts:2401	function	throwHostileAccess
contract	contract/tests/setup.ts:2415	function	advanceInfiniteIterable
contract	contract/tests/setup.ts:2430	function	iterateInfiniteIterable
contract	contract/tests/setup.ts:2445	function	createRevokedProxy
contract	contract/tests/setup.ts:2463	function	createRevokedArrayProxy
contract	contract/tests/setup.ts:2488	function	createThrowingGetter
contract	contract/tests/setup.ts:2509	function	createThrowingPrototype
contract	contract/tests/setup.ts:2539	function	createStatefulGetter
contract	contract/tests/setup.ts:2569	function	createUnstableArray
contract	contract/tests/setup.ts:2587	function	createHostileKeys
contract	contract/tests/setup.ts:2608	function	buildDeepNest
contract	contract/tests/setup.ts:2636	function	buildWideVocabulary
contract	contract/tests/setup.ts:2653	function	buildDeepShape
contract	contract/tests/setup.ts:2679	function	buildSharedDagShape
contract	contract/tests/setup.ts:2688	interface	CountedGraphInterface
contract	contract/tests/setup.ts:2724	function	buildCountedGraph
contract	contract/tests/setup.ts:2771	function	createNonEnumerableRecord
contract	contract/tests/setup.ts:2796	function	buildCyclicRecord
contract	contract/tests/setup.ts:2813	function	buildCyclicArray
contract	contract/tests/setup.ts:2830	function	buildSparseArray
contract	contract/tests/setup.ts:2838	interface	NativeMaximumSparseArrayFixture
contract	contract/tests/setup.ts:2863	function	createNativeMaximumSparseArray
contract	contract/tests/setup.ts:2915	function	createNullPrototypeRecord
contract	contract/tests/setup.ts:2933	function	createClassInstance
contract	contract/tests/setup.ts:2951	function	createOneShotIterable
contract	contract/tests/setup.ts:2966	function	createInfiniteIterable
contract	contract/tests/setup.ts:2989	const	SOUNDNESS_SAMPLE
contract	contract/tests/setup.ts:3069	function	soundnessViolations
contract	contract/tests/setup.ts:3086	type	ShapeValidationDefect
contract	contract/tests/setup.ts:3094	function	createShapeValidationCase
contract	contract/tests/setup.ts:3117	interface	ShapeSeparation
contract	contract/tests/setup.ts:3127	const	SHAPE_SEPARATIONS
contract	contract/tests/setup.ts:3156	function	stringShapeVariations
contract	contract/tests/setup.ts:3170	function	numberShapeVariations
contract	contract/tests/setup.ts:3181	function	booleanShapeVariations
contract	contract/tests/setup.ts:3186	function	nullShapeVariations
contract	contract/tests/setup.ts:3191	function	literalShapeVariations
contract	contract/tests/setup.ts:3203	function	jsonShapeVariations
contract	contract/tests/setup.ts:3211	function	leafShapeVariations
contract	contract/tests/setup.ts:3235	function	compositeShape
contract	contract/tests/setup.ts:3270	function	validSamplesFor
contract	contract/tests/setup.ts:3290	function	invalidSamplesFor
contract	contract/tests/setup.ts:3321	function	compileWidenedContract
contract	contract/tests/setup.ts:3343	type	Equal
contract	contract/tests/setup.ts:3347	type	Expect
contract	contract/tests/setup.ts:3363	function	expectLockstep
contract	contract/tests/setup.ts:3389	function	expectJSONRoundtrip
contract	contract/tests/setup.ts:3411	function	buildTypeFault
contract	contract/tests/setup.ts:3428	function	faultsToConstraints
contract	contract/tests/setup.ts:3452	class	ObservedShape
contract	contract/tests/setup.ts:3495	function	buildStaircaseShape
contract	contract/tests/setup.ts:3524	class	ReentrantShape
contract	contract/tests/setup.ts:3559	const	SMUGGLED_KEY
contract	contract/tests/setup.ts:3575	class	DriftedMethods
contract	contract/tests/setup.ts:3598	class	SmuggledMember
contract	contract/tests/setupServer.ts:27	function	requestWeakReferenceCollection
contract	contract/tests/setupServer.ts:50	function	createForeignRegExp
contract	contract/tests/setupServer.ts:59	function	createForeignStringShape
contract	contract/tests/setupServer.ts:79	function	createForeignPrototype
contract	contract/tests/setupServer.ts:97	function	createForeignRecord
csv	csv/tests/setup.ts:10	const	TEST_SEED
csv	csv/tests/setup.ts:29	function	assertAndNarrow
csv	csv/tests/setup.ts:52	function	buildQuotedField
csv	csv/tests/setup.ts:67	function	buildRaggedCSV
csv	csv/tests/setup.ts:82	function	buildMixedNewlineCSV
csv	csv/tests/setup.ts:100	function	buildInferenceTraps
database	database/tests/setup.ts:41	function	collectRankStreamIds
database	database/tests/setup.ts:62	function	tableSchemas
database	database/tests/setup.ts:83	function	buildCondition
database	database/tests/setup.ts:93	const	INTEGRATION_TABLES
database	database/tests/setup.ts:99	interface	UserRow
database	database/tests/setup.ts:115	function	createUserRow
database	database/tests/setup.ts:128	function	userRows
database	database/tests/setup.ts:152	function	seedUsersTable
database	database/tests/setup.ts:173	function	createConstrainedUsersDatabase
database	database/tests/setup.ts:189	const	CURSOR_COLUMNS
database	database/tests/setup.ts:197	type	CursorUserRow
database	database/tests/setup.ts:200	const	CURSOR_ROWS
database	database/tests/setup.ts:212	function	createCursorDatabase
database	database/tests/setup.ts:223	function	seedCursorDatabase
database	database/tests/setup.ts:235	function	createMemoryAdapter
database	database/tests/setup.ts:253	interface	ReconciliationDriverOptions
database	database/tests/setup.ts:266	function	createReconciliationDriver
database	database/tests/setup.ts:309	class	IteratorSource
database	database/tests/setup.ts:322	class	RecordingIterator
database	database/tests/setup.ts:343	interface	RecordingAggregate
database	database/tests/setup.ts:356	interface	RecordingDriverInterface
database	database/tests/setup.ts:369	const	RECORDING_ROW
database	database/tests/setup.ts:372	const	RECORDING_AGGREGATE
database	database/tests/setup.ts:387	function	createRecordingDriver
database	database/tests/setup.ts:439	type	EmitterRecorders
database	database/tests/setup.ts:456	function	recordEmitterEvents
database	database/tests/setup.ts:490	function	isTotal
database	database/tests/setup.ts:513	function	conformDriver
database	database/tests/setupBrowser.ts:13	function	deleteDatabase
database	database/tests/setupBrowser.ts:31	function	uniqueName
database	database/tests/setupBrowser.ts:50	function	putIndexedDBValue
database	database/tests/setupBrowser.ts:69	interface	IntegrationDatabaseInterface
database	database/tests/setupBrowser.ts:85	function	createIntegrationDatabase
database	database/tests/setupServer.ts:20	interface	GuideFenceModule
database	database/tests/setupServer.ts:33	function	formatCompilerDiagnostics
database	database/tests/setupServer.ts:45	function	checkCompilerDiagnostics
database	database/tests/setupServer.ts:58	function	locateGuideFences
database	database/tests/setupServer.ts:86	function	formatGuideFenceDiagnostic
database	database/tests/setupServer.ts:110	function	checkGuideFences
database	database/tests/setupServer.ts:171	function	isTypeOnlyExport
database	database/tests/setupServer.ts:194	function	resolveEntrySymbol
database	database/tests/setupServer.ts:206	function	classifyEntryDeclaration
database	database/tests/setupServer.ts:241	function	shapeEntrySymbols
database	database/tests/setupServer.ts:275	function	deriveEntrySurfaces
database	database/tests/setupServer.ts:341	function	tempTypeScriptProject
database	database/tests/setupServer.ts:375	function	replaceTransactionFailure
database	database/tests/setupServer.ts:407	function	tempDatabasePath
database	database/tests/setupServer.ts:418	const	FOREIGN_KEY_SCHEMA
database	database/tests/setupServer.ts:443	function	createForeignKeyFixture
database	database/tests/setupServer.ts:483	function	driverSchema
elements	elements/tests/setup.ts:59	function	extractProperty
elements	elements/tests/setup.ts:64	function	createRecorder
elements	elements/tests/setup.ts:82	function	waitForDelay
elements	elements/tests/setup.ts:91	function	leaves
elements	elements/tests/setup.ts:112	function	tableCellFor
elements	elements/tests/setup.ts:131	function	extractBacktickedNames
elements	elements/tests/setup.ts:169	function	stripComments
elements	elements/tests/setup.ts:178	function	tagFromPath
elements	elements/tests/setup.ts:185	function	declaresToken
elements	elements/tests/setup.ts:191	function	declaresElementToken
elements	elements/tests/setup.ts:201	function	usesMotionMixin
elements	elements/tests/setup.ts:211	function	relativeStylesPath
elements	elements/tests/setup.ts:231	function	extractRuleOpeners
elements	elements/tests/setup.ts:268	function	bareClassNamesIn
elements	elements/tests/setup.ts:285	function	extractSetTokenDeclarations
elements	elements/tests/setup.ts:312	function	componentNamespacesFromPaths
elements	elements/tests/setup.ts:328	function	classNameIsSanctioned
elements	elements/tests/setup.ts:349	function	findLayerDirectives
elements	elements/tests/setup.ts:391	const	TAILWIND_SINGLE_TOKEN_UTILITIES
elements	elements/tests/setup.ts:473	interface	StateTransition
elements	elements/tests/setup.ts:480	interface	StateScenario
elements	elements/tests/setup.ts:495	interface	EventRecorder
elements	elements/tests/setup.ts:537	function	createPersonShape
elements	elements/tests/setup.ts:551	function	createNestedShape
elements	elements/tests/setup.ts:567	function	createUnionShape
elements	elements/tests/setup.ts:578	function	createOneOfShape
elements	elements/tests/setup.ts:588	function	createRecordDictShape
elements	elements/tests/setup.ts:599	const	POLLUTION_KEYS
elements	elements/tests/setup.ts:624	function	assertNoPrototypePollution
elements	elements/tests/setup.ts:703	function	assertParseGuardSymmetry
elements	elements/tests/setup.ts:764	function	assertGeneratorSatisfiesGuard
elements	elements/tests/setup.ts:813	function	makeCyclicArray
elements	elements/tests/setup.ts:828	function	makeCyclicObject
elements	elements/tests/setup.ts:849	function	makeCyclicShape
elements	elements/tests/setup.ts:866	function	deepEquals
elements	elements/tests/setup.ts:917	function	countDistinct
elements	elements/tests/setup.ts:928	function	describeShape
elements	elements/tests/setup.ts:943	function	printValue
elements	elements/tests/setupBrowser.ts:55	function	createFactoryFixture
elements	elements/tests/setupBrowser.ts:103	function	mountSetup
elements	elements/tests/setupBrowser.ts:157	function	withElement
elements	elements/tests/setupBrowser.ts:167	function	waitForBootstrap
elements	elements/tests/setupBrowser.ts:181	function	createDragEvent
elements	elements/tests/setupBrowser.ts:191	function	createPointerEvent
elements	elements/tests/setupBrowser.ts:202	function	buildElement
elements	elements/tests/setupBrowser.ts:315	function	assertCleanDispose
elements	elements/tests/setupBrowser.ts:353	function	createPopoverElements
elements	elements/tests/setupBrowser.ts:372	function	createMenuElements
elements	elements/tests/setupBrowser.ts:395	function	createTooltipElements
elements	elements/tests/setupBrowser.ts:411	function	createTabsElements
elements	elements/tests/setupBrowser.ts:438	function	createFormElements
elements	elements/tests/setupBrowser.ts:461	function	inputField
elements	elements/tests/setupBrowser.ts:472	function	createToastElement
elements	elements/tests/setupBrowser.ts:489	function	runScenario
elements	elements/tests/setupBrowser.ts:498	function	runScenarios
elements	elements/tests/setupServer.ts:40	const	WORKSPACE_ROOT
elements	elements/tests/setupServer.ts:52	function	readScssPartials
elements	elements/tests/setupServer.ts:71	function	readAllStyleSources
elements	elements/tests/setupServer.ts:80	function	readFactorySources
elements	elements/tests/setupServer.ts:96	function	readGuide
elements	elements/tests/setupServer.ts:106	function	readAllGuides
elements	elements/tests/setupServer.ts:126	function	readW3cElementCards
elements	elements/tests/setupServer.ts:146	function	readW3cCorpus
elements	elements/tests/setupServer.ts:157	function	readAllPages
elements	elements/tests/setupStyles.ts:50	function	mount
elements	elements/tests/setupStyles.ts:62	function	render
elements	elements/tests/setupStyles.ts:75	function	build
elements	elements/tests/setupStyles.ts:89	function	style
elements	elements/tests/setupStyles.ts:94	function	token
elements	elements/tests/setupStyles.ts:100	function	rootToken
elements	elements/tests/setupStyles.ts:112	function	rgba
elements	elements/tests/setupStyles.ts:130	function	colorEqual
elements	elements/tests/setupStyles.ts:142	function	pixels
elements	elements/tests/setupStyles.ts:157	function	findRule
emitter	emitter/tests/setup.ts:23	function	createErrorRecorder
emitter	emitter/tests/setup.ts:41	function	isBrowserVuePath
form	form/tests/setup.ts:12	interface	AnswerCase
form	form/tests/setup.ts:17	interface	ChangedCase
form	form/tests/setup.ts:23	interface	SchemaCase
form	form/tests/setup.ts:28	const	ANSWER_CASES
form	form/tests/setup.ts:40	const	CHANGED_CASES
form	form/tests/setup.ts:48	const	STRING_FIELDS
form	form/tests/setup.ts:59	const	MATRIX_RULES
form	form/tests/setup.ts:71	const	RULE_APPLICABILITY
form	form/tests/setup.ts:208	const	MATRIX_FIELDS
form	form/tests/setup.ts:234	const	MATRIX_VALUES
form	form/tests/setup.ts:249	function	createFieldBudgetSchema
form	form/tests/setup.ts:258	function	createGroupBudgetSchema
form	form/tests/setup.ts:268	function	createChoiceBudgetSchema
form	form/tests/setup.ts:283	function	createNameBudgetCases
form	form/tests/setup.ts:303	function	createStringBudgetCases
form	form/tests/setup.ts:372	function	createTextBudgetSchema
form	form/tests/setup.ts:386	function	createTextPopulationSchema
form	form/tests/setup.ts:403	function	passValidation
form	form/tests/setup.ts:419	function	createSequenceValidator
form	form/tests/setup.ts:428	function	createNodeBudgetSchema
form	form/tests/setup.ts:442	function	createNodePopulationSchema
form	form/tests/setup.ts:448	function	createCheckboxLimit
guide	guide/tests/setup.ts:10	const	TEST_SEED
guide	guide/tests/setup.ts:23	function	requireTable
guide	guide/tests/setup.ts:30	function	isBrowserVuePath
guide	guide/tests/setupServer.ts:14	function	requireText
html	html/tests/setup.ts:11	const	TEST_SEED
html	html/tests/setup.ts:23	function	buildHTMLPageInput
html	html/tests/setup.ts:43	function	isBrowserVuePath
html	html/tests/setup.ts:55	function	buildDeepHTMLInput
html	html/tests/setup.ts:64	function	buildHTMLRoundtripCorpus
html	html/tests/setup.ts:108	function	buildHTMLCommentEnumeration
html	html/tests/setup.ts:133	function	throwHostileHTMLAccess
html	html/tests/setup.ts:142	function	returnHTMLNonIterator
html	html/tests/setup.ts:151	function	buildHostileHTMLAllowlists
html	html/tests/setup.ts:169	function	buildShadowedHTMLAllowlist
html	html/tests/setup.ts:180	interface	HTMLSanitizerCase
html	html/tests/setup.ts:199	function	buildHTMLSanitizerCorpus
html	html/tests/setup.ts:426	function	buildEncodedHTMLSchemeCorpus
html	html/tests/setup.ts:446	interface	HTMLEntityURLCase
html	html/tests/setup.ts:461	function	buildHTMLEntityURLCorpus
html	html/tests/setup.ts:499	interface	URLSafetyCase
html	html/tests/setup.ts:516	function	buildURLSafetyCorpus
html	html/tests/setup.ts:584	const	URL_SAFETY_GROUPS
html	html/tests/setup.ts:600	function	buildDeepHTMLDocument
html	html/tests/setup.ts:614	function	buildBranchingHTMLElement
html	html/tests/setup.ts:627	function	buildDiamondHTMLDocument
html	html/tests/setup.ts:641	function	buildSharedHTMLPreDocument
html	html/tests/setup.ts:665	function	buildHTMLAttributeInput
html	html/tests/setup.ts:675	function	buildMixedHTMLInput
html	html/tests/setup.ts:690	function	buildDeepHTMLNode
html	html/tests/setup.ts:703	function	buildCyclicHTMLNode
html	html/tests/setup.ts:715	function	throwHostileHTMLGetter
html	html/tests/setup.ts:724	function	buildHostileHTMLNode
html	html/tests/setup.ts:738	function	buildRevokedHTMLNode
html	html/tests/setup.ts:749	function	buildHostileHTMLPrototype
html	html/tests/setup.ts:764	function	extractHTMLText
html	html/tests/setup.ts:789	function	hasAdjacentHTMLText
html	html/tests/setup.ts:812	function	measureHTMLDepth
indexeddb	indexeddb/tests/setupBrowser.ts:29	function	deleteDatabase
indexeddb	indexeddb/tests/setupBrowser.ts:47	function	uniqueName
indexeddb	indexeddb/tests/setupBrowser.ts:53	interface	TestDatabaseInterface
indexeddb	indexeddb/tests/setupBrowser.ts:72	function	createTestDatabase
indexeddb	indexeddb/tests/setupBrowser.ts:99	function	drainCursor
indexeddb	indexeddb/tests/setupBrowser.ts:119	function	errorCode
indexeddb	indexeddb/tests/setupBrowser.ts:133	type	CleanupRegistrar
indexeddb	indexeddb/tests/setupBrowser.ts:138	interface	CleanupRegistrarInterface
indexeddb	indexeddb/tests/setupBrowser.ts:156	function	createCleanups
indexeddb	indexeddb/tests/setupBrowser.ts:170	const	SEED_USER_STORES
indexeddb	indexeddb/tests/setupBrowser.ts:181	const	SEED_STORE_STORES
indexeddb	indexeddb/tests/setupBrowser.ts:193	function	seedUsers
indexeddb	indexeddb/tests/setupBrowser.ts:214	function	seedStore
interpret	interpret/tests/setup.ts:42	type	EmitterRecorders
interpret	interpret/tests/setup.ts:59	function	recordEmitterEvents
interpret	interpret/tests/setup.ts:93	function	isTotal
interpret	interpret/tests/setup.ts:115	function	invokeRaw
interpret	interpret/tests/setup.ts:131	function	expectSymbolic
interpret	interpret/tests/setup.ts:148	const	EXTREME_NUMBERS
interpret	interpret/tests/setup.ts:173	const	TRICKY_KEYS
interpret	interpret/tests/setup.ts:197	function	buildInterpretTemplate
interpret	interpret/tests/setup.ts:219	const	INTERPRET_ACTIONS
interpret	interpret/tests/setup.ts:232	const	INTERPRET_DOMAINS
interpret	interpret/tests/setup.ts:250	function	buildInsuranceTemplate
interpret	interpret/tests/setup.ts:284	function	buildEligibilityTemplate
interpret	interpret/tests/setup.ts:309	function	buildLoanTemplate
interpret	interpret/tests/setup.ts:333	function	buildStatisticsTemplate
interpret	interpret/tests/setup.ts:358	function	buildInterpretation
interpret	interpret/tests/setup.ts:405	function	seedInterpretContext
interpret	interpret/tests/setup.ts:412	function	isBrowserVuePath
lloyds	lloyds/tests/setup.ts:16	interface	TestRecorderInterface
lloyds	lloyds/tests/setup.ts:23	function	createRecorder
lloyds	lloyds/tests/setup.ts:44	type	EmitterRecorders
lloyds	lloyds/tests/setup.ts:61	function	recordEmitterEvents
lloyds	lloyds/tests/setup.ts:95	function	isTotal
lloyds	lloyds/tests/setup.ts:102	function	waitForDelay
lloyds	lloyds/tests/setup.ts:116	function	captureError
lloyds	lloyds/tests/setup.ts:126	interface	RecordingAggregate
lloyds	lloyds/tests/setup.ts:139	interface	RecordingDriverInterface
lloyds	lloyds/tests/setup.ts:154	const	RECORDING_ROW
lloyds	lloyds/tests/setup.ts:157	const	RECORDING_COUNT
lloyds	lloyds/tests/setup.ts:160	const	RECORDING_AGGREGATE
lloyds	lloyds/tests/setup.ts:176	function	createRecordingDriver
lloyds	lloyds/tests/setup.ts:248	function	isDeeplyFrozen
lloyds	lloyds/tests/setup.ts:255	const	ADVERSARIAL_SYMBOL_KEY
lloyds	lloyds/tests/setup.ts:266	const	ADVERSARIAL_VALUE_SUBJECT
lloyds	lloyds/tests/setupBrowser.ts:26	const	TEARDOWNS
lloyds	lloyds/tests/setupBrowser.ts:42	function	typeInput
lloyds	lloyds/tests/setupBrowser.ts:54	function	commitInput
lloyds	lloyds/tests/setupBrowser.ts:75	function	deleteDatabase
lloyds	lloyds/tests/setupBrowser.ts:93	function	uniqueName
lloyds	lloyds/tests/setupBrowser.ts:99	interface	TestDatabaseInterface
lloyds	lloyds/tests/setupBrowser.ts:119	function	createTestDatabase
lloyds	lloyds/tests/setupBrowser.ts:147	type	CleanupRegistrar
lloyds	lloyds/tests/setupBrowser.ts:152	interface	CleanupRegistrarInterface
lloyds	lloyds/tests/setupBrowser.ts:170	function	createCleanups
lloyds	lloyds/tests/setupBrowser.ts:184	const	SEED_USER_STORES
lloyds	lloyds/tests/setupBrowser.ts:195	const	SEED_STORE_STORES
lloyds	lloyds/tests/setupBrowser.ts:207	function	seedUsers
lloyds	lloyds/tests/setupBrowser.ts:228	function	seedStore
mailbox	mailbox/tests/setup.ts:19	interface	TestRecorderInterface
mailbox	mailbox/tests/setup.ts:26	function	extractProperty
mailbox	mailbox/tests/setup.ts:31	function	createRecorder
mailbox	mailbox/tests/setup.ts:49	function	waitForDelay
mailbox	mailbox/tests/setup.ts:58	function	leaves
mailbox	mailbox/tests/setup.ts:70	function	stripComments
mailbox	mailbox/tests/setup.ts:78	function	relativeStylesPath
mailbox	mailbox/tests/setup.ts:86	function	tagFromPath
mailbox	mailbox/tests/setup.ts:98	function	usesMotionMixin
mailbox	mailbox/tests/setup.ts:109	function	usesForcedColorsMixin
mailbox	mailbox/tests/setup.ts:118	function	hasBareMotion
mailbox	mailbox/tests/setup.ts:137	const	TAILWIND_SINGLE_TOKEN_UTILITIES
mailbox	mailbox/tests/setup.ts:196	function	componentNamespacesFromPaths
mailbox	mailbox/tests/setup.ts:210	function	classNameIsSanctioned
mailbox	mailbox/tests/setup.ts:250	function	createPersonShape
mailbox	mailbox/tests/setup.ts:264	function	createNestedShape
mailbox	mailbox/tests/setup.ts:280	function	createUnionShape
mailbox	mailbox/tests/setup.ts:291	function	createOneOfShape
mailbox	mailbox/tests/setup.ts:301	function	createRecordDictShape
mailbox	mailbox/tests/setup.ts:312	const	POLLUTION_KEYS
mailbox	mailbox/tests/setup.ts:337	function	assertNoPrototypePollution
mailbox	mailbox/tests/setup.ts:416	function	assertParseGuardSymmetry
mailbox	mailbox/tests/setup.ts:477	function	assertGeneratorSatisfiesGuard
mailbox	mailbox/tests/setup.ts:526	function	makeCyclicArray
mailbox	mailbox/tests/setup.ts:541	function	makeCyclicObject
mailbox	mailbox/tests/setup.ts:562	function	makeCyclicShape
mailbox	mailbox/tests/setup.ts:579	function	deepEquals
mailbox	mailbox/tests/setup.ts:630	function	countDistinct
mailbox	mailbox/tests/setup.ts:641	function	describeShape
mailbox	mailbox/tests/setup.ts:656	function	printValue
mailbox	mailbox/tests/setupBrowser.ts:16	interface	FactoryFixtureInstance
mailbox	mailbox/tests/setupBrowser.ts:20	const	FACTORY_TEARDOWNS
mailbox	mailbox/tests/setupBrowser.ts:22	function	createFactoryFixture
mailbox	mailbox/tests/setupBrowser.ts:40	const	BROWSER_UNMOUNTS
mailbox	mailbox/tests/setupBrowser.ts:42	interface	TestDragEventOptions
mailbox	mailbox/tests/setupBrowser.ts:48	function	registerUnmount
mailbox	mailbox/tests/setupBrowser.ts:68	function	mount
mailbox	mailbox/tests/setupBrowser.ts:96	function	withBootstrap
mailbox	mailbox/tests/setupBrowser.ts:107	function	mountComponent
mailbox	mailbox/tests/setupBrowser.ts:139	function	flushPromises
mailbox	mailbox/tests/setupBrowser.ts:144	function	waitForFrame
mailbox	mailbox/tests/setupBrowser.ts:151	function	waitForBootstrap
mailbox	mailbox/tests/setupBrowser.ts:163	function	waitForCondition
mailbox	mailbox/tests/setupBrowser.ts:182	function	fireTransitionEnd
mailbox	mailbox/tests/setupBrowser.ts:186	function	createDragEvent
mailbox	mailbox/tests/setupBrowser.ts:196	function	createPointerEvent
mailbox	mailbox/tests/setupBrowser.ts:200	function	typeInput
mailbox	mailbox/tests/setupBrowser.ts:211	function	computeElementCenter
mailbox	mailbox/tests/setupBrowser.ts:219	function	computeElementBottom
mailbox	mailbox/tests/setupBrowser.ts:227	function	layoutRows
mailbox	mailbox/tests/setupBrowser.ts:235	function	extractDragStartDetail
mailbox	mailbox/tests/setupBrowser.ts:245	function	extractDragEndDetail
mailbox	mailbox/tests/setupBrowser.ts:257	function	createBootstrapElement
mailbox	mailbox/tests/setupBrowser.ts:267	function	createButtonElement
mailbox	mailbox/tests/setupBrowser.ts:274	function	createAlertElement
mailbox	mailbox/tests/setupBrowser.ts:284	function	createCollapseElement
mailbox	mailbox/tests/setupBrowser.ts:288	function	createDropdownElements
mailbox	mailbox/tests/setupBrowser.ts:306	function	appendDropdownItems
mailbox	mailbox/tests/setupBrowser.ts:324	function	createSelectElements
mailbox	mailbox/tests/setupBrowser.ts:342	function	appendSelectOptions
mailbox	mailbox/tests/setupBrowser.ts:361	function	createSelectInput
mailbox	mailbox/tests/setupBrowser.ts:368	function	createSelectNative
mailbox	mailbox/tests/setupBrowser.ts:380	function	createSelectNativeInput
mailbox	mailbox/tests/setupBrowser.ts:387	function	createModalElement
mailbox	mailbox/tests/setupBrowser.ts:405	function	createOffcanvasElement
mailbox	mailbox/tests/setupBrowser.ts:420	function	createPopoverElements
mailbox	mailbox/tests/setupBrowser.ts:434	function	createTooltipElements
mailbox	mailbox/tests/setupBrowser.ts:448	function	createToastElement
mailbox	mailbox/tests/setupBrowser.ts:456	function	createCarouselElements
mailbox	mailbox/tests/setupBrowser.ts:489	function	createScrollSpyElements
mailbox	mailbox/tests/setupBrowser.ts:516	function	createTabElements
mailbox	mailbox/tests/setupBrowser.ts:550	function	createDragListElements
mailbox	mailbox/tests/setupBrowser.ts:573	interface	DisposeHarness
mailbox	mailbox/tests/setupBrowser.ts:579	function	installDisposeHarness
mailbox	mailbox/tests/setupBrowser.ts:658	function	assertCleanDispose
mailbox	mailbox/tests/setupStyles.ts:27	const	STYLE_TEARDOWNS
mailbox	mailbox/tests/setupStyles.ts:41	function	mount
mailbox	mailbox/tests/setupStyles.ts:53	function	render
mailbox	mailbox/tests/setupStyles.ts:66	function	build
mailbox	mailbox/tests/setupStyles.ts:80	function	style
mailbox	mailbox/tests/setupStyles.ts:85	function	token
mailbox	mailbox/tests/setupStyles.ts:91	function	rootToken
mailbox	mailbox/tests/setupStyles.ts:99	function	assertTokens
mailbox	mailbox/tests/setupStyles.ts:109	function	describeElement
mailbox	mailbox/tests/setupStyles.ts:125	function	rgba
mailbox	mailbox/tests/setupStyles.ts:143	function	colorEqual
mailbox	mailbox/tests/setupStyles.ts:155	function	pixels
mailbox	mailbox/tests/setupStyles.ts:162	function	width
mailbox	mailbox/tests/setupStyles.ts:167	function	height
mailbox	mailbox/tests/setupStyles.ts:181	function	hover
mailbox	mailbox/tests/setupStyles.ts:186	function	unhover
mailbox	mailbox/tests/setupStyles.ts:195	function	tabTo
mailbox	mailbox/tests/setupStyles.ts:207	function	isNativelyFocusable
mailbox	mailbox/tests/setupStyles.ts:224	function	findRule
mailbox	mailbox/tests/setupStyles.ts:239	function	walkRules
mailbox	mailbox/tests/setupStyles.ts:256	function	findKeyframes
mailbox	mailbox/tests/setupStyles.ts:269	function	walkKeyframes
mailbox	mailbox/tests/setupStyles.ts:283	function	setTheme
mailbox	mailbox/tests/setupStyles.ts:300	const	BS_COLORS
mailbox	mailbox/tests/setupStyles.ts:311	type	BsColor
mailbox	mailbox/tests/setupStyles.ts:321	function	createButtonElement
mailbox	mailbox/tests/setupStyles.ts:329	function	createRevealButton
mailbox	mailbox/tests/setupStyles.ts:349	function	createCheckPair
mailbox	mailbox/tests/setupStyles.ts:369	function	createButtonGroup
mailbox	mailbox/tests/setupStyles.ts:386	function	createParentWithChildren
mailbox	mailbox/tests/setupStyles.ts:417	function	renderColorVariant
mailbox	mailbox/tests/setupStyles.ts:434	function	colorRows
mailbox	mailbox/tests/setupStyles.ts:439	function	colorRowsExcept
mailbox	mailbox/tests/setupStyles.ts:450	function	colorRowsWith
mailbox	mailbox/tests/setupStyles.ts:468	function	createBadgeElement
mailbox	mailbox/tests/setupStyles.ts:473	function	createDotElement
mailbox	mailbox/tests/setupStyles.ts:478	function	createKbdElement
mailbox	mailbox/tests/setupStyles.ts:483	function	createCodeElement
mailbox	mailbox/tests/setupStyles.ts:488	function	createCloseButton
mailbox	mailbox/tests/setupStyles.ts:496	function	createSpinnerElement
mailbox	mailbox/tests/setupStyles.ts:508	function	createPlaceholderElement
mailbox	mailbox/tests/setupStyles.ts:513	function	createSkeletonElement
mailbox	mailbox/tests/setupStyles.ts:518	function	createAvatarElement
mailbox	mailbox/tests/setupStyles.ts:535	function	createAlertElement
mailbox	mailbox/tests/setupStyles.ts:542	function	createTagElement
mailbox	mailbox/tests/setupStyles.ts:547	function	createBreadcrumbElement
mailbox	mailbox/tests/setupStyles.ts:567	function	createPaginationElement
mailbox	mailbox/tests/setupStyles.ts:588	function	createProgressElement
mailbox	mailbox/tests/setupStyles.ts:601	function	createEmptyStateElement
mailbox	mailbox/tests/setupStyles.ts:606	function	createStatElement
mailbox	mailbox/tests/setupStyles.ts:617	function	createStepperElement
mailbox	mailbox/tests/setupStyles.ts:647	function	createTimelineElement
markdown	markdown/tests/setup.ts:48	const	TEST_SEED
markdown	markdown/tests/setup.ts:60	function	firstBlock
markdown	markdown/tests/setup.ts:66	function	assertHeadingNode
markdown	markdown/tests/setup.ts:71	function	assertListNode
markdown	markdown/tests/setup.ts:76	function	assertTableNode
markdown	markdown/tests/setup.ts:81	function	assertParagraphNode
markdown	markdown/tests/setup.ts:88	function	assertCodeBlockNode
markdown	markdown/tests/setup.ts:93	function	assertBlockquoteNode
markdown	markdown/tests/setup.ts:98	function	assertEmphasisNode
markdown	markdown/tests/setup.ts:105	function	assertCodeSpanNode
markdown	markdown/tests/setup.ts:112	function	assertLinkNode
markdown	markdown/tests/setup.ts:120	function	assertInlineNode
markdown	markdown/tests/setup.ts:130	function	inlineText
markdown	markdown/tests/setup.ts:142	function	buildProjection
markdown	markdown/tests/setup.ts:147	function	projectHTML
markdown	markdown/tests/setup.ts:152	const	MARKDOWN_FIXPOINT_CORPUS
markdown	markdown/tests/setup.ts:175	const	PROJECTION_CORPUS
markdown	markdown/tests/setup.ts:225	function	buildCyclicNode
markdown	markdown/tests/setup.ts:236	function	buildHostileNode
markdown	markdown/tests/setup.ts:252	function	buildDeepInlineNode
markdown	markdown/tests/setup.ts:265	function	buildDeepBlockNode
markdown	markdown/tests/setup.ts:278	function	buildDeepQuoteInput
markdown	markdown/tests/setup.ts:283	function	buildDeepListInput
markdown	markdown/tests/setup.ts:292	function	buildDeepEmphasisInput
markdown	markdown/tests/setup.ts:301	function	isBrowserVuePath
mcp	mcp/tests/setup.ts:65	interface	TestSignalRecorderInterface
mcp	mcp/tests/setup.ts:97	function	createSignalRecorder
mcp	mcp/tests/setup.ts:129	type	EmitterRecorders
mcp	mcp/tests/setup.ts:145	function	isTotal
mcp	mcp/tests/setup.ts:165	function	recordEmitterEvents
mcp	mcp/tests/setup.ts:202	function	isMCPMethodHandler
mcp	mcp/tests/setup.ts:220	function	waitForAbort
mcp	mcp/tests/setup.ts:237	function	waitForSettlement
mcp	mcp/tests/setup.ts:270	function	createJSONRPCRequest
mcp	mcp/tests/setup.ts:281	function	createJSONRPCNotification
mcp	mcp/tests/setup.ts:324	function	createHostileCorpus
mcp	mcp/tests/setup.ts:376	const	GUARD_KEY_NAMES
mcp	mcp/tests/setup.ts:459	function	throwOnRead
mcp	mcp/tests/setup.ts:481	function	createThrowingKeys
mcp	mcp/tests/setup.ts:494	function	buildNestedRecord
mcp	mcp/tests/setup.ts:509	function	createCalculatorServer
mcp	mcp/tests/setup.ts:533	const	MODERN_METADATA
mcp	mcp/tests/setup.ts:551	interface	TestHeaderContext
mcp	mcp/tests/setup.ts:563	const	HEADER_PROJECTION_CONTEXTS
mcp	mcp/tests/setup.ts:612	function	createHeaderProjectionRequest
mcp	mcp/tests/setup.ts:625	function	modernRequest
mcp	mcp/tests/setup.ts:630	class	MemoryResourceManager
mcp	mcp/tests/setup.ts:690	interface	MemoryTransportInterface
mcp	mcp/tests/setup.ts:704	function	createMemoryTransport
mcp	mcp/tests/setup.ts:750	interface	HostilePeerInterface
mcp	mcp/tests/setup.ts:765	function	createHostilePeer
mcp	mcp/tests/setup.ts:834	function	createSubscriptionRequest
mcp	mcp/tests/setup.ts:843	interface	TestOwnershipInterface
mcp	mcp/tests/setup.ts:872	function	probeOwnership
mcp	mcp/tests/setup.ts:900	const	OWNER_OF_LAST_RESORT_SPELLINGS
mcp	mcp/tests/setup.ts:925	function	inspectOwnerOfLastResort
mcp	mcp/tests/setup.ts:974	function	probeDuplex
mcp	mcp/tests/setup.ts:997	function	readMethods
mcp	mcp/tests/setup.ts:1015	function	createLoopbackTransport
mcp	mcp/tests/setup.ts:1046	function	postJSON
mcp	mcp/tests/setup.ts:1079	function	collectSSE
mcp	mcp/tests/setup.ts:1118	interface	ManualClockInterface
mcp	mcp/tests/setup.ts:1135	function	createManualClock
mcp	mcp/tests/setup.ts:1155	interface	TestFrame
mcp	mcp/tests/setup.ts:1163	interface	TestTransportInterface
mcp	mcp/tests/setup.ts:1184	function	createRecordingTransport
mcp	mcp/tests/setup.ts:1212	function	createTaskServer
mcp	mcp/tests/setup.ts:1223	const	TASK_CAPABILITIES
mcp	mcp/tests/setup.ts:1228	interface	TestTaskOptions
mcp	mcp/tests/setup.ts:1259	class	TestTaskManager
mcp	mcp/tests/setupBrowser.ts:10	function	buildElement
mcp	mcp/tests/setupBrowser.ts:41	function	recordPort
mcp	mcp/tests/setupBrowser.ts:51	interface	TestScopeCarrierInterface
mcp	mcp/tests/setupBrowser.ts:77	function	createScopeCarrier
mcp	mcp/tests/setupBrowser.ts:126	function	drainRecorded
mcp	mcp/tests/setupConformance.ts:43	const	CONFORMANCE_PACKAGE
mcp	mcp/tests/setupConformance.ts:46	const	CONFORMANCE_ENTRY
mcp	mcp/tests/setupConformance.ts:49	const	CONFORMANCE_SPEC
mcp	mcp/tests/setupConformance.ts:52	const	CONFORMANCE_IDENTITY
mcp	mcp/tests/setupConformance.ts:58	const	CONFORMANCE_TALLY
mcp	mcp/tests/setupConformance.ts:61	const	CONFORMANCE_TOTAL
mcp	mcp/tests/setupConformance.ts:66	interface	ConformanceScenario
mcp	mcp/tests/setupConformance.ts:76	interface	ConformanceResult
mcp	mcp/tests/setupConformance.ts:97	const	CONFORMANCE_CONTENT
mcp	mcp/tests/setupConformance.ts:129	function	buildConformanceTools
mcp	mcp/tests/setupConformance.ts:214	const	CONFORMANCE_RESOURCES
mcp	mcp/tests/setupConformance.ts:230	const	CONFORMANCE_CONTENTS
mcp	mcp/tests/setupConformance.ts:254	const	CONFORMANCE_TEMPLATE
mcp	mcp/tests/setupConformance.ts:257	const	CONFORMANCE_DESCRIPTOR
mcp	mcp/tests/setupConformance.ts:265	function	readConformanceTemplate
mcp	mcp/tests/setupConformance.ts:282	const	CONFORMANCE_PROMPTS
mcp	mcp/tests/setupConformance.ts:318	function	buildConformanceMessages
mcp	mcp/tests/setupConformance.ts:374	const	CONFORMANCE_CANDIDATES
mcp	mcp/tests/setupConformance.ts:387	const	CONFORMANCE_IDENTIFIERS
mcp	mcp/tests/setupConformance.ts:396	function	buildConformanceCompletion
mcp	mcp/tests/setupConformance.ts:414	function	buildConformanceOptions
mcp	mcp/tests/setupConformance.ts:491	function	startConformance
mcp	mcp/tests/setupConformance.ts:512	function	readConformanceRelease
mcp	mcp/tests/setupConformance.ts:537	function	resolveConformanceRunner
mcp	mcp/tests/setupConformance.ts:558	function	executeRunner
mcp	mcp/tests/setupConformance.ts:577	function	parseConformance
mcp	mcp/tests/setupConformance.ts:613	function	executeConformance
mcp	mcp/tests/setupGlobal.ts:15	interface	BrowserFixtureModuleInterface
mcp	mcp/tests/setupGlobal.ts:21	function	isBrowserFixtureModule
mcp	mcp/tests/setupGlobal.ts:31	function	setup
mcp	mcp/tests/setupServer.ts:96	function	findMissingNamedImports
mcp	mcp/tests/setupServer.ts:141	function	isIncomingMessage
mcp	mcp/tests/setupServer.ts:155	function	createRequestStub
mcp	mcp/tests/setupServer.ts:180	interface	TestStreamOptions
mcp	mcp/tests/setupServer.ts:197	interface	TestStreamInterface
mcp	mcp/tests/setupServer.ts:218	function	createStreamStub
mcp	mcp/tests/setupServer.ts:315	function	duplexPair
mcp	mcp/tests/setupServer.ts:333	function	flushSocket
mcp	mcp/tests/setupServer.ts:348	function	readClientFrames
mcp	mcp/tests/setupServer.ts:372	interface	ClientSocketInterface
mcp	mcp/tests/setupServer.ts:397	function	openClientSocket
mcp	mcp/tests/setupServer.ts:429	interface	TeardownInterface
mcp	mcp/tests/setupServer.ts:458	function	createTeardown
mcp	mcp/tests/setupServer.ts:482	interface	StartedServerInterface
mcp	mcp/tests/setupServer.ts:501	function	startServer
mcp	mcp/tests/setupServer.ts:520	type	TestResource
mcp	mcp/tests/setupServer.ts:542	function	closeResource
mcp	mcp/tests/setupServer.ts:556	interface	UpgradeOutcome
mcp	mcp/tests/setupServer.ts:583	function	upgradeRequest
mcp	mcp/tests/setupServer.ts:644	function	createClockMiddleware
mcp	mcp/tests/setupServer.ts:666	function	createDelayMiddleware
mcp	mcp/tests/setupServer.ts:685	interface	TestUpgradeInterface
mcp	mcp/tests/setupServer.ts:696	interface	TestUpgradeOptions
mcp	mcp/tests/setupServer.ts:725	function	startUpgradeServer
middleware	middleware/tests/setup.ts:14	const	TEST_BODY_LIMIT
middleware	middleware/tests/setup.ts:29	function	buildRequest
middleware	middleware/tests/setup.ts:49	function	createTestContext
middleware	middleware/tests/setup.ts:67	const	ECHO_MARKER
middleware	middleware/tests/setup.ts:82	function	createEchoTerminal
middleware	middleware/tests/setup.ts:89	interface	RecordingTerminalInterface
middleware	middleware/tests/setup.ts:113	function	createRecordingTerminal
middleware	middleware/tests/setup.ts:130	interface	RecordingNextInterface
middleware	middleware/tests/setup.ts:152	function	createRecordingNext
middleware	middleware/tests/setup.ts:186	function	runChain
middleware	middleware/tests/setup.ts:196	interface	ManualClockInterface
middleware	middleware/tests/setup.ts:217	function	createManualClock
middleware	middleware/tests/setupServer.ts:18	const	PNG_MAGIC
middleware	middleware/tests/setupServer.ts:21	const	JPEG_MAGIC
middleware	middleware/tests/setupServer.ts:24	interface	AssetSourceFixtureInterface
middleware	middleware/tests/setupServer.ts:36	function	createAssetSource
middleware	middleware/tests/setupServer.ts:55	interface	StaticFixtureInterface
middleware	middleware/tests/setupServer.ts:88	function	buildStaticFixture
middleware	middleware/tests/setupServer.ts:123	interface	SymlinkFixtureInterface
middleware	middleware/tests/setupServer.ts:150	function	buildSymlinkFixture
middleware	middleware/tests/setupServer.ts:178	interface	DirectoryIndexFixtureInterface
middleware	middleware/tests/setupServer.ts:202	function	buildDirectoryIndexFixture
middleware	middleware/tests/setupServer.ts:220	interface	CancelTrackingRequestInterface
middleware	middleware/tests/setupServer.ts:247	function	buildCancelTrackingMultipartRequest
middleware	middleware/tests/setupServer.ts:282	type	MultipartPartInput
middleware	middleware/tests/setupServer.ts:310	function	buildMultipartBody
middleware	middleware/tests/setupServer.ts:360	function	buildMultipartRequest
msg	msg/tests/setup.ts:15	function	asciiBytes
msg	msg/tests/setup.ts:27	function	patchBytes
msg	msg/tests/setup.ts:41	function	buildEml
msg	msg/tests/setup.ts:56	function	buildNestedMultipart
msg	msg/tests/setup.ts:68	function	isBrowserVuePath
ndjson	ndjson/tests/setup.ts:21	const	LF
ndjson	ndjson/tests/setup.ts:22	const	CR
ndjson	ndjson/tests/setup.ts:23	const	TAB
ndjson	ndjson/tests/setup.ts:24	const	FF
ndjson	ndjson/tests/setup.ts:25	const	VT
ndjson	ndjson/tests/setup.ts:26	const	BACKSLASH
ndjson	ndjson/tests/setup.ts:34	function	feedAll
ndjson	ndjson/tests/setup.ts:49	function	chunkings
ndjson	ndjson/tests/setup.ts:73	function	partition
ndjson	ndjson/tests/setup.ts:86	function	isBrowserVuePath
ollama	ollama/tests/setup.ts:19	function	createUserMessage
ollama	ollama/tests/setup.ts:42	function	buildTurns
ollama	ollama/tests/setup.ts:63	const	THROWING_SUMMARIZER_MESSAGE
ollama	ollama/tests/setup.ts:73	function	createThrowingSummarizer
ollama	ollama/tests/setup.ts:88	interface	FillWorkspaceOptions
ollama	ollama/tests/setup.ts:116	function	fillWorkspace
ollama	ollama/tests/setupServer.ts:18	const	WEATHER_TOOL
ollama	ollama/tests/setupServer.ts:29	function	flattenHeaders
ollama	ollama/tests/setupServer.ts:38	interface	RecordedRequest
ollama	ollama/tests/setupServer.ts:46	interface	RecordingProxyInterface
ollama	ollama/tests/setupServer.ts:53	function	parseRequestBody
ollama	ollama/tests/setupServer.ts:63	interface	WireMessage
ollama	ollama/tests/setupServer.ts:70	function	isWireMessage
ollama	ollama/tests/setupServer.ts:76	function	wireMessages
ollama	ollama/tests/setupServer.ts:82	function	wireText
ollama	ollama/tests/setupServer.ts:89	interface	WireTool
ollama	ollama/tests/setupServer.ts:96	function	isWireTool
ollama	ollama/tests/setupServer.ts:101	function	wireTools
ollama	ollama/tests/setupServer.ts:107	function	systemText
ollama	ollama/tests/setupServer.ts:113	function	forwardHeaders
ollama	ollama/tests/setupServer.ts:121	function	isAbortError
ollama	ollama/tests/setupServer.ts:126	const	REFUSED_TRANSPORT_MESSAGE
ollama	ollama/tests/setupServer.ts:129	interface	RefusingTransportInterface
ollama	ollama/tests/setupServer.ts:145	function	createRefusingTransport
ollama	ollama/tests/setupServer.ts:165	function	createRecordingProxy
ollama	ollama/tests/setupServer.ts:215	function	waitForRequest
ollama	ollama/tests/setupServer.ts:232	function	drive
ollama	ollama/tests/setupServer.ts:248	function	env
ollama	ollama/tests/setupServer.ts:263	function	withScheme
ollama	ollama/tests/setupServer.ts:268	interface	DrivenTool
ollama	ollama/tests/setupServer.ts:274	function	driveAgent
ollama	ollama/tests/setupServer.ts:296	function	createScriptedAgentStream
ollama	ollama/tests/setupServer.ts:310	const	LOOKUP_DATUM
ollama	ollama/tests/setupServer.ts:313	function	createLookupTool
ollama	ollama/tests/setupServer.ts:332	const	THROWING_TOOL_MESSAGE
ollama	ollama/tests/setupServer.ts:335	function	createThrowingTool
ollama	ollama/tests/setupServer.ts:350	const	INSATIABLE_TOOL_CHUNKS
ollama	ollama/tests/setupServer.ts:353	function	insatiableResult
ollama	ollama/tests/setupServer.ts:358	function	createInsatiableTool
ollama	ollama/tests/setupService.ts:7	const	OLLAMA_CONFIG
ollama	ollama/tests/setupService.ts:13	interface	LiveProviderOptions
ollama	ollama/tests/setupService.ts:28	function	createLiveOllama
ollama	ollama/tests/setupService.ts:48	function	createLiveSummarizer
ollama	ollama/tests/setupService.ts:78	function	isOllamaReady
ollama	ollama/tests/setupService.ts:103	function	warmOllama
ollama	ollama/tests/setupService.ts:134	const	FAST_OPTIONS
ollama	ollama/tests/setupService.ts:137	const	STREAM_OPTIONS
ollama	ollama/tests/setupService.ts:140	const	TOOL_OPTIONS
ollama	ollama/tests/setupService.ts:143	const	ABORT_OPTIONS
ollama	ollama/tests/setupService.ts:146	const	SEED_OPTIONS
ollama	ollama/tests/setupService.ts:149	const	THINK_OPTIONS
ollama	ollama/tests/setupService.ts:152	const	ATTEMPTS
ollama	ollama/tests/setupService.ts:164	function	retryUntil
ollama	ollama/tests/setupService.ts:182	const	TOOL_LOOP_OPTIONS
pool	pool/tests/setup.ts:14	type	EmitterRecorders
pool	pool/tests/setup.ts:31	function	recordEmitterEvents
pool	pool/tests/setup.ts:65	function	isTotal
pool	pool/tests/setup.ts:78	interface	ResourceFactoryInterface
pool	pool/tests/setup.ts:97	function	createResourceFactory
probe	probe/tests/setupServer.ts:38	const	REFUSED_RUNTIME_TARGETS
probe	probe/tests/setupServer.ts:64	const	DIRECTORY_LINKS
process	process/tests/setup.ts:31	function	waitForCondition
process	process/tests/setupServer.ts:9	function	resolveChildFixture
process	process/tests/setupServer.ts:20	function	childCommand
program	program/tests/setup.ts:331	function	createFixedQualifier
program	program/tests/setup.ts:349	function	createFixedRater
program	program/tests/setup.ts:364	function	createFixedEngine
program	program/tests/setup.ts:368	function	createQualificationResultClass
program	program/tests/setup.ts:372	function	createMalformedQualificationResult
program	program/tests/setup.ts:376	function	createMalformedRatingResult
program	program/tests/setup.ts:380	function	createMalformedLogicalResult
program	program/tests/setup.ts:384	function	createResultClass
program	program/tests/setup.ts:388	interface	RecordingRaterCall
program	program/tests/setup.ts:393	interface	RecordingRaterInterface
program	program/tests/setup.ts:399	function	createRecordingRater
program	program/tests/setup.ts:429	function	isSubjectArray
program	program/tests/setup.ts:433	interface	RecordingEngineInterface
program	program/tests/setup.ts:437	function	createRecordingEngine
program	program/tests/setup.ts:487	interface	EventRecorderInterface
program	program/tests/setup.ts:492	function	recordEvents
program	program/tests/setup.ts:518	const	baseRate
program	program/tests/setup.ts:522	const	baseLine
program	program/tests/setup.ts:524	const	standardRating
program	program/tests/setup.ts:526	const	standardQualification
program	program/tests/setup.ts:539	const	standardProgramDefinition
program	program/tests/setup.ts:546	const	eligibleSubject
program	program/tests/setup.ts:548	const	ineligibleSubject
program	program/tests/setup.ts:563	const	referralProgramDefinition
program	program/tests/setup.ts:570	const	referralSubject
program	program/tests/setup.ts:584	const	scopedProgramDefinition
program	program/tests/setup.ts:601	const	frameSubject
program	program/tests/setup.ts:607	const	coastalReferralSubject
program	program/tests/setup.ts:613	const	failedQualificationProgramDefinition
program	program/tests/setup.ts:637	const	conditionalProgramDefinition
program	program/tests/setup.ts:644	const	conditionalSubject
program	program/tests/setup.ts:646	const	emptyLinesProgramDefinition
program	program/tests/setup.ts:653	const	emptyCollectionsProgramDefinition
program	program/tests/setup.ts:660	const	noticeProgramDefinition
program	program/tests/setup.ts:670	function	buildAuthorityProgram
program	program/tests/setup.ts:682	const	conditionalAuthority
program	program/tests/setup.ts:694	const	cleanAuthority
program	program/tests/setup.ts:698	const	scopedReferralProgramDefinition
program	program/tests/setup.ts:721	const	unratedAuthority
program	program/tests/setup.ts:730	const	batchAggregateProgramDefinition
program	program/tests/setup.ts:740	const	batchSubjects
program	program/tests/setup.ts:746	function	buildAggregateGateProgram
program	program/tests/setup.ts:766	function	buildCarrierProgram
program	program/tests/setup.ts:798	function	cloneSubject
program	program/tests/setup.ts:807	function	createQuantOnlyEngine
program	program/tests/setup.ts:821	function	buildBrokenLogicalDefinition
program	program/tests/setup.ts:827	const	zeroPassQualification
program	program/tests/setup.ts:833	const	brokenAggregateGateProgramDefinition
program	program/tests/setup.ts:845	const	brokenAuthorityProgramDefinition
program	program/tests/setup.ts:854	const	eligibilityOnlyProgramDefinition
program	program/tests/setup.ts:861	const	eligibilityOnlyConditionalProgramDefinition
program	program/tests/setup.ts:868	const	eligibilityOnlyReferralProgramDefinition
program	program/tests/setup.ts:875	const	eligibilityOnlyWithAuthorityProgramDefinition
program	program/tests/setup.ts:884	function	buildEligibilityOnlyNoticeMissingScopeDefinition
program	program/tests/setup.ts:894	const	eligibilityOnlyBatchSubjects
program	program/tests/setup.ts:897	const	failedQualificationWithAuthorityProgramDefinition
program	program/tests/setup.ts:909	const	allLinesScopedOutProgramDefinition
program	program/tests/setup.ts:936	function	buildLargeBatch
program	program/tests/setup.ts:946	const	sharedIdBatchSubjects
program	program/tests/setup.ts:952	function	buildHostileSubject
program	program/tests/setup.ts:959	function	isBrowserVuePath
qualifier	qualifier/tests/setup.ts:24	function	buildCyclicRecord
qualifier	qualifier/tests/setup.ts:31	function	buildDeepRecord
qualifier	qualifier/tests/setup.ts:40	function	buildHostileRecord
qualifier	qualifier/tests/setup.ts:48	function	buildGatesDefinition
qualifier	qualifier/tests/setup.ts:62	function	buildReferralDefinition
qualifier	qualifier/tests/setup.ts:76	function	buildCapExcessGatesDefinition
qualifier	qualifier/tests/setup.ts:101	function	buildScopedWindDefinition
qualifier	qualifier/tests/setup.ts:116	function	buildConditionDefinition
qualifier	qualifier/tests/setup.ts:131	function	buildEvidenceSnapshotDefinition
qualifier	qualifier/tests/setup.ts:152	function	buildContinuingLogicalDefinition
qualifier	qualifier/tests/setup.ts:165	function	createFailingEngine
qualifier	qualifier/tests/setup.ts:199	function	isBrowserVuePath
queue	queue/tests/setup.ts:14	type	EmitterRecorders
queue	queue/tests/setup.ts:31	function	recordEmitterEvents
queue	queue/tests/setup.ts:65	function	isTotal
rater	rater/tests/setup.ts:36	interface	TestTotalRecorderInterface
rater	rater/tests/setup.ts:43	function	createTotalRecorder
rater	rater/tests/setup.ts:64	function	invokeRaw
rater	rater/tests/setup.ts:70	function	deepFreeze
rater	rater/tests/setup.ts:83	const	EXTREME_NUMBERS
rater	rater/tests/setup.ts:95	function	createSubject
rater	rater/tests/setup.ts:100	function	createStaticRate
rater	rater/tests/setup.ts:107	function	createLine
rater	rater/tests/setup.ts:112	function	createQuoteRate
rater	rater/tests/setup.ts:122	function	createLookupFailureLine
rater	rater/tests/setup.ts:135	function	createCheckFailureLine
rater	rater/tests/setup.ts:148	function	createEngine
rater	rater/tests/setup.ts:163	function	createStubEngine
rater	rater/tests/setup.ts:182	function	createWorksheet
rater	rater/tests/setup.ts:198	function	createLineResult
reason	reason/tests/setup.ts:30	type	EmitterRecorders
reason	reason/tests/setup.ts:47	function	recordEmitterEvents
reason	reason/tests/setup.ts:81	function	isTotal
reason	reason/tests/setup.ts:95	function	expectQuantitative
reason	reason/tests/setup.ts:112	function	expectLogical
reason	reason/tests/setup.ts:127	function	expectSymbolic
reason	reason/tests/setup.ts:142	function	expectInferential
reason	reason/tests/setup.ts:166	function	deepFreeze
reason	reason/tests/setup.ts:186	const	BASIC_SUBJECT
reason	reason/tests/setup.ts:199	const	NESTED_SUBJECT
reason	reason/tests/setup.ts:209	const	DRIVER_SUBJECT
reason	reason/tests/setup.ts:225	function	buildStaticDefinition
reason	reason/tests/setup.ts:239	function	createThrowingReasoner
reason	reason/tests/setup.ts:269	function	invokeRaw
reason	reason/tests/setup.ts:288	function	runTwice
reason	reason/tests/setup.ts:302	function	sequence
reason	reason/tests/setup.ts:316	function	repeatValue
reason	reason/tests/setup.ts:327	const	EXTREME_NUMBERS
reason	reason/tests/setup.ts:352	const	TRICKY_KEYS
reason	reason/tests/setup.ts:377	function	sparse
reason	reason/tests/setup.ts:395	function	deepCompound
reason	reason/tests/setup.ts:415	function	deepAddition
reason	reason/tests/setup.ts:438	const	INTEGER_KEY_SUBJECT
reason	reason/tests/setup.ts:448	const	ADVERSARIAL_SYMBOL_KEY
reason	reason/tests/setup.ts:459	const	ADVERSARIAL_VALUE_SUBJECT
reason	reason/tests/setup.ts:476	function	buildSubjects
relation	relation/tests/setup.ts:15	type	EmitterRecorders
relation	relation/tests/setup.ts:32	function	recordEmitterEvents
relation	relation/tests/setup.ts:62	function	isTotal
relation	relation/tests/setup.ts:75	const	INTEGRATION_TABLES
relation	relation/tests/setup.ts:81	const	INTEGRATION_RELATIONS
relation	relation/tests/setup.ts:86	function	isBrowserVuePath
relation	relation/tests/setup.ts:94	class	FaultDriver
router	router/tests/setup.ts:19	interface	TestBodyInterface
router	router/tests/setup.ts:31	function	createTestBody
router	router/tests/setupBrowser.ts:18	function	drainNavigators
router	router/tests/setupBrowser.ts:27	function	settleHash
router	router/tests/setupBrowser.ts:39	function	setHash
router	router/tests/setupBrowser.ts:52	function	settleHistory
router	router/tests/setupBrowser.ts:66	function	createAnchor
router	router/tests/setupBrowser.ts:89	function	click
router	router/tests/setupBrowser.ts:129	function	safeClick
router	router/tests/setupServer.ts:13	const	WORKSPACE_ROOT
router	router/tests/setupServer.ts:16	interface	TestServerInterface
router	router/tests/setupServer.ts:23	interface	PausedResponseInterface
router	router/tests/setupServer.ts:30	interface	ResponseListenerSnapshot
router	router/tests/setupServer.ts:59	function	startServer
router	router/tests/setupServer.ts:76	function	startPausedResponse
router	router/tests/setupServer.ts:102	function	countResponseListeners
scaffold	scaffold/tests/setup.ts:82	interface	TestHostileCase
scaffold	scaffold/tests/setup.ts:96	interface	TestGuardCase
scaffold	scaffold/tests/setup.ts:104	interface	TestParserCase
scaffold	scaffold/tests/setup.ts:113	interface	TestPathCase
scaffold	scaffold/tests/setup.ts:126	interface	TestUnionCase
scaffold	scaffold/tests/setup.ts:134	interface	TestPurityCase
scaffold	scaffold/tests/setup.ts:141	interface	TestRangeCase
scaffold	scaffold/tests/setup.ts:154	class	TestSample
scaffold	scaffold/tests/setup.ts:177	function	buildBlueprint
scaffold	scaffold/tests/setup.ts:209	function	buildDependency
scaffold	scaffold/tests/setup.ts:219	function	buildOverride
scaffold	scaffold/tests/setup.ts:229	function	buildQuestion
scaffold	scaffold/tests/setup.ts:239	function	buildHostArtifact
scaffold	scaffold/tests/setup.ts:249	function	buildHydratedArtifact
scaffold	scaffold/tests/setup.ts:266	function	buildContentArtifact
scaffold	scaffold/tests/setup.ts:283	function	buildPlan
scaffold	scaffold/tests/setup.ts:297	function	buildSnapshot
scaffold	scaffold/tests/setup.ts:306	function	buildFinding
scaffold	scaffold/tests/setup.ts:315	function	buildAudit
scaffold	scaffold/tests/setup.ts:324	function	buildHooks
scaffold	scaffold/tests/setup.ts:333	function	buildCompilerOptions
scaffold	scaffold/tests/setup.ts:338	const	THROWING_KEYS_TRAP
scaffold	scaffold/tests/setup.ts:345	const	THROWING_GET_TRAP
scaffold	scaffold/tests/setup.ts:352	const	THROWING_PROTOTYPE_TRAP
scaffold	scaffold/tests/setup.ts:359	const	THROWING_ACCESSOR_DESCRIPTOR
scaffold	scaffold/tests/setup.ts:368	const	BENIGN_ACCESSOR_DESCRIPTOR
scaffold	scaffold/tests/setup.ts:386	const	BROWSER_RESOLVER_EXPORTS
scaffold	scaffold/tests/setup.ts:403	const	MANIFEST_SAMPLE
scaffold	scaffold/tests/setup.ts:418	function	buildHostileCases
scaffold	scaffold/tests/setup.ts:469	function	selectHostileCase
scaffold	scaffold/tests/setup.ts:488	function	readKeyCount
scaffold	scaffold/tests/setup.ts:497	function	buildGuardCases
scaffold	scaffold/tests/setup.ts:632	function	buildParserCases
scaffold	scaffold/tests/setup.ts:670	function	buildUnionCases
scaffold	scaffold/tests/setup.ts:786	function	buildPurityCases
scaffold	scaffold/tests/setup.ts:833	const	PATH_CASES
scaffold	scaffold/tests/setup.ts:857	const	RANGE_CASES
scaffold	scaffold/tests/setupServer.ts:84	interface	TestWorkspaceInterface
scaffold	scaffold/tests/setupServer.ts:102	interface	TestCommandCase
scaffold	scaffold/tests/setupServer.ts:116	interface	TestUsageCase
scaffold	scaffold/tests/setupServer.ts:130	interface	TestAuditCase
scaffold	scaffold/tests/setupServer.ts:137	interface	TestBoundaryCase
scaffold	scaffold/tests/setupServer.ts:145	interface	TestMatchCase
scaffold	scaffold/tests/setupServer.ts:152	interface	TestStorageCase
scaffold	scaffold/tests/setupServer.ts:159	interface	TestDigestCase
scaffold	scaffold/tests/setupServer.ts:166	interface	TestEndpointCase
scaffold	scaffold/tests/setupServer.ts:183	interface	TestUpstreamReply
scaffold	scaffold/tests/setupServer.ts:203	interface	TestPackumentEdges
scaffold	scaffold/tests/setupServer.ts:221	interface	TestUpstreamInterface
scaffold	scaffold/tests/setupServer.ts:238	const	WORKSPACE_ROOT
scaffold	scaffold/tests/setupServer.ts:258	function	detectCaseFolding
scaffold	scaffold/tests/setupServer.ts:284	function	listExecutablePaths
scaffold	scaffold/tests/setupServer.ts:309	const	CASE_FOLDING
scaffold	scaffold/tests/setupServer.ts:332	function	createWorkspace
scaffold	scaffold/tests/setupServer.ts:370	function	buildManifestEntry
scaffold	scaffold/tests/setupServer.ts:380	function	buildHostManifest
scaffold	scaffold/tests/setupServer.ts:402	function	buildRepository
scaffold	scaffold/tests/setupServer.ts:412	function	buildMaterializerOptions
scaffold	scaffold/tests/setupServer.ts:428	function	buildUpstreamOptions
scaffold	scaffold/tests/setupServer.ts:456	function	buildServerGuardCases
scaffold	scaffold/tests/setupServer.ts:582	const	FILESYSTEM_PATH_CASES
scaffold	scaffold/tests/setupServer.ts:645	function	buildBoundaryCases
scaffold	scaffold/tests/setupServer.ts:843	function	readErrorCode
scaffold	scaffold/tests/setupServer.ts:859	function	readErrorMessage
scaffold	scaffold/tests/setupServer.ts:880	function	buildStagedManifest
scaffold	scaffold/tests/setupServer.ts:908	function	createHostRoot
scaffold	scaffold/tests/setupServer.ts:932	function	createStagedHost
scaffold	scaffold/tests/setupServer.ts:948	const	DIGEST_CASES
scaffold	scaffold/tests/setupServer.ts:972	const	GIT_PATH_CASES
scaffold	scaffold/tests/setupServer.ts:986	const	PROTECTED_PATH_CASES
scaffold	scaffold/tests/setupServer.ts:1005	const	SENSITIVE_PATH_CASES
scaffold	scaffold/tests/setupServer.ts:1040	function	buildVendoredManifest
scaffold	scaffold/tests/setupServer.ts:1079	const	HOSTILE_ARGUMENT
scaffold	scaffold/tests/setupServer.ts:1082	const	HOSTILE_BYTES
scaffold	scaffold/tests/setupServer.ts:1096	function	createRepository
scaffold	scaffold/tests/setupServer.ts:1109	interface	TestSinkInterface
scaffold	scaffold/tests/setupServer.ts:1127	function	createSink
scaffold	scaffold/tests/setupServer.ts:1154	const	HOST_DIRECTORY_PATHS
scaffold	scaffold/tests/setupServer.ts:1177	function	buildFleetManifest
scaffold	scaffold/tests/setupServer.ts:1210	function	createCheckout
scaffold	scaffold/tests/setupServer.ts:1236	function	buildCheckoutManifest
scaffold	scaffold/tests/setupServer.ts:1281	function	createFleet
scaffold	scaffold/tests/setupServer.ts:1310	function	createCatalogFleet
scaffold	scaffold/tests/setupServer.ts:1333	function	trackFiles
scaffold	scaffold/tests/setupServer.ts:1347	const	CORE_GENERATED
scaffold	scaffold/tests/setupServer.ts:1352	const	CORE_GENERATED_COUNT
scaffold	scaffold/tests/setupServer.ts:1369	const	FLEET_ARTIFACT_COUNT
scaffold	scaffold/tests/setupServer.ts:1383	function	matchesVacantRoot
scaffold	scaffold/tests/setupServer.ts:1398	const	FLEET_WRITE_COUNT
scaffold	scaffold/tests/setupServer.ts:1411	const	FLEET_BIRTH_PATHS
scaffold	scaffold/tests/setupServer.ts:1416	const	FLEET_BIRTH_COUNT
scaffold	scaffold/tests/setupServer.ts:1429	function	buildVendoredPlan
scaffold	scaffold/tests/setupServer.ts:1455	function	buildCompiledPlan
scaffold	scaffold/tests/setupServer.ts:1482	function	buildTargetAudit
scaffold	scaffold/tests/setupServer.ts:1513	const	CATALOG_AGENT_TEXT
scaffold	scaffold/tests/setupServer.ts:1528	const	TARGET_DEV_DEPENDENCIES
scaffold	scaffold/tests/setupServer.ts:1541	function	buildTargetManifest
scaffold	scaffold/tests/setupServer.ts:1570	function	omitDependencies
scaffold	scaffold/tests/setupServer.ts:1578	const	TARGET_MANIFEST_TEXT
scaffold	scaffold/tests/setupServer.ts:1595	const	REFUSED_MANIFEST_TEXT
scaffold	scaffold/tests/setupServer.ts:1616	const	UPSTREAM_ENDPOINT_CASES
scaffold	scaffold/tests/setupServer.ts:1670	function	buildPackument
scaffold	scaffold/tests/setupServer.ts:1691	function	buildOrganization
scaffold	scaffold/tests/setupServer.ts:1706	function	writeUpstreamReply
scaffold	scaffold/tests/setupServer.ts:1742	function	createUpstreamServer
scaffold	scaffold/tests/setupServer.ts:1806	const	UPSTREAM_PATHS
scaffold	scaffold/tests/setupServer.ts:1832	const	FLEET_UPSTREAM_PATHS
scaffold	scaffold/tests/setupServer.ts:1866	function	buildCLIOptions
scaffold	scaffold/tests/setupServer.ts:1882	function	readRejectionCode
scaffold	scaffold/tests/setupServer.ts:1894	const	STORAGE_PATH_CASES
scaffold	scaffold/tests/setupServer.ts:1913	const	COMMAND_CASES
scaffold	scaffold/tests/setupServer.ts:2003	const	USAGE_CASES
scaffold	scaffold/tests/setupServer.ts:2043	const	AUDIT_EXIT_CASES
scaffold	scaffold/tests/setupServer.ts:2102	function	buildOptionArgv
scsr	scsr/tests/setup.ts:68	const	UUID_PATTERN
scsr	scsr/tests/setup.ts:83	const	OLLAMA_CONFIG
scsr	scsr/tests/setup.ts:89	const	DRIVER_TABLE_DEF
scsr	scsr/tests/setup.ts:97	const	DRIVER_ALICE
scsr	scsr/tests/setup.ts:98	const	DRIVER_BOB
scsr	scsr/tests/setup.ts:99	const	DRIVER_CAROL
scsr	scsr/tests/setup.ts:117	function	isOllamaAvailable
scsr	scsr/tests/setup.ts:140	function	createTestAgentProvider
scsr	scsr/tests/setup.ts:174	function	createTestAgentDatabase
scsr	scsr/tests/setup.ts:186	function	createTestAgentRelations
scsr	scsr/tests/setup.ts:192	function	createTestAgentDependencies
scsr	scsr/tests/setup.ts:206	function	createEchoTool
scsr	scsr/tests/setup.ts:226	function	makeTool
scsr	scsr/tests/setup.ts:239	function	makeCall
scsr	scsr/tests/setup.ts:256	function	expectSuccess
scsr	scsr/tests/setup.ts:269	function	expectFailure
scsr	scsr/tests/setup.ts:279	function	entryState
scsr	scsr/tests/setup.ts:304	const	emptySubject
scsr	scsr/tests/setup.ts:309	const	basicSubject
scsr	scsr/tests/setup.ts:321	const	nestedSubject
scsr	scsr/tests/setup.ts:330	const	driverSubject
scsr	scsr/tests/setup.ts:339	const	ageGte18
scsr	scsr/tests/setup.ts:341	const	scoreGt50
scsr	scsr/tests/setup.ts:343	const	nameEqualsAlice
scsr	scsr/tests/setup.ts:348	const	evaluator
scsr	scsr/tests/setup.ts:353	const	transformer
scsr	scsr/tests/setup.ts:358	const	aggregator
scsr	scsr/tests/setup.ts:363	const	quantitativeReasoner
scsr	scsr/tests/setup.ts:364	const	logicalReasoner
scsr	scsr/tests/setup.ts:365	const	symbolicReasoner
scsr	scsr/tests/setup.ts:366	const	inferentialReasoner
scsr	scsr/tests/setup.ts:373	function	quantitativeDef
scsr	scsr/tests/setup.ts:401	function	logicalDef
scsr	scsr/tests/setup.ts:425	function	symbolicDef
scsr	scsr/tests/setup.ts:447	function	inferentialDef
scsr	scsr/tests/setup.ts:473	function	staticFactor
scsr	scsr/tests/setup.ts:508	function	fieldFactor
scsr	scsr/tests/setup.ts:543	function	group
scsr	scsr/tests/setup.ts:572	function	sumGroup
scsr	scsr/tests/setup.ts:600	function	productGroup
scsr	scsr/tests/setup.ts:630	function	simpleRule
scsr	scsr/tests/setup.ts:674	function	expectQuantitative
scsr	scsr/tests/setup.ts:688	function	expectLogical
scsr	scsr/tests/setup.ts:702	function	expectSymbolic
scsr	scsr/tests/setup.ts:716	function	expectInferential
scsr	scsr/tests/setup.ts:731	const	simpleQuantDef
scsr	scsr/tests/setup.ts:761	function	testTemplate
scsr	scsr/tests/setup.ts:790	function	expectBatch
scsr	scsr/tests/setup.ts:800	function	toRecord
scsr	scsr/tests/setup.ts:812	function	toArray
scsr	scsr/tests/setup.ts:817	function	parseToolContent
scsr	scsr/tests/setup.ts:830	function	validateSchema
scsr	scsr/tests/setup.ts:876	function	createTestManager
scsr	scsr/tests/setup.ts:889	function	msg
scsr	scsr/tests/setup.ts:896	function	greetingTemplate
scsr	scsr/tests/setup.ts:909	function	fullTemplate
scsr	scsr/tests/setupBrowser.ts:26	function	withBootstrap
scsr	scsr/tests/setupBrowser.ts:58	function	mountComponent
scsr	scsr/tests/setupBrowser.ts:94	function	createBrowserController
scsr	scsr/tests/setupBrowser.ts:116	function	createApiFetch
scsr	scsr/tests/setupBrowser.ts:126	function	flushPromises
scsr	scsr/tests/setupBrowser.ts:148	function	blockLocalStorageRead
scsr	scsr/tests/setupBrowser.ts:154	function	blockLocalStorageWrite
scsr	scsr/tests/setupBrowser.ts:160	function	waitForCondition
scsr	scsr/tests/setupBrowser.ts:177	function	waitForStream
scsr	scsr/tests/setupBrowser.ts:191	function	writeSse
scsr	scsr/tests/setupBrowser.ts:198	function	waitForBootstrap
scsr	scsr/tests/setupBrowser.ts:208	function	dispatchBootstrapEvent
scsr	scsr/tests/setupBrowser.ts:214	function	dispatchCarouselEvent
scsr	scsr/tests/setupBrowser.ts:221	function	createBootstrapElement
scsr	scsr/tests/setupBrowser.ts:233	function	createAlertElement
scsr	scsr/tests/setupBrowser.ts:249	function	createCollapseElement
scsr	scsr/tests/setupBrowser.ts:253	function	createDropdownElements
scsr	scsr/tests/setupBrowser.ts:270	function	createModalElement
scsr	scsr/tests/setupBrowser.ts:282	function	createOffcanvasElement
scsr	scsr/tests/setupBrowser.ts:291	function	createPopoverElement
scsr	scsr/tests/setupBrowser.ts:297	function	createTooltipElement
scsr	scsr/tests/setupBrowser.ts:303	function	createToastElement
scsr	scsr/tests/setupBrowser.ts:311	function	createCarouselElements
scsr	scsr/tests/setupBrowser.ts:337	function	createScrollSpyElements
scsr	scsr/tests/setupBrowser.ts:360	function	createTabElements
scsr	scsr/tests/setupBrowser.ts:408	type	DatabaseTestSchema
scsr	scsr/tests/setupBrowser.ts:417	type	TTLTestSchema
scsr	scsr/tests/setupBrowser.ts:423	const	USER_ALICE
scsr	scsr/tests/setupBrowser.ts:424	const	USER_BOB
scsr	scsr/tests/setupBrowser.ts:425	const	USER_CAROL
scsr	scsr/tests/setupBrowser.ts:430	const	PERSON_ALICE
scsr	scsr/tests/setupBrowser.ts:452	function	cleanupTrackedDatabases
scsr	scsr/tests/setupBrowser.ts:471	function	openNativeDatabase
scsr	scsr/tests/setupBrowser.ts:499	function	openPeopleDatabase
scsr	scsr/tests/setupBrowser.ts:520	function	uniqueDatabaseName
scsr	scsr/tests/setupBrowser.ts:526	function	createTestDatabase
scsr	scsr/tests/setupBrowser.ts:545	function	createTestDriver
scsr	scsr/tests/setupBrowser.ts:556	function	createTTLDatabase
scsr	scsr/tests/setupBrowser.ts:567	function	seedUsers
scsr	scsr/tests/setupBrowser.ts:575	function	seed
scsr	scsr/tests/setupServer.ts:69	type	TestSchema
scsr	scsr/tests/setupServer.ts:74	const	TEST_TABLES
scsr	scsr/tests/setupServer.ts:101	const	ALICE
scsr	scsr/tests/setupServer.ts:102	const	BOB
scsr	scsr/tests/setupServer.ts:103	const	CAROL
scsr	scsr/tests/setupServer.ts:110	function	createTestDatabase
scsr	scsr/tests/setupServer.ts:123	function	seed
scsr	scsr/tests/setupServer.ts:134	function	createTestSqliteDriver
scsr	scsr/tests/setupServer.ts:149	function	allocatePort
scsr	scsr/tests/setupServer.ts:153	function	createTempPath
scsr	scsr/tests/setupServer.ts:158	function	createTempTreePath
scsr	scsr/tests/setupServer.ts:163	function	destroyPath
scsr	scsr/tests/setupServer.ts:177	function	createIncomingMessage
scsr	scsr/tests/setupServer.ts:207	function	createServerResponse
scsr	scsr/tests/setupServer.ts:261	function	responseBody
scsr	scsr/tests/setupServer.ts:269	function	responseStatus
scsr	scsr/tests/setupServer.ts:289	function	responseRecord
scsr	scsr/tests/setupServer.ts:297	function	responseList
scsr	scsr/tests/setupServer.ts:316	function	responseHeaders
scsr	scsr/tests/setupServer.ts:327	function	createTestServer
scsr	scsr/tests/setupServer.ts:337	function	createHandlerContext
scsr	scsr/tests/setupServer.ts:354	function	createAppRouteContext
scsr	scsr/tests/setupServer.ts:372	function	withAppContext
scsr	scsr/tests/setupServer.ts:387	function	seedAccount
scsr	scsr/tests/setupServer.ts:405	function	seedLocation
scsr	scsr/tests/setupServer.ts:411	function	seedPolicy
scsr	scsr/tests/setupServer.ts:429	function	seedSubmission
scsr	scsr/tests/setupServer.ts:435	function	seedQuote
scsr	scsr/tests/setupServer.ts:441	function	seedRepresentative
scsr	scsr/tests/setupServer.ts:458	function	createTestSession
scsr	scsr/tests/setupServer.ts:473	function	createTestFile
scsr	scsr/tests/setupServer.ts:487	type	RelationSchema
scsr	scsr/tests/setupServer.ts:561	const	ACCOUNT_ACME
scsr	scsr/tests/setupServer.ts:562	const	ACCOUNT_GLOBEX
scsr	scsr/tests/setupServer.ts:564	const	CONTACT_JOHN
scsr	scsr/tests/setupServer.ts:566	const	CONTACT_MIKE
scsr	scsr/tests/setupServer.ts:568	const	SUBMISSION_ONE
scsr	scsr/tests/setupServer.ts:569	const	SUBMISSION_TWO
scsr	scsr/tests/setupServer.ts:600	function	createRelationDatabase
scsr	scsr/tests/setupServer.ts:610	function	seedRelations
scsr	scsr/tests/setupServer.ts:622	function	createRelationTestManager
scsr	scsr/tests/setupServer.ts:679	function	launchTestBrowser
scsr	scsr/tests/setupServer.ts:695	function	createTestContext
scsr	scsr/tests/setupServer.ts:713	function	jsonRpcRequest
scsr	scsr/tests/setupServer.ts:727	function	jsonRpcNotification
scsr	scsr/tests/setupServer.ts:737	interface	TestDir
scsr	scsr/tests/setupServer.ts:748	function	createTestDir
scsr	scsr/tests/setupServer.ts:757	function	destroyTestDir
scsr	scsr/tests/setupServer.ts:768	function	withTestDir
scsr	scsr/tests/setupServer.ts:781	function	createSealOptions
scsr	scsr/tests/setupServer.ts:791	function	createInjectorOptions
scsr	scsr/tests/setupServer.ts:810	function	readFromDisk
scsr	scsr/tests/setupServer.ts:815	function	existsOnDisk
scsr	scsr/tests/setupServer.ts:820	function	testDef
scsr	scsr/tests/setupServer.ts:838	function	testEntry
scsr	scsr/tests/setupServer.ts:851	function	writeJson
scsr	scsr/tests/setupServer.ts:856	function	storesFor
scsr	scsr/tests/setupServer.ts:865	function	quantitativeValue
scsr	scsr/tests/setupServer.ts:876	function	writeJsDef
scsr	scsr/tests/setupServer.ts:894	function	writeJsProviderDef
scsr	scsr/tests/setupServer.ts:914	function	writeInvalidJsDef
scsr	scsr/tests/setupServer.ts:920	function	writeNoDefaultJs
scsr	scsr/tests/setupServer.ts:926	function	writeBrokenJs
scsr	scsr/tests/setupServer.ts:934	function	parseJsonRpcBody
scsr	scsr/tests/setupServer.ts:940	function	extractHeaders
scsr	scsr/tests/setupServer.ts:955	function	createServerFetch
scsr	scsr/tests/setupServer.ts:1046	function	readOutput
scsr	scsr/tests/setupServer.ts:1057	function	createTestTerminal
scsr	scsr/tests/setupServer.ts:1260	function	jsonRpcResponse
scsr	scsr/tests/setupServer.ts:1266	function	mcpPostRequest
scsr	scsr/tests/setupServer.ts:1279	function	mcpGetRequest
scsr	scsr/tests/setupServer.ts:1290	function	mcpDeleteRequest
scsr	scsr/tests/setupServer.ts:1298	function	readJsonBody
scsr	scsr/tests/setupServer.ts:1309	function	readSSEEvents
scsr	scsr/tests/setupServer.ts:1374	function	readSSEEventsWithIds
scsr	scsr/tests/setupServer.ts:1450	interface	HTTPClientTransportHarness
scsr	scsr/tests/setupServer.ts:1484	function	createHTTPClientTransportHarness
scsr	scsr/tests/setupServer.ts:1544	function	createJSONTransportResponse
scsr	scsr/tests/setupServer.ts:1559	function	createSSETransportResponse
scsr	scsr/tests/setupServer.ts:1574	function	createAcceptedTransportResponse
scsr	scsr/tests/setupServer.ts:1583	function	createThrownFetch
scsr	scsr/tests/setupServer.ts:1603	interface	OllamaTestServer
scsr	scsr/tests/setupServer.ts:1610	function	createOllamaTestServer
scsr	scsr/tests/setupServer.ts:1674	function	createOllamaJSONResponse
scsr	scsr/tests/setupServer.ts:1689	function	createOllamaNDJSONResponse
scsr	scsr/tests/setupServer.ts:1710	const	WEBSOCKET_TEST_TIMEOUT
scsr	scsr/tests/setupServer.ts:1723	function	createMaskedTextFrame
scsr	scsr/tests/setupServer.ts:1768	function	createMaskedCloseFrame
scsr	scsr/tests/setupServer.ts:1793	function	createMaskedPingFrame
scsr	scsr/tests/setupServer.ts:1813	function	parseServerFrame
scsr	scsr/tests/setupServer.ts:1853	function	readSocket
scsr	scsr/tests/setupServer.ts:1879	function	closeHttpServer
scsr	scsr/tests/setupServer.ts:1887	function	createUpgradeServer
scsr	scsr/tests/setupServer.ts:1907	function	connectNodeWebSocket
scsr	scsr/tests/setupServer.ts:1969	function	writeStdinRequest
scsr	scsr/tests/setupServer.ts:1985	function	writeStdinNotification
scsr	scsr/tests/setupServer.ts:1990	function	collectOutput
scsr	scsr/tests/setupStyles.ts:22	function	mount
scsr	scsr/tests/setupStyles.ts:29	function	render
scsr	scsr/tests/setupStyles.ts:39	function	build
scsr	scsr/tests/setupStyles.ts:52	function	style
scsr	scsr/tests/setupStyles.ts:56	function	token
scsr	scsr/tests/setupStyles.ts:60	function	rootToken
scsr	scsr/tests/setupStyles.ts:64	function	pixels
scsr	scsr/tests/setupStyles.ts:72	function	rgba
scsr	scsr/tests/setupStyles.ts:88	function	colorEqual
scsr	scsr/tests/setupStyles.ts:99	function	findRule
sea	sea/tests/setup.ts:18	function	encodeContent
sea	sea/tests/setupServer.ts:23	const	WORKSPACE_ROOT
sea	sea/tests/setupServer.ts:38	function	withTestDir
sea	sea/tests/setupServer.ts:57	function	createSEAOptions
sea	sea/tests/setupServer.ts:70	function	createInjectorOptions
sea	sea/tests/setupServer.ts:95	interface	PeFixtureOptions
sea	sea/tests/setupServer.ts:160	function	buildPeFixture
sea	sea/tests/setupServer.ts:289	interface	PeResourceLeaf
sea	sea/tests/setupServer.ts:345	function	parsePeResourceLeaves
sea	sea/tests/setupServer.ts:425	interface	ElfProgramHeader
sea	sea/tests/setupServer.ts:452	function	buildElfFixture
sea	sea/tests/setupServer.ts:519	function	parseElfProgramHeaders
sea	sea/tests/setupServer.ts:542	interface	ElfNote
sea	sea/tests/setupServer.ts:554	function	findElfNotes
sea	sea/tests/setupServer.ts:627	interface	MachoFixtureOptions
sea	sea/tests/setupServer.ts:639	function	buildMachoFixture
sea	sea/tests/setupServer.ts:753	function	buildFatMachoFixture
sea	sea/tests/setupServer.ts:761	interface	MachoLoadCommand
sea	sea/tests/setupServer.ts:768	function	parseMachoLoadCommands
sea	sea/tests/setupServer.ts:782	interface	MachoSegment
sea	sea/tests/setupServer.ts:798	function	parseMachoSegments
sea	sea/tests/setupServer.ts:813	interface	MachoSection
sea	sea/tests/setupServer.ts:822	function	findMachoSection
server	server/tests/setupServer.ts:14	const	WORKSPACE_ROOT
server	server/tests/setupServer.ts:17	interface	UpgradeOutcomeInterface
server	server/tests/setupServer.ts:59	function	rawRequest
server	server/tests/setupServer.ts:75	interface	PausedResponseInterface
server	server/tests/setupServer.ts:100	function	openPausedResponse
server	server/tests/setupServer.ts:144	function	probeConnectionDrop
server	server/tests/setupServer.ts:159	interface	HeldUpgradeInterface
server	server/tests/setupServer.ts:193	function	holdUpgrade
server	server/tests/setupServer.ts:216	function	upgradeRequest
sqlite	sqlite/tests/setupServer.ts:9	function	sqliteErrorCode
sse	sse/tests/setup.ts:20	const	LF
sse	sse/tests/setup.ts:21	const	CR
sse	sse/tests/setup.ts:22	const	TAB
sse	sse/tests/setup.ts:30	function	feedAll
sse	sse/tests/setup.ts:42	function	chunkings
sse	sse/tests/setup.ts:66	function	partition
sse	sse/tests/setup.ts:79	function	buildRepeated
sse	sse/tests/setup.ts:88	function	expectSSEError
supervisor	supervisor/tests/setup.ts:36	const	APPLICATION_USER_NAME
supervisor	supervisor/tests/setup.ts:39	const	APPLICATION_USER_SECRET
supervisor	supervisor/tests/setup.ts:42	function	createApplicationUsers
supervisor	supervisor/tests/setup.ts:49	function	waitForEvent
supervisor	supervisor/tests/setup.ts:57	function	isBrowserVuePath
supervisor	supervisor/tests/setup.ts:63	function	waitForRecorder
supervisor	supervisor/tests/setup.ts:72	function	createLease
supervisor	supervisor/tests/setup.ts:83	function	createUnitContext
supervisor	supervisor/tests/setup.ts:100	function	createUnitSnapshot
supervisor	supervisor/tests/setup.ts:117	function	createExecutionInput
supervisor	supervisor/tests/setup.ts:129	function	createWorkflowDefinition
supervisor	supervisor/tests/setup.ts:148	interface	SupervisorFixtureInterface
supervisor	supervisor/tests/setup.ts:154	function	createSupervisorFixture
supervisor	supervisor/tests/setup.ts:178	function	createWorkflowSnapshot
supervisor	supervisor/tests/setup.ts:212	class	InertObservations
supervisor	supervisor/tests/setup.ts:231	class	InertExecution
supervisor	supervisor/tests/setup.ts:255	class	InertExecutor
supervisor	supervisor/tests/setup.ts:288	class	ProbeExecutor
supervisor	supervisor/tests/setup.ts:310	class	AttachExecutor
supervisor	supervisor/tests/setup.ts:339	class	GatedStore
supervisor	supervisor/tests/setup.ts:367	class	RecordingStore
supervisor	supervisor/tests/setup.ts:396	class	RefusingStore
supervisor	supervisor/tests/setup.ts:403	class	CapableExecutor
supervisor	supervisor/tests/setup.ts:425	class	RecordingJournal
supervisor	supervisor/tests/setupApplicationServer.ts:41	function	createApplicationProcess
supervisor	supervisor/tests/setupApplicationServer.ts:53	class	ApplicationCookieJar
supervisor	supervisor/tests/setupApplicationServer.ts:85	function	putApplicationSecret
supervisor	supervisor/tests/setupApplicationServer.ts:104	interface	ApplicationProcessInterface
supervisor	supervisor/tests/setupApplicationServer.ts:112	interface	ApplicationProcessExitInterface
supervisor	supervisor/tests/setupApplicationServer.ts:118	class	EnvironmentFixtureCLIBackend
supervisor	supervisor/tests/setupApplicationServer.ts:157	function	destroyApplicationScratch
supervisor	supervisor/tests/setupApplicationServer.ts:186	function	spawnApplicationCommand
supervisor	supervisor/tests/setupApplicationServer.ts:234	function	spawnApplicationProcess
supervisor	supervisor/tests/setupApplicationServer.ts:259	function	spawnApplicationExecutable
supervisor	supervisor/tests/setupApplicationServer.ts:288	function	startApplicationProcess
supervisor	supervisor/tests/setupApplicationServer.ts:319	function	waitForApplicationReady
supervisor	supervisor/tests/setupApplicationServer.ts:353	function	waitForApplicationStderr
supervisor	supervisor/tests/setupApplicationServer.ts:370	function	waitForApplicationProcess
supervisor	supervisor/tests/setupApplicationServer.ts:386	function	stopApplicationProcess
supervisor	supervisor/tests/setupApplicationServer.ts:402	function	waitForApplicationResponse
supervisor	supervisor/tests/setupBrowser.ts:81	function	createWorkflowLiveStream
supervisor	supervisor/tests/setupBrowser.ts:95	interface	MountedComponent
supervisor	supervisor/tests/setupBrowser.ts:101	interface	MountedShell
supervisor	supervisor/tests/setupBrowser.ts:108	interface	MountComponentOptions
supervisor	supervisor/tests/setupBrowser.ts:115	function	clearBrowserStorage
supervisor	supervisor/tests/setupBrowser.ts:121	function	waitForBrowserState
supervisor	supervisor/tests/setupBrowser.ts:147	function	waitForPlaceholder
supervisor	supervisor/tests/setupBrowser.ts:163	function	waitForMinimum
supervisor	supervisor/tests/setupBrowser.ts:169	const	CAPTURE_PANE
supervisor	supervisor/tests/setupBrowser.ts:194	function	stagePane
supervisor	supervisor/tests/setupBrowser.ts:250	function	releasePane
supervisor	supervisor/tests/setupBrowser.ts:273	function	captureFrame
supervisor	supervisor/tests/setupBrowser.ts:300	const	IMPLICIT_ROLES
supervisor	supervisor/tests/setupBrowser.ts:345	const	IMPLICIT_HEADERS
supervisor	supervisor/tests/setupBrowser.ts:351	const	IMPLICIT_FIELDS
supervisor	supervisor/tests/setupBrowser.ts:368	const	CONTENT_ROLES
supervisor	supervisor/tests/setupBrowser.ts:382	const	FOCUSABLE
supervisor	supervisor/tests/setupBrowser.ts:402	function	isRendered
supervisor	supervisor/tests/setupBrowser.ts:421	function	collapseText
supervisor	supervisor/tests/setupBrowser.ts:444	function	resolveRole
supervisor	supervisor/tests/setupBrowser.ts:476	function	resolveName
supervisor	supervisor/tests/setupBrowser.ts:522	function	resolveStates
supervisor	supervisor/tests/setupBrowser.ts:572	function	describeTree
supervisor	supervisor/tests/setupBrowser.ts:613	function	describeFocus
supervisor	supervisor/tests/setupBrowser.ts:646	function	describeSurface
supervisor	supervisor/tests/setupBrowser.ts:658	interface	Step
supervisor	supervisor/tests/setupBrowser.ts:665	interface	Channels
supervisor	supervisor/tests/setupBrowser.ts:685	class	Journal
supervisor	supervisor/tests/setupBrowser.ts:781	const	JOURNAL
supervisor	supervisor/tests/setupBrowser.ts:784	function	buildElement
supervisor	supervisor/tests/setupBrowser.ts:791	function	createContextApp
supervisor	supervisor/tests/setupBrowser.ts:796	type	Tint
supervisor	supervisor/tests/setupBrowser.ts:799	const	CANVAS
supervisor	supervisor/tests/setupBrowser.ts:811	const	STATUS_PALETTE
supervisor	supervisor/tests/setupBrowser.ts:827	interface	Reading
supervisor	supervisor/tests/setupBrowser.ts:847	function	parseTint
supervisor	supervisor/tests/setupBrowser.ts:888	function	blendTint
supervisor	supervisor/tests/setupBrowser.ts:912	function	readBackdrop
supervisor	supervisor/tests/setupBrowser.ts:929	function	measureLuminance
supervisor	supervisor/tests/setupBrowser.ts:945	function	measureContrast
supervisor	supervisor/tests/setupBrowser.ts:962	function	readContrast
supervisor	supervisor/tests/setupBrowser.ts:990	function	readFocus
supervisor	supervisor/tests/setupBrowser.ts:1038	function	readRing
supervisor	supervisor/tests/setupBrowser.ts:1080	function	mountComponent
supervisor	supervisor/tests/setupBrowser.ts:1111	function	mountShell
supervisor	supervisor/tests/setupBrowser.ts:1139	function	findControl
supervisor	supervisor/tests/setupBrowser.ts:1160	function	findLabelled
supervisor	supervisor/tests/setupBrowser.ts:1176	function	findField
supervisor	supervisor/tests/setupBrowser.ts:1196	function	findRow
supervisor	supervisor/tests/setupBrowser.ts:1216	function	findText
supervisor	supervisor/tests/setupBrowser.ts:1237	function	pressControl
supervisor	supervisor/tests/setupBrowser.ts:1257	function	pressLabelled
supervisor	supervisor/tests/setupBrowser.ts:1276	function	fillField
supervisor	supervisor/tests/setupBrowser.ts:1291	function	pressRow
supervisor	supervisor/tests/setupBrowser.ts:1314	function	recordArrival
supervisor	supervisor/tests/setupBrowser.ts:1342	function	driveArrival
supervisor	supervisor/tests/setupBrowser.ts:1366	function	selectRow
supervisor	supervisor/tests/setupBrowser.ts:1388	function	extractControls
supervisor	supervisor/tests/setupBrowser.ts:1408	function	extractOrphans
supervisor	supervisor/tests/setupBrowser.ts:1429	function	createApplicationSnapshot
supervisor	supervisor/tests/setupBrowser.ts:1518	function	createSettledUnit
supervisor	supervisor/tests/setupBrowser.ts:1535	function	createQuarantinedUnit
supervisor	supervisor/tests/setupBrowser.ts:1547	function	createObserveFrame
supervisor	supervisor/tests/setupBrowser.ts:1560	function	createTranscriptFrame
supervisor	supervisor/tests/setupBrowser.ts:1576	function	createTerminalFrame
supervisor	supervisor/tests/setupBrowser.ts:1581	function	createApplicationTail
supervisor	supervisor/tests/setupBrowser.ts:1589	function	createGapFrame
supervisor	supervisor/tests/setupBrowser.ts:1594	function	createFaultFrame
supervisor	supervisor/tests/setupBrowser.ts:1599	class	RecordingOperatorStore
supervisor	supervisor/tests/setupBrowser.ts:1643	class	RejectingOperatorStore
supervisor	supervisor/tests/setupBrowser.ts:1690	class	ScriptedRoster
supervisor	supervisor/tests/setupBrowser.ts:1826	class	ScriptedHistory
supervisor	supervisor/tests/setupBrowser.ts:1877	const	SCRIPTED_SESSION
supervisor	supervisor/tests/setupBrowser.ts:1884	const	SCRIPTED_DIRECTORY
supervisor	supervisor/tests/setupBrowser.ts:1897	const	MANAGER_SESSION
supervisor	supervisor/tests/setupBrowser.ts:1907	const	USERS_DIRECTORY
supervisor	supervisor/tests/setupBrowser.ts:1921	const	USERS_SOLO
supervisor	supervisor/tests/setupBrowser.ts:1927	const	USERS_ENVIRONMENT
supervisor	supervisor/tests/setupBrowser.ts:1942	const	USERS_REVEAL
supervisor	supervisor/tests/setupBrowser.ts:1948	interface	ScriptedUsersOptions
supervisor	supervisor/tests/setupBrowser.ts:1957	class	ScriptedUsers
supervisor	supervisor/tests/setupBrowser.ts:2033	interface	ScriptedClientOptions
supervisor	supervisor/tests/setupBrowser.ts:2071	class	ScriptedClient
supervisor	supervisor/tests/setupBrowserServer.ts:21	const	APPLICATION_BROWSER_TOKEN
supervisor	supervisor/tests/setupBrowserServer.ts:24	const	APPLICATION_SETUP_TOKEN
supervisor	supervisor/tests/setupBrowserServer.ts:28	const	APPLICATION_BROWSER_TTL
supervisor	supervisor/tests/setupBrowserServer.ts:40	const	APPLICATION_SETUP_OVERLAY
supervisor	supervisor/tests/setupBrowserServer.ts:48	interface	BrowserServerFixture
supervisor	supervisor/tests/setupBrowserServer.ts:55	interface	BrowserServerOptions
supervisor	supervisor/tests/setupBrowserServer.ts:72	function	releaseBrowserServers
supervisor	supervisor/tests/setupBrowserServer.ts:92	function	destroyBrowserServer
supervisor	supervisor/tests/setupBrowserServer.ts:112	function	createSetupServer
supervisor	supervisor/tests/setupBrowserServer.ts:153	function	createBrowserServer
supervisor	supervisor/tests/setupBrowserServer.ts:198	function	setup
supervisor	supervisor/tests/setupGuides.ts:6	const	GUIDE_ROOT
supervisor	supervisor/tests/setupGuides.ts:8	const	SELF_SPECIFIERS
supervisor	supervisor/tests/setupGuides.ts:19	const	GUIDE_FILES
supervisor	supervisor/tests/setupGuides.ts:26	const	GUIDE_SOURCES
supervisor	supervisor/tests/setupGuides.ts:39	function	exportsFor
supervisor	supervisor/tests/setupGuides.ts:48	const	GUIDE_MANIFEST
supervisor	supervisor/tests/setupServer.ts:31	type	RecoveryStep
supervisor	supervisor/tests/setupServer.ts:34	type	SupervisorStoreOperation
supervisor	supervisor/tests/setupServer.ts:37	interface	CrashEvidenceInterface
supervisor	supervisor/tests/setupServer.ts:47	interface	IdentityTargetInterface
supervisor	supervisor/tests/setupServer.ts:54	interface	IdentityEvidenceInterface
supervisor	supervisor/tests/setupServer.ts:67	function	verifyCrashRecovery
supervisor	supervisor/tests/setupServer.ts:128	function	verifyIdentityBound
supervisor	supervisor/tests/setupServer.ts:173	class	RecordingSupervisorStore
supervisor	supervisor/tests/setupServer.ts:220	function	warmSupervisorStore
supervisor	supervisor/tests/setupServer.ts:225	class	GatedExecutor
supervisor	supervisor/tests/setupServer.ts:303	class	SelectiveRecoveryExecutor
supervisor	supervisor/tests/setupServer.ts:349	interface	ProviderFixtureResultInterface
supervisor	supervisor/tests/setupServer.ts:367	function	resolveServerFixture
supervisor	supervisor/tests/setupServer.ts:372	function	runProviderFixture
supervisor	supervisor/tests/setupServer.ts:403	function	parseProviderFrames
supervisor	supervisor/tests/setupServer.ts:412	function	startProviderFixture
supervisor	supervisor/tests/setupServer.ts:420	function	hasProcess
supervisor	supervisor/tests/setupServer.ts:437	class	ProtocolFixtureProvider
supervisor	supervisor/tests/setupServer.ts:558	class	ClaudeFixtureProvider
supervisor	supervisor/tests/setupServer.ts:576	class	CodexFixtureProvider
supervisor	supervisor/tests/setupServer.ts:595	class	CursorFixtureProvider
supervisor	supervisor/tests/setupServer.ts:613	function	waitForSocketClose
supervisor	supervisor/tests/setupService.ts:8	const	SERVICE_INFERENCE_PROMPT
supervisor	supervisor/tests/setupService.ts:11	interface	ServiceInferenceResult
supervisor	supervisor/tests/setupService.ts:22	function	collectServiceInference
supervisor	supervisor/tests/setupService.ts:44	function	expectServiceInference
supervisor	supervisor/tests/setupService.ts:67	function	resolveServiceModel
supervisor	supervisor/tests/setupService.ts:96	function	reportServiceModel
supervisor	supervisor/tests/setupService.ts:105	function	prepareServiceProvider
supervisor	supervisor/tests/setupService.ts:143	const	OLLAMA_SERVICE_HOST
supervisor	supervisor/tests/setupService.ts:149	function	isOllamaServiceReady
supervisor	supervisor/tests/setupService.ts:169	function	warmOllamaService
supervisor	supervisor/tests/setupService.ts:191	function	prepareOllamaService
supervisor	supervisor/tests/setupService.ts:206	function	retryUntil
supervisor	supervisor/tests/setupService.ts:223	const	SERVICE_MODEL
table	table/tests/setup.ts:16	function	compareTextNaturally
table	table/tests/setup.ts:24	function	matchTextLoosely
table	table/tests/setup.ts:34	function	compareTextByLength
table	table/tests/setup.ts:46	function	createFilterAdmissibilityVectors
table	table/tests/setup.ts:120	function	createTableSchema
table	table/tests/setup.ts:146	function	createTableRows
table	table/tests/setup.ts:156	function	createTableFixture
table	table/tests/setup.ts:162	function	readTableError
table	table/tests/setup.ts:168	function	readDestroyedWrites
table	table/tests/setup.ts:193	function	createColumnBudgetSchema
table	table/tests/setup.ts:202	function	createChoiceBudgetSchema
table	table/tests/setup.ts:220	function	createTextBudgetSchema
table	table/tests/setup.ts:232	function	createNodeBudgetSchema
taverna	taverna/tests/setup.ts:99	const	SOUNDNESS_SAMPLE
taverna	taverna/tests/setup.ts:147	function	soundnessViolations
taverna	taverna/tests/setup.ts:169	function	waitForDelay
taverna	taverna/tests/setup.ts:184	function	captureError
taverna	taverna/tests/setup.ts:206	function	roundTripJSON
taverna	taverna/tests/setup.ts:211	interface	TestGateInterface
taverna	taverna/tests/setup.ts:226	function	createGate
taverna	taverna/tests/setup.ts:237	interface	SignalListenerCountsInterface
taverna	taverna/tests/setup.ts:255	function	instrumentSignal
taverna	taverna/tests/setup.ts:305	type	ScriptedTurn
taverna	taverna/tests/setup.ts:314	interface	ScriptedCall
taverna	taverna/tests/setup.ts:321	type	DeltasOf
taverna	taverna/tests/setup.ts:342	interface	ScriptedProviderOptions
taverna	taverna/tests/setup.ts:357	interface	ScriptedProviderInterface
taverna	taverna/tests/setup.ts:392	function	createScriptedProvider
taverna	taverna/tests/setup.ts:502	function	createUserMessage
taverna	taverna/tests/setup.ts:514	function	createToolCall
taverna	taverna/tests/setup.ts:525	function	createTokenUsage
taverna	taverna/tests/setup.ts:538	function	addTool
taverna	taverna/tests/setup.ts:549	function	loopTool
taverna	taverna/tests/setup.ts:563	function	createAgentJob
taverna	taverna/tests/setup.ts:579	function	buildPrincipal
taverna	taverna/tests/setup.ts:602	function	buildAuditRecord
taverna	taverna/tests/setup.ts:626	function	createStubSummarizer
taverna	taverna/tests/setup.ts:658	function	collectRows
taverna	taverna/tests/setup.ts:673	function	tableSchemas
taverna	taverna/tests/setup.ts:689	function	buildCondition
taverna	taverna/tests/setup.ts:699	const	INTEGRATION_TABLES
taverna	taverna/tests/setup.ts:709	const	INTEGRATION_RELATIONS
taverna	taverna/tests/setup.ts:715	interface	UserRow
taverna	taverna/tests/setup.ts:731	function	createUserRow
taverna	taverna/tests/setup.ts:744	function	userRows
taverna	taverna/tests/setup.ts:768	function	seedUsersTable
taverna	taverna/tests/setup.ts:779	interface	RecordingAggregate
taverna	taverna/tests/setup.ts:792	interface	RecordingDriverInterface
taverna	taverna/tests/setup.ts:807	const	RECORDING_ROW
taverna	taverna/tests/setup.ts:810	const	RECORDING_COUNT
taverna	taverna/tests/setup.ts:813	const	RECORDING_AGGREGATE
taverna	taverna/tests/setup.ts:829	function	createRecordingDriver
taverna	taverna/tests/setup.ts:896	interface	SlowDriverHarness
taverna	taverna/tests/setup.ts:914	function	createSlowDriver
taverna	taverna/tests/setup.ts:976	interface	TestRecorderInterface
taverna	taverna/tests/setup.ts:990	function	createRecorder
taverna	taverna/tests/setup.ts:1018	function	createErrorRecorder
taverna	taverna/tests/setup.ts:1032	interface	RecordingSinkInterface
taverna	taverna/tests/setup.ts:1044	function	createRecordingSink
taverna	taverna/tests/setup.ts:1063	interface	ResourceFactoryInterface
taverna	taverna/tests/setup.ts:1082	function	createResourceFactory
taverna	taverna/tests/setup.ts:1099	type	EmitterRecorders
taverna	taverna/tests/setup.ts:1116	function	recordEmitterEvents
taverna	taverna/tests/setup.ts:1150	function	isTotal
taverna	taverna/tests/setup.ts:1166	function	collect
taverna	taverna/tests/setup.ts:1173	interface	RecordingSchedulerInterface
taverna	taverna/tests/setup.ts:1187	function	createRecordingScheduler
taverna	taverna/tests/setup.ts:1226	function	buildConversationSnapshot
taverna	taverna/tests/setup.ts:1256	function	assertConversationStoreContract
taverna	taverna/tests/setup.ts:1346	function	buildWorkspaceSnapshot
taverna	taverna/tests/setup.ts:1368	function	assertWorkspaceStoreContract
taverna	taverna/tests/setup.ts:1463	function	collectSSE
taverna	taverna/tests/setup.ts:1511	interface	ManualTimerInterface
taverna	taverna/tests/setup.ts:1530	function	createManualTimer
taverna	taverna/tests/setup.ts:1552	interface	ManualClockInterface
taverna	taverna/tests/setup.ts:1569	function	createManualClock
taverna	taverna/tests/setup.ts:1589	function	createSSEResponse
taverna	taverna/tests/setup.ts:1612	function	extractBacktickedNames
taverna	taverna/tests/setup.ts:1623	function	sectionBody
taverna	taverna/tests/setup.ts:1642	function	surfaceRows
taverna	taverna/tests/setup.ts:1659	function	exportedValueNames
taverna	taverna/tests/setup.ts:1672	function	exportedTypeNames
taverna	taverna/tests/setup.ts:1743	function	interfaceMethodNames
taverna	taverna/tests/setup.ts:1749	function	interfaceRequiredMethodNames
taverna	taverna/tests/setup.ts:1755	function	classMethodNames
taverna	taverna/tests/setup.ts:1765	function	methodTable
taverna	taverna/tests/setup.ts:1784	function	markdownLinkTargets
taverna	taverna/tests/setup.ts:1815	function	expectQuantitative
taverna	taverna/tests/setup.ts:1832	function	expectLogical
taverna	taverna/tests/setup.ts:1847	function	expectSymbolic
taverna	taverna/tests/setup.ts:1862	function	expectInferential
taverna	taverna/tests/setup.ts:1878	const	BASIC_SUBJECT
taverna	taverna/tests/setup.ts:1891	const	NESTED_SUBJECT
taverna	taverna/tests/setup.ts:1901	const	DRIVER_SUBJECT
taverna	taverna/tests/setup.ts:1917	function	buildStaticDefinition
taverna	taverna/tests/setup.ts:1931	function	createThrowingReasoner
taverna	taverna/tests/setup.ts:1961	function	invokeRaw
taverna	taverna/tests/setup.ts:1979	function	assertHeadingNode
taverna	taverna/tests/setup.ts:1984	function	assertListNode
taverna	taverna/tests/setup.ts:1989	function	assertTableNode
taverna	taverna/tests/setup.ts:1994	function	assertParagraphNode
taverna	taverna/tests/setup.ts:2001	function	assertCodeBlockNode
taverna	taverna/tests/setup.ts:2006	function	assertBlockquoteNode
taverna	taverna/tests/setup.ts:2011	function	assertEmphasisNode
taverna	taverna/tests/setup.ts:2018	function	assertCodeSpanNode
taverna	taverna/tests/setup.ts:2025	function	assertLinkNode
taverna	taverna/tests/setup.ts:2034	function	inlineText
taverna	taverna/tests/setupBrowser.ts:60	const	DESKTOP
taverna	taverna/tests/setupBrowser.ts:63	const	MOBILE
taverna	taverna/tests/setupBrowser.ts:72	function	viewport
taverna	taverna/tests/setupBrowser.ts:86	function	deleteDatabase
taverna	taverna/tests/setupBrowser.ts:113	function	uniqueName
taverna	taverna/tests/setupBrowser.ts:119	interface	TestDatabaseInterface
taverna	taverna/tests/setupBrowser.ts:139	function	createTestDatabase
taverna	taverna/tests/setupBrowser.ts:166	function	drainCursor
taverna	taverna/tests/setupBrowser.ts:186	function	errorCode
taverna	taverna/tests/setupBrowser.ts:200	type	CleanupRegistrar
taverna	taverna/tests/setupBrowser.ts:205	interface	CleanupRegistrarInterface
taverna	taverna/tests/setupBrowser.ts:223	function	createCleanups
taverna	taverna/tests/setupBrowser.ts:237	const	SEED_USER_STORES
taverna	taverna/tests/setupBrowser.ts:248	const	SEED_STORE_STORES
taverna	taverna/tests/setupBrowser.ts:260	function	seedUsers
taverna	taverna/tests/setupBrowser.ts:281	function	seedStore
taverna	taverna/tests/setupBrowser.ts:304	interface	IntegrationDatabaseInterface
taverna	taverna/tests/setupBrowser.ts:321	function	createIntegrationDatabase
taverna	taverna/tests/setupBrowser.ts:348	function	settleHash
taverna	taverna/tests/setupBrowser.ts:363	function	createRoutePage
taverna	taverna/tests/setupBrowser.ts:377	interface	ConsoleCaptureInterface
taverna	taverna/tests/setupBrowser.ts:396	function	captureConsole
taverna	taverna/tests/setupBrowser.ts:426	interface	DomainDatabaseInterface
taverna	taverna/tests/setupBrowser.ts:448	function	createDomainDatabase
taverna	taverna/tests/setupBrowser.ts:478	function	seedDomainOrganizations
taverna	taverna/tests/setupBrowser.ts:490	function	seedDomainUsers
taverna	taverna/tests/setupBrowser.ts:511	function	entityKey
taverna	taverna/tests/setupBrowser.ts:522	function	chatKey
taverna	taverna/tests/setupBrowser.ts:536	function	entityData
taverna	taverna/tests/setupBrowser.ts:553	function	chatData
taverna	taverna/tests/setupOllama.ts:15	function	env
taverna	taverna/tests/setupOllama.ts:25	function	withScheme
taverna	taverna/tests/setupOllama.ts:31	const	OLLAMA_CONFIG
taverna	taverna/tests/setupOllama.ts:39	function	isOllamaAvailable
taverna	taverna/tests/setupOllama.ts:109	const	FAST_OPTIONS
taverna	taverna/tests/setupOllama.ts:112	const	STREAM_OPTIONS
taverna	taverna/tests/setupOllama.ts:120	const	TOOL_OPTIONS
taverna	taverna/tests/setupOllama.ts:123	const	ABORT_OPTIONS
taverna	taverna/tests/setupOllama.ts:131	const	THINK_OPTIONS
taverna	taverna/tests/setupOllama.ts:134	interface	LiveServerProviderOptions
taverna	taverna/tests/setupOllama.ts:165	function	createLiveServerProvider
taverna	taverna/tests/setupOllama.ts:188	const	ATTEMPTS
taverna	taverna/tests/setupOllama.ts:204	function	retryUntil
taverna	taverna/tests/setupServer.ts:21	interface	RouteHandlerContextInterface
taverna	taverna/tests/setupServer.ts:75	function	flattenHeaders
taverna	taverna/tests/setupServer.ts:87	const	WORKSPACE_ROOT
taverna	taverna/tests/setupServer.ts:90	function	readText
taverna	taverna/tests/setupServer.ts:95	function	fileExists
taverna	taverna/tests/setupServer.ts:101	function	listTree
taverna	taverna/tests/setupServer.ts:117	function	readTree
taverna	taverna/tests/setupServer.ts:124	function	readGuides
taverna	taverna/tests/setupServer.ts:149	function	createStreamTarget
taverna	taverna/tests/setupServer.ts:178	function	createWriteProbe
taverna	taverna/tests/setupServer.ts:210	function	createFakeTTY
taverna	taverna/tests/setupServer.ts:259	interface	FakeTTYInterface
taverna	taverna/tests/setupServer.ts:296	function	rawOutput
taverna	taverna/tests/setupServer.ts:311	function	assertCleanExit
taverna	taverna/tests/setupServer.ts:325	function	tempDatabasePath
taverna	taverna/tests/setupServer.ts:334	interface	StaticFixtureInterface
taverna	taverna/tests/setupServer.ts:352	function	createStaticFixture
taverna	taverna/tests/setupServer.ts:368	interface	UploadDirectoryInterface
taverna	taverna/tests/setupServer.ts:385	function	createUploadDirectory
taverna	taverna/tests/setupServer.ts:395	interface	MultipartPartInput
taverna	taverna/tests/setupServer.ts:417	function	buildMultipart
taverna	taverna/tests/setupServer.ts:445	function	abortMidUpload
taverna	taverna/tests/setupServer.ts:476	function	sqliteErrorCode
taverna	taverna/tests/setupServer.ts:494	const	PARITY_TABLES
taverna	taverna/tests/setupServer.ts:510	type	ParityUser
taverna	taverna/tests/setupServer.ts:541	const	PARITY_ROWS
taverna	taverna/tests/setupServer.ts:587	interface	ParityOutcome
taverna	taverna/tests/setupServer.ts:593	type	ParityComparator
taverna	taverna/tests/setupServer.ts:610	type	ParityAggregator
taverna	taverna/tests/setupServer.ts:626	function	setupParity
taverna	taverna/tests/setupServer.ts:689	function	driverSchema
taverna	taverna/tests/setupServer.ts:728	interface	TeardownInterface
taverna	taverna/tests/setupServer.ts:747	function	createTeardown
taverna	taverna/tests/setupServer.ts:771	interface	StartedServerInterface
taverna	taverna/tests/setupServer.ts:790	function	startServer
taverna	taverna/tests/setupServer.ts:827	function	readSetCookie
taverna	taverna/tests/setupServer.ts:846	function	cookieHeader
taverna	taverna/tests/setupServer.ts:864	function	cookiesHeader
taverna	taverna/tests/setupServer.ts:882	interface	StoredSession
taverna	taverna/tests/setupServer.ts:896	function	buildSession
taverna	taverna/tests/setupServer.ts:913	interface	UpgradeOutcome
taverna	taverna/tests/setupServer.ts:939	function	upgradeRequest
taverna	taverna/tests/setupServer.ts:981	interface	RawResponse
taverna	taverna/tests/setupServer.ts:1002	function	readRawResponse
taverna	taverna/tests/setupServer.ts:1043	function	postJSON
taverna	taverna/tests/setupServer.ts:1074	function	isIncomingMessage
taverna	taverna/tests/setupServer.ts:1090	function	createRequestStub
taverna	taverna/tests/setupServer.ts:1115	function	isRouteContext
taverna	taverna/tests/setupServer.ts:1133	function	createContextStub
taverna	taverna/tests/setupServer.ts:1176	type	GuideClassPairing
taverna	taverna/tests/setupServer.ts:1206	interface	GuideParityConfig
taverna	taverna/tests/setupServer.ts:1244	function	assertGuideParity
taverna	taverna/tests/setupServer.ts:1341	function	fileName
taverna	taverna/tests/setupServer.ts:1347	function	testPath
taverna	taverna/tests/setupServer.ts:1352	function	sourcePath
taverna	taverna/tests/setupServer.ts:1357	function	testBase
template	template/tests/setup.ts:7	function	isBrowserVuePath
terminal	terminal/tests/setup.ts:20	type	EmitterRecorders
terminal	terminal/tests/setup.ts:25	function	isTotal
terminal	terminal/tests/setup.ts:33	function	recordEmitterEvents
terminal	terminal/tests/setup.ts:48	interface	ManualTimerInterface
terminal	terminal/tests/setup.ts:55	function	createManualTimer
terminal	terminal/tests/setup.ts:77	function	createSSEResponse
terminal	terminal/tests/setup.ts:97	function	createJSONResponse
terminal	terminal/tests/setup.ts:105	function	feedReducer
terminal	terminal/tests/setup.ts:116	interface	RecordedForm
terminal	terminal/tests/setup.ts:124	interface	RecordingTerminalOptions
terminal	terminal/tests/setup.ts:134	class	RecordingTerminal
terminal	terminal/tests/setup.ts:180	function	createRecordingTerminal
terminal	terminal/tests/setup.ts:185	function	createFormSchema
terminal	terminal/tests/setup.ts:194	function	createTwelveControlSchema
terminal	terminal/tests/setup.ts:231	function	createPendingForm
terminal	terminal/tests/setup.ts:246	function	createHostileText
terminal	terminal/tests/setup.ts:251	function	createHostilePattern
terminal	terminal/tests/setup.ts:259	function	createHostileSchema
terminal	terminal/tests/setup.ts:347	function	createHostileWireSchema
terminal	terminal/tests/setup.ts:369	interface	TerminalStoreScenario
terminal	terminal/tests/setup.ts:376	const	TERMINAL_STORE_SCENARIOS
terminal	terminal/tests/setupServer.ts:11	interface	StreamTargetResult
terminal	terminal/tests/setupServer.ts:17	function	createStreamTarget
terminal	terminal/tests/setupServer.ts:30	interface	FakeTTYInterface
terminal	terminal/tests/setupServer.ts:43	function	createFakeTTY
terminal	terminal/tests/setupServer.ts:92	function	createScriptedTTY
terminal	terminal/tests/setupServer.ts:149	function	createLineInput
terminal	terminal/tests/setupServer.ts:157	function	rawOutput
terrain	terrain/tests/setup.ts:27	class	VanishingLogicalReason
terrain	terrain/tests/setup.ts:54	class	QuantitativeResultReason
terrain	terrain/tests/setup.ts:75	interface	TestRecorderInterface
terrain	terrain/tests/setup.ts:82	function	createRecorder
terrain	terrain/tests/setup.ts:103	type	EmitterRecorders
terrain	terrain/tests/setup.ts:120	function	recordEmitterEvents
terrain	terrain/tests/setup.ts:154	function	isTotal
terrain	terrain/tests/setup.ts:161	function	waitForDelay
terrain	terrain/tests/setup.ts:175	function	captureError
terrain	terrain/tests/setup.ts:185	interface	RecordingAggregate
terrain	terrain/tests/setup.ts:198	interface	RecordingDriverInterface
terrain	terrain/tests/setup.ts:211	const	RECORDING_ROW
terrain	terrain/tests/setup.ts:214	const	RECORDING_AGGREGATE
terrain	terrain/tests/setup.ts:221	class	RecordingDriver
terrain	terrain/tests/setup.ts:301	function	createRecordingDriver
terrain	terrain/tests/setup.ts:323	function	isDeeplyFrozen
terrain	terrain/tests/setup.ts:330	const	ADVERSARIAL_SYMBOL_KEY
terrain	terrain/tests/setup.ts:341	const	ADVERSARIAL_VALUE_SUBJECT
terrain	terrain/tests/setupBrowser.ts:23	const	TEARDOWNS
terrain	terrain/tests/setupBrowser.ts:39	function	typeInput
terrain	terrain/tests/setupBrowser.ts:51	function	commitInput
terrain	terrain/tests/setupBrowser.ts:72	function	deleteDatabase
terrain	terrain/tests/setupBrowser.ts:90	function	uniqueName
terrain	terrain/tests/setupBrowser.ts:96	interface	TestDatabaseInterface
terrain	terrain/tests/setupBrowser.ts:116	function	createTestDatabase
terrain	terrain/tests/setupBrowser.ts:144	type	CleanupRegistrar
terrain	terrain/tests/setupBrowser.ts:149	interface	CleanupRegistrarInterface
terrain	terrain/tests/setupBrowser.ts:167	function	createCleanups
terrain	terrain/tests/setupBrowser.ts:181	const	SEED_USER_STORES
terrain	terrain/tests/setupBrowser.ts:192	const	SEED_STORE_STORES
terrain	terrain/tests/setupBrowser.ts:204	function	seedUsers
terrain	terrain/tests/setupBrowser.ts:225	function	seedStore
test	test/tests/setup.ts:27	function	createStreamSource
test	test/tests/setup.ts:42	function	isSerializableRecord
test	test/tests/setupBrowser.ts:18	function	buildFixture
test	test/tests/setupBrowser.ts:34	function	buildStylesheet
test	test/tests/setupBrowser.ts:50	function	resetFixtures
test	test/tests/setupServer.ts:40	const	FILE_LINKS
test	test/tests/setupServer.ts:55	const	DIRECTORY_LINKS
test	test/tests/setupServer.ts:73	const	POSIX_MODE
test	test/tests/setupServer.ts:84	const	CASE_SENSITIVE_FS
test	test/tests/setupServer.ts:95	const	RAW_BYTE_NAMES
timeout	timeout/tests/setup.ts:5	function	isBrowserVuePath
tool	tool/tests/setup.ts:14	function	createToolCall
tool	tool/tests/setup.ts:28	function	isBrowserVuePath
toolbox	toolbox/tests/setup.ts:27	function	createTestDatabase
toolbox	toolbox/tests/setup.ts:43	function	createTestDefinition
toolbox	toolbox/tests/setup.ts:63	interface	TestTaskControllerOptions
toolbox	toolbox/tests/setup.ts:76	function	createTestTaskController
toolbox	toolbox/tests/setup.ts:100	class	RecordingWorkflowStore
toolbox	toolbox/tests/setup.ts:144	interface	ScriptedCall
toolbox	toolbox/tests/setup.ts:155	interface	ScriptedProviderOptions
toolbox	toolbox/tests/setup.ts:164	interface	ScriptedProviderInterface
toolbox	toolbox/tests/setup.ts:184	class	ScriptedProvider
toolbox	toolbox/tests/setup.ts:241	class	MalformedAgent
toolbox	toolbox/tests/setupServer.ts:4	interface	TestTimerInterface
toolbox	toolbox/tests/setupServer.ts:16	function	createTestTimer
toolbox	toolbox/tests/setupServer.ts:45	function	readAvailable
tsea	tsea/tests/setupClient.ts:29	function	stubFetch
tsea	tsea/tests/setupClient.ts:44	function	fetchResponse
tsea	tsea/tests/setupClient.ts:59	class	TestEventSource
tsea	tsea/tests/setupClient.ts:100	function	stubEventSource
tsea	tsea/tests/setupScripts.ts:39	interface	TempDir
tsea	tsea/tests/setupScripts.ts:50	function	createTempDir
tsea	tsea/tests/setupScripts.ts:71	function	createTestFiles
tsea	tsea/tests/setupScripts.ts:91	function	createMinimalPe
tsea	tsea/tests/setupScripts.ts:119	function	createSignedPe
tsea	tsea/tests/setupServer.ts:35	const	UUID_PATTERN
tsea	tsea/tests/setupServer.ts:40	interface	HttpResponse
tsea	tsea/tests/setupServer.ts:51	interface	SocketPair
tsea	tsea/tests/setupServer.ts:63	function	createSocketPair
tsea	tsea/tests/setupServer.ts:95	interface	TestHttpServer
tsea	tsea/tests/setupServer.ts:127	function	createTestHttpServer
tsea	tsea/tests/setupServer.ts:291	function	createServerContext
tsea	tsea/tests/setupServer.ts:306	function	createStoppingServer
tsea	tsea/tests/setupServer.ts:355	function	createCommandOptions
tsea	tsea/tests/setupServer.ts:374	function	createAssetContent
tsea	tsea/tests/setupServer.ts:389	interface	LiveServer
tsea	tsea/tests/setupServer.ts:405	function	createLiveServer
websocket	websocket/tests/setup.ts:20	function	buildText
websocket	websocket/tests/setup.ts:33	const	INTEGRATION_CLOSE_NORMAL_REQUEST
websocket	websocket/tests/setup.ts:34	const	INTEGRATION_CLOSE_CUSTOM_REQUEST
websocket	websocket/tests/setup.ts:35	const	INTEGRATION_COUNT_REQUEST
websocket	websocket/tests/setup.ts:36	const	INTEGRATION_COUNT_PREFIX
websocket	websocket/tests/setup.ts:50	function	connect
websocket	websocket/tests/setup.ts:64	function	nextMessage
websocket	websocket/tests/setup.ts:76	function	nextClose
websocket	websocket/tests/setupGlobal.ts:30	function	setup
websocket	websocket/tests/setupServer.ts:39	function	duplexPair
websocket	websocket/tests/setupServer.ts:46	function	flushSocket
websocket	websocket/tests/setupServer.ts:51	interface	TestFrameOptions
websocket	websocket/tests/setupServer.ts:58	function	randomBuffer
websocket	websocket/tests/setupServer.ts:65	function	frame
websocket	websocket/tests/setupServer.ts:81	function	readClientFrames
workbench	workbench/tests/setup.ts:33	function	expectQuantitative
workbench	workbench/tests/setup.ts:50	function	expectLogical
workbench	workbench/tests/setup.ts:65	function	expectSymbolic
workbench	workbench/tests/setup.ts:80	function	expectInferential
workbench	workbench/tests/setup.ts:100	function	buildOrderedBatchDefinition
workbench	workbench/tests/setup.ts:127	function	invokeRaw
workbench	workbench/tests/setup.ts:147	function	buildWorkbenchQuantitativeDefinition
workbench	workbench/tests/setup.ts:217	function	buildWorkbenchLogicalDefinition
workbench	workbench/tests/setup.ts:270	function	buildWorkbenchSymbolicDefinition
workbench	workbench/tests/setup.ts:311	function	buildWorkbenchInferentialDefinition
workbench	workbench/tests/setup.ts:355	function	buildDuplicateFactorDefinition
workbench	workbench/tests/setup.ts:385	function	buildWorkbenchQuantitativeResult
workbench	workbench/tests/setup.ts:422	function	buildWorkbenchLogicalResult
workbench	workbench/tests/setup.ts:444	function	buildWorkbenchSymbolicResult
workbench	workbench/tests/setup.ts:464	function	buildWorkbenchInferentialResult
workbench	workbench/tests/setup.ts:492	function	buildWorkbenchFactorGroup
workbench	workbench/tests/setup.ts:508	function	buildWorkbenchFactor
workbench	workbench/tests/setup.ts:524	function	buildWorkbenchRule
workbench	workbench/tests/setup.ts:540	function	buildWorkbenchEquation
workbench	workbench/tests/setup.ts:556	function	buildWorkbenchVariable
workbench	workbench/tests/setup.ts:570	function	buildWorkbenchFact
workbench	workbench/tests/setup.ts:586	function	buildWorkbenchInference
workbench	workbench/tests/setup.ts:600	const	WORKBENCH_SUBJECT
workbench	workbench/tests/setup.ts:621	const	DERIVATION_SUBJECT
workbench	workbench/tests/setup.ts:640	function	createCycleValue
workbench	workbench/tests/setup.ts:662	function	createPollutingValue
workbench	workbench/tests/setupBrowser.ts:43	function	resolveAccessible
workbench	workbench/tests/setupBrowser.ts:61	function	resolveAccessible
workbench	workbench/tests/setupBrowser.ts:62	function	resolveAccessible
workbench	workbench/tests/setupBrowser.ts:81	function	isOutsideViewport
workbench	workbench/tests/setupBrowser.ts:100	function	resolveRendered
workbench	workbench/tests/setupBrowser.ts:148	function	clickAccessible
workbench	workbench/tests/setupBrowser.ts:162	function	clickAccessible
workbench	workbench/tests/setupBrowser.ts:163	function	clickAccessible
workbench	workbench/tests/setupBrowser.ts:186	function	clickAccessibleWithin
workbench	workbench/tests/setupBrowser.ts:239	function	clickDisclosure
workbench	workbench/tests/setupBrowser.ts:277	function	typeAccessible
workbench	workbench/tests/setupBrowser.ts:300	function	fillAccessible
workbench	workbench/tests/setupBrowser.ts:315	function	pressKeys
workbench	workbench/tests/setupBrowser.ts:331	function	traverseAccessible
workbench	workbench/tests/setupBrowser.ts:378	function	readPerception
workbench	workbench/tests/setupBrowser.ts:419	function	mount
workbench	workbench/tests/setupBrowser.ts:450	function	waitForFrame
workbench	workbench/tests/setupBrowser.ts:466	function	render
workbench	workbench/tests/setupBrowser.ts:484	function	setTheme
workbench	workbench/tests/setupBrowser.ts:504	function	capture
workbench	workbench/tests/setupBrowser.ts:537	function	resetTheme
workbench	workbench/tests/setupBrowser.ts:560	function	contrast
workbench	workbench/tests/setupBrowser.ts:644	function	extractAuthored
workbench	workbench/tests/setupBrowser.ts:683	function	readCascade
workbench	workbench/tests/setupBrowser.ts:715	function	readRows
workbench	workbench/tests/setupBrowser.ts:740	function	flattenNodes
workbench	workbench/tests/setupBrowser.ts:763	function	findCollapse
workbench	workbench/tests/setupBrowser.ts:784	function	style
workbench	workbench/tests/setupBrowser.ts:806	function	buildPartialQuantitativeDefinition
workbench	workbench/tests/setupBrowser.ts:857	class	MemoryWorkspaceStore
workbench	workbench/tests/setupBrowser.ts:892	interface	ConfigurableWorkspaceStoreOptions
workbench	workbench/tests/setupBrowser.ts:915	class	ConfigurableWorkspaceStore
workbench	workbench/tests/setupBrowser.ts:958	class	IsolatedWorkspaceStore
worker	worker/tests/setup.ts:16	interface	TestQueueStoreHooks
worker	worker/tests/setup.ts:32	class	TestQueueStore
worker	worker/tests/setup.ts:61	class	PoolOptionsProbe
worker	worker/tests/setup.ts:109	type	EmitterRecorders
worker	worker/tests/setup.ts:126	function	recordEmitterEvents
worker	worker/tests/setup.ts:160	function	isTotal
worker	worker/tests/setup.ts:173	interface	ResourceFactoryInterface
worker	worker/tests/setup.ts:192	function	createResourceFactory
worker	worker/tests/setupServer.ts:13	function	postRun
worker	worker/tests/setupServer.ts:21	function	tempDatabasePath
worker	worker/tests/setupServer.ts:30	class	NodeWorkerOptionsProbe
worker	worker/tests/setupServer.ts:88	class	ThreadReply
workflow	workflow/tests/setup.ts:20	const	INVALID_TASK_ACTIVITIES
workflow	workflow/tests/setup.ts:40	function	omitTaskActivity
workflow	workflow/tests/setup.ts:63	function	requireTask
workflow	workflow/tests/setup.ts:74	function	createTaskControllerFixture
workflow	workflow/tests/setup.ts:103	function	roundTripJSON
workflow	workflow/tests/setup.ts:108	interface	TestGateInterface
workflow	workflow/tests/setup.ts:123	function	createGate
workflow	workflow/tests/setup.ts:137	class	WorkflowStoreBoundary
workflow	workflow/tests/setup.ts:183	class	FaultBudget
workflow	workflow/tests/setup.ts:239	function	createErrorRecorder
workflow	workflow/tests/setup.ts:244	type	EmitterRecorders
workflow	workflow/tests/setup.ts:261	function	recordEmitterEvents
workflow	workflow/tests/setup.ts:295	function	isTotal
workflow	workflow/tests/setup.ts:305	interface	SignalListenerCountsInterface
workflow	workflow/tests/setup.ts:323	function	instrumentSignal
workflow	workflow/tests/setup.ts:350	interface	RecordingSchedulerInterface
workflow	workflow/tests/setup.ts:356	class	RecordingScheduler
workflow	workflow/tests/setup.ts:385	function	createRecordingScheduler
workflow	workflow/tests/setup.ts:406	function	buildWorkflowDefinition
workflow	workflow/tests/setup.ts:449	function	buildReleaseDefinition
workflow	workflow/tests/setup.ts:476	const	RELEASE_FUNCTIONS
workflow	workflow/tests/setup.ts:493	function	settleSnapshot
workflow	workflow/tests/setup.ts:500	function	isBrowserVuePath
workspace	workspace/tests/setup.ts:9	type	EmitterRecorders
workspace	workspace/tests/setup.ts:22	function	isTotal
workspace	workspace/tests/setup.ts:38	function	recordEmitterEvents
workspace	workspace/tests/setup.ts:53	function	createThrowingGetterRecord
workspace	workspace/tests/setup.ts:61	function	createRevokedProxy
workspace	workspace/tests/setup.ts:77	function	buildWorkspaceSnapshot
workspace	workspace/tests/setup.ts:91	function	assertWorkspaceStoreContract
