A1	contract	tests/setup.ts:170	captureContractError	function	function captureContractError(operation: () => unknown): ContractError	Runs operation through attempt; returns ContractError or throws.	core	specific	exists:captureError diff:uses attempt; requires ContractError; two failure Errors
A1	contract	tests/setup.ts:200	TerminalIntrinsic	interface	interface TerminalIntrinsic { readonly label: string; readonly target: object; readonly key: PropertyKey; readonly via: 'replacement'|'pollution' }	Names one replaceable or polluted intrinsic member for corpus rows.	core	general	none
A1	contract	tests/setup.ts:233	replaceIntrinsic	function	function replaceIntrinsic<T>(target: object, key: PropertyKey, replacement: unknown, operation: () => T): T	Replaces own data descriptor, runs operation, restores captured descriptor.	core	general	none
A1	contract	tests/setup.ts:279	throwSentinel	function	function throwSentinel(sentinel: unknown): () => never	Returns constructible function that always throws the given sentinel.	core	general	none
A1	contract	tests/setup.ts:304	denyRecognition	function	function denyRecognition(): boolean	Returns false for every call, ignoring arguments.	core	general	none
A1	contract	tests/setup.ts:331	createInertOutcome	function	function createInertOutcome<T>(value: T): Result<T>	Returns { success: true, value } as an unarmed-pass Result.	core	specific	none
A1	contract	tests/setup.ts:347	TERMINAL_CONSTRUCTORS	const	readonly TerminalIntrinsic[]	Frozen Map/WeakMap/WeakSet/Set globalThis constructor replacement rows.	core	general	none
A1	contract	tests/setup.ts:388	TERMINAL_HOOKS	const	readonly TerminalIntrinsic[]	Frozen Symbol.iterator/toPrimitive/toStringTag/hasInstance hook rows.	core	specific	none
A1	contract	tests/setup.ts:447	pollutePrototype	function	function pollutePrototype<T>(prototype: object, key: PropertyKey, read: () => unknown, operation: () => T): T	Installs missing accessor, runs operation, deletes key in finally.	core	general	none
A1	contract	tests/setup.ts:486	ReentrantPollution	class	class ReentrantPollution { constructor(prototype: object, key: PropertyKey, read: () => unknown); readonly source: object; get armed(): boolean; restore(): void }	Proxy getPrototypeOf arms prototype accessor; restore deletes the key.	core	general	none
A1	contract	tests/setup.ts:553	redirectIntrinsic	function	function redirectIntrinsic<T>(intrinsic: TerminalIntrinsic, sentinel: unknown, operation: (armed: boolean) => T): T	Dispatches replacement or pollution with throwSentinel; reports armed.	core	general	none
A1	contract	tests/setup.ts:583	captured	const	Readonly<{ descriptor; define; remove; names; keys; frozen; freeze; array; set; get; own; apply }>	Frozen capture of Object/Reflect methods taken at module evaluate.	core	general	none
A1	contract	tests/setup.ts:617	TERMINAL_MEMBERS	const	readonly TerminalIntrinsic[]	FlatMaps host Object/Reflect/Array/String/Map members into replacement rows.	core	general	none
A1	contract	tests/setup.ts:797	OWNED_MEMBERS	const	readonly TerminalIntrinsic[]	Reflects core exports; writable function prototype members as replacement rows.	core	specific	none
A1	contract	tests/setup.ts:842	replaceAccessor	function	function replaceAccessor<T>(target: object, key: PropertyKey, read: () => unknown, operation: () => T): T	Replaces existing getter, runs operation, restores captured descriptor.	core	general	none
A1	contract	tests/setup.ts:863	WorkBoundInterface	interface	interface WorkBoundInterface { readonly deny: () => boolean; readonly count: () => number }	Lying membership answer that later throws overflow.	core	general	none
A1	contract	tests/setup.ts:894	createWorkBound	function	function createWorkBound(limit: number, overflow: unknown): WorkBoundInterface	Counts deny calls; returns false until limit then throws overflow.	core	general	none
A1	contract	tests/setup.ts:918	TerminalLie	interface	interface TerminalLie { readonly label: string; readonly target: object; readonly key: PropertyKey; readonly substitute: unknown; readonly control: () => boolean }	Names a plausible non-throwing intrinsic substitute plus live control.	core	general	none
A1	contract	tests/setup.ts:954	TERMINAL_LIES	const	readonly TerminalLie[]	Frozen sample of lying freeze/keys/has/iterator/map/set/regexp substitutes.	core	general	none
A1	contract	tests/setup.ts:1289	lieIntrinsic	function	function lieIntrinsic<T>(lie: TerminalLie, operation: (armed: boolean) => T): T	Installs substitute via captured.define, runs control, restores descriptor.	core	general	none
A1	contract	tests/setup.ts:1337	findVacuousControls	function	function findVacuousControls(lies: readonly TerminalLie[]): readonly string[]	Collects labels whose control() is true while the honest member is installed.	core	general	none
A1	contract	tests/setup.ts:1379	findInstallationControls	function	function findInstallationControls(lies: readonly TerminalLie[]): readonly string[]	Installs forwarding wrapper; collects controls that still report a lie.	core	general	none
A1	contract	tests/setup.ts:1424	fingerprintOwnership	function	function fingerprintOwnership(value: unknown, ancestors: readonly object[] = []): string	Recursively fingerprints frozenness and own data keys via captured reflection.	core	general	none
A1	contract	tests/setup.ts:1456	PublicDoor	interface	interface PublicDoor { readonly label: string; readonly open: () => unknown; readonly refusal: 'coded'|'total'|'raw' }	One core-barrel entry plus its permitted failure publication.	core	specific	none
A1	contract	tests/setup.ts:1479	publicDoors	function	function publicDoors(): readonly PublicDoor[]	Builds fresh coded/total/raw thunks over contract/schema/guard/parse doors.	core	specific	none
A1	contract	tests/setup.ts:1693	LateMutation	class	class LateMutation { constructor(properties: Readonly<Record<string, unknown>>, mutate: () => void); readonly shape: ContractShape; get walks(): number }	Object shape whose properties ownKeys mutates after the first enumeration.	core	specific	none
A1	contract	tests/setup.ts:1732	RECORD_BRAND_MEMBERS	const	readonly string[]	Frozen Object.prototype names the record brand requires.	core	specific	none
A1	contract	tests/setup.ts:1766	forgeRecordBrand	function	function forgeRecordBrand(prototype: object): object	Null-parents prototype and stamps real Object.prototype function members.	core	specific	none
A1	contract	tests/setup.ts:1804	forgeBlankBrand	function	function forgeBlankBrand(prototype: object): object	Null-parents prototype and stamps mandated names with undefined values.	core	specific	none
A1	contract	tests/setup.ts:1819	StringDeclaration	class	class StringDeclaration implements StringShape { readonly type = 'string'; readonly min = 1 }	Class instance string shape with a non-record class brand.	core	specific	none
A1	contract	tests/setup.ts:1828	NullBaseDeclaration	class	class NullBaseDeclaration implements StringShape { readonly type = 'string'; readonly min = 1 }	String shape whose prototype is reparented to null at load.	core	specific	none
A1	contract	tests/setup.ts:1863	ForgedBrandDeclaration	class	class ForgedBrandDeclaration implements StringShape { readonly type = 'string'; readonly min = 1; escape(): string }	Forged-brand string shape that still carries a live prototype method.	core	specific	none
A1	contract	tests/setup.ts:1888	StrippedBrandDeclaration	class	class StrippedBrandDeclaration implements StringShape { readonly type = 'string'; readonly min = 1; readonly escape: () => string }	Forged-brand string shape with live escape on the instance.	core	specific	none
A1	contract	tests/setup.ts:1908	BlankBrandDeclaration	class	class BlankBrandDeclaration implements StringShape { readonly type = 'string'; readonly min = 1; escape(): string }	Blank-forged string shape carrying a live prototype escape method.	core	specific	none
A1	contract	tests/setup.ts:1924	ProxiedBrandDeclaration	class	class ProxiedBrandDeclaration implements StringShape { readonly type = 'string'; readonly min = 1; escape(): string }	Untouched class string shape used as proxied-brand control.	core	specific	none
A1	contract	tests/setup.ts:1953	createProxiedBrandDeclaration	function	function createProxiedBrandDeclaration(): StringShape	Wraps class prototype in Proxy fabricating brand members and null prototype.	core	specific	none
A1	contract	tests/setup.ts:1985	PatternCarrier	class	class PatternCarrier { constructor(text: string); get text(): string; get count(): number; change(text: string): void; toString(): string }	Mutable text whose toString increments a conversion counter.	core	general	none
A1	contract	tests/setup.ts:2021	PatternFixture	class	class PatternFixture { constructor(field: 'source'|'flags', accessor: boolean); readonly carrier: PatternCarrier; readonly shape: StringShape }	StringShape whose pattern source or flags getter returns PatternCarrier.	core	specific	none
A1	contract	tests/setup.ts:2063	SingleReadPattern	class	class SingleReadPattern { constructor(accessor: boolean); readonly shape: StringShape; get reads(): number }	Frozen RegExp source getter that throws on a second observation.	core	specific	none
A1	contract	tests/setup.ts:2104	RetentionFactory	type	type RetentionFactory<TSource, TPopulation extends object> = (read: () => TPopulation) => TSource	Callback that builds a source closing over a live population reader.	core	general	none
A1	contract	tests/setup.ts:2109	RetentionFixture	class	class RetentionFixture<TSource, TPopulation extends object> { constructor(target: object, population: TPopulation, create: RetentionFactory<TSource, TPopulation>); readonly reference: WeakRef<object>; readonly source: TSource; release(): void }	Holds population until release; read throws after release; WeakRef of target.	core	general	none
A1	contract	tests/setup.ts:2145	createShapeRetention	function	function createShapeRetention(label: string, invalid: boolean): RetentionFixture<ContractShape, Record<string, ContractShape>>	Proxy object shape whose properties getter yields a releasable child map.	core	specific	none
A1	contract	tests/setup.ts:2191	createVariantRetention	function	function createVariantRetention(label: string, invalid: boolean): RetentionFixture<ContractShape, ContractShape[]>	Proxy union shape whose variants getter yields a releasable child array.	core	specific	none
A1	contract	tests/setup.ts:2225	SchemaRetentionFixture	interface	interface SchemaRetentionFixture { readonly fixture: RetentionFixture<JSONSchema, { readonly child: JSONSchema }>; readonly reason: Error }	Schema retention fixture paired with its exact traversal Error.	core	specific	none
A1	contract	tests/setup.ts:2237	createSchemaRetention	function	function createSchemaRetention(label: string, invalid: boolean): SchemaRetentionFixture	Proxy JSONSchema that throws reason on non-child gets; optional extra key.	core	specific	none
A1	contract	tests/setup.ts:2268	replaceStringIterator	function	function replaceStringIterator<T>(replacement: () => unknown, operation: () => T): T	Replaces String.prototype[Symbol.iterator] getter, runs operation, restores.	core	general	none
A1	contract	tests/setup.ts:2297	replaceStringSlice	function	function replaceStringSlice<T>(replacement: () => unknown, operation: () => T): T	Replaces String.prototype.slice getter, runs operation, restores descriptor.	core	general	none
A1	contract	tests/setup.ts:2324	createUndefinedSchema	function	function createUndefinedSchema(keyword: 'items'|'additionalProperties'): JSONSchema	Empty JSONSchema with Reflect.set of keyword to undefined.	core	specific	none
A1	contract	tests/setup.ts:2349	ArrayRootSchema	class	class ArrayRootSchema extends Array<JSONSchema> implements JSONSchema { declare readonly type?: JSONSchemaType }	Array exotic object that also satisfies optional JSONSchema keywords.	core	specific	none
A1	contract	tests/setup.ts:2364	ClassSampleMemo	class	class ClassSampleMemo implements SampleMemo { readonly rows: WeakMap<object, SampleMemo>; readonly schemas: Map<string, JSONSchema> }	SampleMemo carried on a class instance with empty WeakMap and Map.	core	specific	none
A1	contract	tests/setup.ts:2370	Tree	interface	interface Tree<T> { readonly value: T; readonly children: ReadonlyArray<Tree<T>> }	Readonly node with a value and child trees.	core	general	none
A1	contract	tests/setup.ts:2384	buildTree	function	function buildTree<T>(value: () => T, depth: number): Tree<T>	Builds a complete binary tree by calling value at every node.	core	general	none
A1	contract	tests/setup.ts:2401	throwHostileAccess	function	function throwHostileAccess(): never	Throws Error('hostile access') and never returns.	core	general	none
A1	contract	tests/setup.ts:2415	advanceInfiniteIterable	function	function advanceInfiniteIterable(): IteratorResult<number>	Returns { done: false, value: 0 }.	core	general	none
A1	contract	tests/setup.ts:2430	iterateInfiniteIterable	function	function iterateInfiniteIterable(this: IterableIterator<number>): IterableIterator<number>	Returns this from the iterable protocol method.	core	general	none
A1	contract	tests/setup.ts:2445	createRevokedProxy	function	function createRevokedProxy(): object	Builds Proxy.revocable({}, {}), revokes it, returns the proxy.	core	general	exists:createHostileValues diff:returns only the revoked-proxy member
A1	contract	tests/setup.ts:2463	createRevokedArrayProxy	function	function createRevokedArrayProxy<T = unknown>(): readonly T[]	Revokes a Proxy over an empty array and returns that proxy.	core	general	exists:createHostileValues diff:revoked array proxy not object proxy
A1	contract	tests/setup.ts:2488	createThrowingGetter	function	function createThrowingGetter(key = 'value'): Readonly<Record<string, unknown>>	Record with enumerable getter on key that calls throwHostileAccess.	core	general	exists:createHostileValues diff:named enumerable getter not blanket get trap
A1	contract	tests/setup.ts:2509	createThrowingPrototype	function	function createThrowingPrototype(reason: unknown): object	Proxy over {b:1,a:2} whose getPrototypeOf throws reason.	core	general	exists:createHostileValues diff:only getPrototypeOf trap; throws caller reason
A1	contract	tests/setup.ts:2539	createStatefulGetter	function	function createStatefulGetter(): Readonly<Record<string, unknown>>	value getter returns 1 once then 'drifted' forever after.	core	general	none
A1	contract	tests/setup.ts:2569	createUnstableArray	function	function createUnstableArray(): readonly unknown[]	[1,2,3] whose own slice method always returns ['lie','lie'].	core	general	none
A1	contract	tests/setup.ts:2587	createHostileKeys	function	function createHostileKeys(): object	Proxy whose ownKeys and getOwnPropertyDescriptor throw hostile access.	core	general	exists:createHostileValues diff:ownKeys and descriptor traps together
A1	contract	tests/setup.ts:2608	buildDeepNest	function	function buildDeepNest(depth: number): unknown	Wraps 'leaf' in depth alternating array then {value} layers.	core	general	none
A1	contract	tests/setup.ts:2636	buildWideVocabulary	function	function buildWideVocabulary(count = 200_000): readonly string[]	Pushes `value${index}` count times into a string array.	core	general	none
A1	contract	tests/setup.ts:2653	buildDeepShape	function	function buildDeepShape(depth: number): ContractShape	Wraps stringShape in depth nested arrayShape layers.	core	specific	none
A1	contract	tests/setup.ts:2679	buildSharedDagShape	function	function buildSharedDagShape(levels: number): ContractShape	Wraps stringShape in levels of objectShape sharing left and right.	core	specific	none
A1	contract	tests/setup.ts:2688	CountedGraphInterface	interface	interface CountedGraphInterface { readonly shape: ContractShape; readonly value: unknown; readonly count: () => number }	Declaration, value graph, and tally of record-node reads.	core	specific	none
A1	contract	tests/setup.ts:2724	buildCountedGraph	function	function buildCountedGraph(levels: number, shared: boolean): CountedGraphInterface	Builds array/record graph with inner getters that increment reads.	core	specific	none
A1	contract	tests/setup.ts:2771	createNonEnumerableRecord	function	function createNonEnumerableRecord(key: string, value: unknown): Readonly<Record<string, unknown>>	Plain record with one non-enumerable configurable writable own key.	core	general	none
A1	contract	tests/setup.ts:2796	buildCyclicRecord	function	function buildCyclicRecord(): Readonly<Record<string, unknown>>	Empty record whose self property is the record itself.	core	general	exists:createHostileValues diff:returns only the cyclic-record member
A1	contract	tests/setup.ts:2813	buildCyclicArray	function	function buildCyclicArray(): readonly unknown[]	Empty array that pushes itself as its only element.	core	general	none
A1	contract	tests/setup.ts:2830	buildSparseArray	function	function buildSparseArray(): readonly unknown[]	Length-3 array with only index 1 set to 'value'.	core	general	none
A1	contract	tests/setup.ts:2838	NativeMaximumSparseArrayFixture	interface	interface NativeMaximumSparseArrayFixture<T> { readonly value: readonly T[]; readonly probes: readonly string[] }	Max-length array brand plus recorded indexed-probe strings.	core	general	none
A1	contract	tests/setup.ts:2863	createNativeMaximumSparseArray	function	function createNativeMaximumSparseArray<T>(): NativeMaximumSparseArrayFixture<T>	Proxy array length 2**32-1; indexed get/has/descriptor throw and record.	core	general	none
A1	contract	tests/setup.ts:2915	createNullPrototypeRecord	function	function createNullPrototypeRecord(): Readonly<Record<string, unknown>>	Object.create(null) with value set to 1.	core	general	exists:createHostileValues diff:null-proto record with value:1 not empty
A1	contract	tests/setup.ts:2933	createClassInstance	function	function createClassInstance(): object	Instantiates an anonymous class with readonly value 1.	core	general	none
A1	contract	tests/setup.ts:2951	createOneShotIterable	function	function createOneShotIterable(): IterableIterator<number>	Returns [1,2,3].values(), a one-shot array iterator.	core	general	none
A1	contract	tests/setup.ts:2966	createInfiniteIterable	function	function createInfiniteIterable(): IterableIterator<number>	Iterator whose next is advanceInfiniteIterable and iterator returns this.	core	general	none
A1	contract	tests/setup.ts:2989	SOUNDNESS_SAMPLE	const	readonly unknown[]	Frozen mix of primitives, containers, exotics, cyclic, hostile, deep nests.	core	specific	exists:createHostileValues diff:broad frozen corpus; not the six-value factory
A1	contract	tests/setup.ts:3069	soundnessViolations	function	function soundnessViolations<T>(guard: Guard<T>, parse: (value: unknown) => T|undefined): readonly string[]	Tags A@i identity misses and B@i unguarded parse outputs over SOUNDNESS_SAMPLE.	core	specific	none
A1	contract	tests/setup.ts:3086	ShapeValidationDefect	type	type ShapeValidationDefect = 'domain'|'cycle'|'structure'	Deferred declaration defect tag for validator-precedence cases.	core	specific	none
A1	contract	tests/setup.ts:3094	createShapeValidationCase	function	function createShapeValidationCase(order: readonly ShapeValidationDefect[]): ContractShape	Object shape planting min:-1, self-cycle, or undefined child per order.	core	specific	none
A1	contract	tests/setup.ts:3117	ShapeSeparation	interface	interface ShapeSeparation { readonly shape: ContractShape; readonly witness?: unknown }	Kind-representative shape plus optional parse-accepts/guard-rejects witness.	core	specific	none
A1	contract	tests/setup.ts:3127	SHAPE_SEPARATIONS	const	Readonly<Record<ContractShape['type'], ShapeSeparation>>	Frozen per-kind shape and optional parse/guard separation witness.	core	specific	none
A1	contract	tests/setup.ts:3156	stringShapeVariations	function	function stringShapeVariations(): ReadonlyArray<readonly [string, ContractShape]>	Returns plain/min/max/bounds/described stringShape pairs.	core	specific	none
A1	contract	tests/setup.ts:3170	numberShapeVariations	function	function numberShapeVariations(): ReadonlyArray<readonly [string, ContractShape]>	Returns plain/bounded number and integer shape pairs.	core	specific	none
A1	contract	tests/setup.ts:3181	booleanShapeVariations	function	function booleanShapeVariations(): ReadonlyArray<readonly [string, ContractShape]>	Returns one described booleanShape pair.	core	specific	none
A1	contract	tests/setup.ts:3186	nullShapeVariations	function	function nullShapeVariations(): ReadonlyArray<readonly [string, ContractShape]>	Returns one plain nullShape pair.	core	specific	none
A1	contract	tests/setup.ts:3191	literalShapeVariations	function	function literalShapeVariations(): ReadonlyArray<readonly [string, ContractShape]>	Returns single/multi/number/boolean/mixed/described literalShape pairs.	core	specific	none
A1	contract	tests/setup.ts:3203	jsonShapeVariations	function	function jsonShapeVariations(): ReadonlyArray<readonly [string, ContractShape]>	Returns one plain jsonShape pair.	core	specific	none
A1	contract	tests/setup.ts:3211	leafShapeVariations	function	function leafShapeVariations(): ReadonlyArray<readonly [string, ContractShape]>	Concatenates every leaf-kind variation helper into one list.	core	specific	none
A1	contract	tests/setup.ts:3235	compositeShape	function	function compositeShape(depth = 2): ContractShape	All-kinds objectShape nested in array/record wrappers for depth>=2.	core	specific	none
A1	contract	tests/setup.ts:3270	validSamplesFor	function	function validSamplesFor(shape: ContractShape): readonly unknown[]	Switch on shape.type to curated guard-valid leaf samples; else [].	core	specific	none
A1	contract	tests/setup.ts:3290	invalidSamplesFor	function	function invalidSamplesFor(shape: ContractShape): readonly unknown[]	Switch on shape.type to curated invalid leaf samples; else [].	core	specific	none
A1	contract	tests/setup.ts:3321	compileWidenedContract	function	function compileWidenedContract<S extends ContractShape>(shape: S): ContractInterface<unknown>	Calls createContract(shape) typed as ContractInterface<unknown>.	core	specific	none
A1	contract	tests/setup.ts:3343	Equal	type	type Equal<X, Y> = (<T>() => T extends X ? 1 : 2) extends (<T>() => T extends Y ? 1 : 2) ? true : false	Compile-time exact type identity, not mere assignability.	core	general	none
A1	contract	tests/setup.ts:3347	Expect	type	type Expect<T extends true> = T	Compile-time assert that T is exactly true.	core	general	none
A1	contract	tests/setup.ts:3363	expectLockstep	function	function expectLockstep<S extends ContractShape>(shape: S, seed: number): void	generate, expect is, parse equals value, parsed still is.	core	specific	none
A1	contract	tests/setup.ts:3389	expectJSONRoundtrip	function	function expectJSONRoundtrip<S extends ContractShape>(shape: S, seed: number): void	generate, JSON.stringify/parse, is, parse, stringify equals original text.	core	specific	exists:roundTripJSON diff:shape-seed generate plus vitest expect; not a copy helper
A1	contract	tests/setup.ts:3411	buildTypeFault	function	function buildTypeFault(expected: FaultKind): Fault	Returns { reason:'type', path:[], expected, received:'null' }.	core	specific	none
A1	contract	tests/setup.ts:3428	faultsToConstraints	function	function faultsToConstraints(faults: readonly AuditFault[]): ReadonlyArray<FaultConstraint|undefined>	Maps constraint faults to constraint; other reasons yield undefined.	core	specific	none
A1	contract	tests/setup.ts:3452	ObservedShape	class	class ObservedShape { constructor(); readonly shape: StringShape; get reads(): number; clear(): void }	StringShape pattern getter increments reads and returns frozen /^[a-z]+$/.	core	specific	none
A1	contract	tests/setup.ts:3495	buildStaircaseShape	function	function buildStaircaseShape(child: ContractShape, levels: number): ContractShape	Object whose kN wraps child in N array levels for N in 0..levels-1.	core	specific	none
A1	contract	tests/setup.ts:3524	ReentrantShape	class	class ReentrantShape { constructor(reenter: () => unknown); readonly shape: StringShape; get nested(): Result<unknown>|undefined }	First pattern read runs reenter via attempt; later reads skip it.	core	specific	none
A1	contract	tests/setup.ts:3559	SMUGGLED_KEY	const	unique symbol	Symbol('SmuggledMember') used as SmuggledMember's only prototype key.	core	general	none
A1	contract	tests/setup.ts:3575	DriftedMethods	class	class DriftedMethods { validate(): number; undocumented(): number }	Named prototype methods returning 0 and 1.	core	general	none
A1	contract	tests/setup.ts:3598	SmuggledMember	class	class SmuggledMember { [SMUGGLED_KEY](): number }	Symbol-keyed prototype method returning 2.	core	general	none
A1	elements	tests/setup.ts:59	extractProperty	function	function extractProperty(value: unknown, key: string): unknown	Returns undefined unless non-null object; else Reflect.get(value, key).	core	general	none
A1	elements	tests/setup.ts:64	createRecorder	function	function createRecorder<TArgs extends readonly unknown[]>(): TestRecorderInterface<TArgs>	Allocates calls; handler pushes args; clear empties; count is length.	core	general	exists:createRecorder diff:calls exposed via getter not a field
A1	elements	tests/setup.ts:82	waitForDelay	function	function waitForDelay(ms = 0): Promise<void>	Returns Promise resolved by setTimeout(resolve, ms).	core	general	exists:waitForDelay
A1	elements	tests/setup.ts:91	leaves	function	function leaves(node: unknown): readonly string[]	String returns [node]; objects flatMap values; else [].	core	general	none
A1	elements	tests/setup.ts:112	tableCellFor	function	function tableCellFor(doc: string, heading: string): string	Regex-finds **heading** markdown row; returns next cell or ''.	core	general	none
A1	elements	tests/setup.ts:131	extractBacktickedNames	function	function extractBacktickedNames(text: string, options: { readonly prefix?: '.'|'--'|'<' } = {}): readonly string[]	Strips parens then collects backtick names matching chosen prefix regex.	core	general	none
A1	elements	tests/setup.ts:169	stripComments	function	function stripComments(source: string): string	Replaces block comments then line comments with empty string.	core	general	none
A1	elements	tests/setup.ts:178	tagFromPath	function	function tagFromPath(path: string): string	Extracts _{tag}.scss capture; throws Error when the path does not match.	core	specific	none
A1	elements	tests/setup.ts:185	declaresToken	function	function declaresToken(source: string, prefix: string, suffix: string): boolean	Tests --set-{prefix}-{suffix}: after escaping suffix hyphens.	core	specific	none
A1	elements	tests/setup.ts:191	declaresElementToken	function	function declaresElementToken(source: string, tag: string): boolean	Tests --set-{tag}-[a-z0-9-]+: case-insensitively.	core	specific	none
A1	elements	tests/setup.ts:201	usesMotionMixin	function	function usesMotionMixin(source: string): boolean	True if @include transition( or @include reduced-motion appears.	core	specific	none
A1	elements	tests/setup.ts:211	relativeStylesPath	function	function relativeStylesPath(path: string): string	Normalizes backslashes then rewrites through src/styles/ prefix.	core	specific	none
A1	elements	tests/setup.ts:231	extractRuleOpeners	function	function extractRuleOpeners(source: string): readonly string[]	Strips comments; joins lines to `{`; skips @-rules, empty, and `&` openers.	core	general	none
A1	elements	tests/setup.ts:268	bareClassNamesIn	function	function bareClassNamesIn(source: string): readonly string[]	Global regex of `^\s*.{kebab} {` capturing class names in source order.	core	general	none
A1	elements	tests/setup.ts:285	extractSetTokenDeclarations	function	function extractSetTokenDeclarations(source: string): readonly string[]	Collects unique --set-* declaration names in first-seen order.	core	specific	none
A1	elements	tests/setup.ts:312	componentNamespacesFromPaths	function	function componentNamespacesFromPaths(paths: Iterable<string>): Set<string>	Adds basenames matching /components|composables/_{name}.scss.	core	specific	none
A1	elements	tests/setup.ts:328	classNameIsSanctioned	function	function classNameIsSanctioned(cls: string, componentNames: ReadonlySet<string>, allow: ReadonlySet<string> = new Set<string>()): boolean	Allows unhyphenated, showcase-, corners, namespace prefix, or allow-list.	core	specific	none
A1	elements	tests/setup.ts:349	findLayerDirectives	function	function findLayerDirectives(source: string): readonly string[]	Collects @layer name captures in source order, keeping duplicates.	core	general	none
A1	elements	tests/setup.ts:391	TAILWIND_SINGLE_TOKEN_UTILITIES	const	readonly string[]	Frozen Tailwind v4 single-token utility class names.	core	general	none
A1	elements	tests/setup.ts:473	StateTransition	interface	interface StateTransition<TState extends string, TEvent extends string> { readonly name: string; readonly from: TState; readonly event: TEvent; readonly to: TState }	One named from/event/to row for statechart tables.	core	general	none
A1	elements	tests/setup.ts:480	StateScenario	interface	interface StateScenario<TState extends string, TEvent extends string, TContext> { readonly transition: StateTransition<TState, TEvent>; readonly arrange: (context: TContext, state: TState) => Promise<void>|void; readonly act: (context: TContext, event: TEvent) => Promise<void>|void; readonly assert: (context: TContext, state: TState) => Promise<void>|void }	Transition plus arrange/act/assert callbacks over a context.	core	general	none
A1	elements	tests/setup.ts:495	EventRecorder	interface	interface EventRecorder { readonly count: number; clear(): void }	Narrow recorder view exposing only count and clear.	core	general	exists:RecorderInterface diff:only count and clear; no calls or handler
A1	elements	tests/setup.ts:537	createPersonShape	function	function createPersonShape(): ContractShape	Fresh objectShape name/age/optional bio using elements compilers.	core	specific	none
A1	elements	tests/setup.ts:551	createNestedShape	function	function createNestedShape(): ContractShape	Fresh objectShape id/address/tags with nested object and array.	core	specific	none
A1	elements	tests/setup.ts:567	createUnionShape	function	function createUnionShape(): ContractShape	Fresh unionShape of min-1 string and min-0 integer.	core	specific	none
A1	elements	tests/setup.ts:578	createOneOfShape	function	function createOneOfShape(): ContractShape	Fresh oneOfShape of min-1 string and min-0 integer.	core	specific	none
A1	elements	tests/setup.ts:588	createRecordDictShape	function	function createRecordDictShape(): ContractShape	Fresh recordShape(numberShape()).	core	specific	none
A1	elements	tests/setup.ts:599	POLLUTION_KEYS	const	readonly string[]	Frozen ['__proto__','constructor','prototype'].	core	general	none
A1	elements	tests/setup.ts:624	assertNoPrototypePollution	function	function assertNoPrototypePollution(run: () => void): void	Snapshots Object.prototype, runs, expects no grafts, deletes extras.	core	general	none
A1	elements	tests/setup.ts:703	assertParseGuardSymmetry	function	function assertParseGuardSymmetry(shape: ContractShape, samples: readonly unknown[]): void	For each sample asserts guard/parser A/B/C via compileGuard and compileParser.	core	specific	none
A1	elements	tests/setup.ts:764	assertGeneratorSatisfiesGuard	function	function assertGeneratorSatisfiesGuard(shape: ContractShape, seeds: readonly number[]): void	Per seed asserts guard, deepEquals determinism, then optional variability.	core	specific	none
A1	elements	tests/setup.ts:813	makeCyclicArray	function	function makeCyclicArray(): readonly unknown[]	Empty array that pushes itself as first element.	core	general	none
A1	elements	tests/setup.ts:828	makeCyclicObject	function	function makeCyclicObject(): Record<string, unknown>	Empty object whose self property is the object.	core	general	exists:createHostileValues diff:returns only the cyclic-object member
A1	elements	tests/setup.ts:849	makeCyclicShape	function	function makeCyclicShape(): ContractShape	objectShape whose properties.self is assigned the returned shape.	core	specific	none
A1	elements	tests/setup.ts:866	deepEquals	function	function deepEquals(a: unknown, b: unknown, seen: Set<unknown> = new Set()): boolean	Object.is leaves; arrays by index; objects by sorted keys; cycles via seen.	core	general	none
A1	elements	tests/setup.ts:917	countDistinct	function	function countDistinct(values: readonly unknown[]): number	Counts values with no deepEquals match already in the distinct list.	core	general	none
A1	elements	tests/setup.ts:928	describeShape	function	function describeShape(shape: ContractShape): string	Formats object keys, array item type, union variants, or shape.type.	core	specific	none
A1	elements	tests/setup.ts:943	printValue	function	function printValue(value: unknown): string	JSON.stringify with WeakSet circular replacer; catch falls back to String.	core	general	none
A1	mailbox	tests/setup.ts:19	TestRecorderInterface	interface	interface TestRecorderInterface<TArgs extends readonly unknown[]> { readonly calls: readonly TArgs[]; readonly count: number; readonly handler: (...args: TArgs) => void; clear(): void }	Call-list recorder with handler and clear.	core	general	exists:RecorderInterface
A1	mailbox	tests/setup.ts:26	extractProperty	function	function extractProperty(value: unknown, key: string): unknown	Returns undefined unless non-null object; else Reflect.get(value, key).	core	general	none
A1	mailbox	tests/setup.ts:31	createRecorder	function	function createRecorder<TArgs extends readonly unknown[]>(): TestRecorderInterface<TArgs>	Allocates calls; handler pushes args; clear empties; count is length.	core	general	exists:createRecorder diff:calls exposed via getter not a field
A1	mailbox	tests/setup.ts:49	waitForDelay	function	function waitForDelay(ms = 0): Promise<void>	Returns Promise resolved by setTimeout(resolve, ms).	core	general	exists:waitForDelay
A1	mailbox	tests/setup.ts:58	leaves	function	function leaves(node: unknown): readonly string[]	String returns [node]; objects flatMap values; else [].	core	general	none
A1	mailbox	tests/setup.ts:70	stripComments	function	function stripComments(source: string): string	Replaces block comments then line comments with empty string.	core	general	none
A1	mailbox	tests/setup.ts:78	relativeStylesPath	function	function relativeStylesPath(path: string): string	Normalizes backslashes then rewrites through src/styles/ prefix.	core	specific	none
A1	mailbox	tests/setup.ts:86	tagFromPath	function	function tagFromPath(path: string): string	Extracts _{name}.scss after slash normalize; returns '' when unmatched.	core	specific	none
A1	mailbox	tests/setup.ts:98	usesMotionMixin	function	function usesMotionMixin(source: string): boolean	True if @include optional mixins. transition( or reduced-motion.	core	specific	none
A1	mailbox	tests/setup.ts:109	usesForcedColorsMixin	function	function usesForcedColorsMixin(source: string): boolean	True if @include optional mixins.forced-colors appears.	core	specific	none
A1	mailbox	tests/setup.ts:118	hasBareMotion	function	function hasBareMotion(source: string): boolean	Multiline test for top-level transition: or animation: shorthand.	core	specific	none
A1	mailbox	tests/setup.ts:137	TAILWIND_SINGLE_TOKEN_UTILITIES	const	readonly string[]	Frozen Tailwind v4 single-token utility class names.	core	general	none
A1	mailbox	tests/setup.ts:196	componentNamespacesFromPaths	function	function componentNamespacesFromPaths(paths: Iterable<string>): Set<string>	Adds basenames matching /styles/_{name}.scss.	core	specific	none
A1	mailbox	tests/setup.ts:210	classNameIsSanctioned	function	function classNameIsSanctioned(cls: string, componentNames: ReadonlySet<string>, allow: ReadonlySet<string> = new Set<string>()): boolean	Allows unhyphenated, showcase-, corners, namespace prefix, or allow-list.	core	specific	none
A1	mailbox	tests/setup.ts:250	createPersonShape	function	function createPersonShape(): ContractShape	Fresh objectShape name/age/optional bio using mailbox compilers.	core	specific	none
A1	mailbox	tests/setup.ts:264	createNestedShape	function	function createNestedShape(): ContractShape	Fresh objectShape id/address/tags with nested object and array.	core	specific	none
A1	mailbox	tests/setup.ts:280	createUnionShape	function	function createUnionShape(): ContractShape	Fresh unionShape of min-1 string and min-0 integer.	core	specific	none
A1	mailbox	tests/setup.ts:291	createOneOfShape	function	function createOneOfShape(): ContractShape	Fresh oneOfShape of min-1 string and min-0 integer.	core	specific	none
A1	mailbox	tests/setup.ts:301	createRecordDictShape	function	function createRecordDictShape(): ContractShape	Fresh recordShape(numberShape()).	core	specific	none
A1	mailbox	tests/setup.ts:312	POLLUTION_KEYS	const	readonly string[]	Frozen ['__proto__','constructor','prototype'].	core	general	none
A1	mailbox	tests/setup.ts:337	assertNoPrototypePollution	function	function assertNoPrototypePollution(run: () => void): void	Snapshots Object.prototype, runs, expects no grafts, deletes extras.	core	general	none
A1	mailbox	tests/setup.ts:416	assertParseGuardSymmetry	function	function assertParseGuardSymmetry(shape: ContractShape, samples: readonly unknown[]): void	For each sample asserts guard/parser A/B/C via compileGuard and compileParser.	core	specific	none
A1	mailbox	tests/setup.ts:477	assertGeneratorSatisfiesGuard	function	function assertGeneratorSatisfiesGuard(shape: ContractShape, seeds: readonly number[]): void	Per seed asserts guard, deepEquals determinism, then optional variability.	core	specific	none
A1	mailbox	tests/setup.ts:526	makeCyclicArray	function	function makeCyclicArray(): readonly unknown[]	Empty array that pushes itself as first element.	core	general	none
A1	mailbox	tests/setup.ts:541	makeCyclicObject	function	function makeCyclicObject(): Record<string, unknown>	Empty object whose self property is the object.	core	general	exists:createHostileValues diff:returns only the cyclic-object member
A1	mailbox	tests/setup.ts:562	makeCyclicShape	function	function makeCyclicShape(): ContractShape	objectShape whose properties.self is assigned the returned shape.	core	specific	none
A1	mailbox	tests/setup.ts:579	deepEquals	function	function deepEquals(a: unknown, b: unknown, seen: Set<unknown> = new Set()): boolean	Object.is leaves; arrays by index; objects by sorted keys; cycles via seen.	core	general	none
A1	mailbox	tests/setup.ts:630	countDistinct	function	function countDistinct(values: readonly unknown[]): number	Counts values with no deepEquals match already in the distinct list.	core	general	none
A1	mailbox	tests/setup.ts:641	describeShape	function	function describeShape(shape: ContractShape): string	Formats object keys, array item type, union variants, or shape.type.	core	specific	none
A1	mailbox	tests/setup.ts:656	printValue	function	function printValue(value: unknown): string	JSON.stringify with WeakSet circular replacer; catch falls back to String.	core	general	none
A1	browser	tests/setup.ts:14	ignoreCall	function	function ignoreCall(): void	Returns undefined.	core	general	none
A1	browser	tests/setup.ts:19	ignoreAsyncCall	function	function ignoreAsyncCall(): Promise<void>	Returns Promise.resolve().	core	general	none
A1	browser	tests/setup.ts:24	throwListenerError	function	function throwListenerError(): never	Throws Error('listener failed').	core	general	none
A1	browser	tests/setup.ts:36	waitForCondition	function	async function waitForCondition(condition: () => boolean, timeout = 1000, interval = 10): Promise<void>	Polls sync condition; waitForDelay(interval); throws after Date.now deadline.	core	general	exists:waitForCondition diff:no description; positional timeout; sync-only; Date.now; no signal/validation
A1	browser	tests/setup.ts:51	evaluateJavaScript	function	function evaluateJavaScript(expression: string): unknown	new Function return (expression) applied with no this or args.	core	general	none
A1	browser	tests/setup.ts:59	CDPSentMessage	interface	interface CDPSentMessage { readonly id: number; readonly method: string; readonly params: Readonly<Record<string, unknown>>|undefined; readonly sessionId: string|undefined }	One recorded JSON-RPC send frame.	core	specific	none
A1	browser	tests/setup.ts:67	CDPSentHandler	type	type CDPSentHandler = (message: CDPSentMessage) => void	Sync callback when fake transport observes a matching send.	core	specific	none
A1	browser	tests/setup.ts:79	CDPTestTransportInterface	interface	interface CDPTestTransportInterface extends CDPTransportInterface { readonly sent: readonly CDPSentMessage[]; readonly started: boolean; readonly closed: boolean; onSend(method: string, handler: CDPSentHandler): void; reply(id: number, result: unknown): void; fail(id: number, message: string): void; event(method: string, params?: Readonly<Record<string, unknown>>, sessionId?: string): void; closeRemote(): void; errorRemote(error: unknown): void }	In-memory CDP transport plus scripting hooks.	core	specific	none
A1	browser	tests/setup.ts:92	ConnectedCDPFixture	interface	interface ConnectedCDPFixture { readonly client: CDPClientInterface; readonly transport: CDPTestTransportInterface }	Connected client paired with its scriptable transport.	core	specific	none
A1	browser	tests/setup.ts:103	createCDPTransport	function	function createCDPTransport(): CDPTestTransportInterface	In-memory Emitter transport recording sends and emitting reply/fail/event.	core	specific	none
A1	browser	tests/setup.ts:177	createConnectedCDPClient	function	async function createConnectedCDPClient(): Promise<ConnectedCDPFixture>	createCDPTransport, createCDPClient, await connect, return both.	core	specific	none
A1	browser	tests/setup.ts:192	replyOk	function	function replyOk(transport: CDPTestTransportInterface, method: string, result: unknown = {}): void	onSend replies with result for every matching method.	core	specific	none
A1	browser	tests/setup.ts:201	scriptCDPAttach	function	function scriptCDPAttach(transport: CDPTestTransportInterface, session = 'session-1'): void	replyOk attach, domain enables, frame tree, auto-attach, chooser, download, touch.	core	specific	none
A1	browser	tests/setup.ts:217	readCDPExpression	function	function readCDPExpression(message: CDPSentMessage|undefined): string|undefined	Returns params.expression when it is a string.	core	specific	none
A1	browser	tests/setup.ts:223	scriptSelectorPresent	function	function scriptSelectorPresent(transport: CDPTestTransportInterface, selector: string): void	scriptEvaluate true when expression has Promise, query, and selector JSON.	core	specific	none
A1	browser	tests/setup.ts:243	scriptTrustedSelector	function	function scriptTrustedSelector(transport: CDPTestTransportInterface, selector: string): void	Scripts present lookup, objectId evaluate, quads, mouse/key/text, release.	core	specific	none
A1	browser	tests/setup.ts:269	scriptFrameTree	function	function scriptFrameTree(transport: CDPTestTransportInterface): void	replyOk Page.getFrameTree with main/child/grandchild example.com frames.	core	specific	none
A1	browser	tests/setup.ts:298	StartedCodegenFixture	interface	interface StartedCodegenFixture extends ConnectedCDPFixture { readonly codegen: BrowserCodegen }	Connected fixture plus started BrowserCodegen.	core	specific	none
A1	browser	tests/setup.ts:303	createStartedCodegen	function	async function createStartedCodegen(session = 'session-1'): Promise<StartedCodegenFixture>	Connects client, replyOk runtime binding/script/evaluate, starts BrowserCodegen.	core	specific	none
A1	browser	tests/setup.ts:316	createCodegenBindingPayload	function	function createCodegenBindingPayload(payload: Readonly<Record<string, unknown>>): Readonly<Record<string, unknown>>	Returns { name:'__orkestrelBrowserCodegen', payload: JSON.stringify(payload) }.	core	specific	none
A1	browser	tests/setup.ts:332	scriptEvaluate	function	function scriptEvaluate(transport: CDPTestTransportInterface, matches: (expression: string) => boolean, value: unknown): void	onSend Runtime.evaluate replies {result:{value}} when matches(expression).	core	specific	none
A1	browser	tests/setup.ts:353	createTarget	function	function createTarget(overrides?: Partial<CDPTarget>): CDPTarget	Default page target-1 about:blank merged with overrides.	core	specific	none
A1	browser	tests/setup.ts:369	createDOMSnapshotResult	function	function createDOMSnapshotResult(): unknown	Two-document captureSnapshot strings/nodes/layout/iframe fixture object.	core	specific	none
A1	browser	tests/setup.ts:478	FakeScreenshotWriterInterface	interface	interface FakeScreenshotWriterInterface extends ScreenshotWriterInterface { readonly calls: ReadonlyArray<{ readonly path: string; readonly data: Uint8Array }> }	Screenshot writer that records write path and bytes.	core	specific	none
A1	browser	tests/setup.ts:488	createScreenshotWriter	function	function createScreenshotWriter(): FakeScreenshotWriterInterface	In-memory writer pushing {path,data} on each async write.	core	specific	none
A1	browser	tests/setup.ts:502	PNG_BASE64	const	'iVBORw0='	Base64 of bytes [137,80,78,71,13].	core	general	none
A1	browser	tests/setup.ts:505	JPEG_BASE64	const	'/9j/4A=='	Base64 of bytes [255,216,255,224].	core	general	none
A1	brief	tests/setup.ts:23	FIRST_RULE	const	RuleResult	Frozen logical rule { id:'ready', applied:true, premises:[true], conclusion:true }.	core	specific	none
A1	brief	tests/setup.ts:31	buildTask	function	function buildTask(): Task	task('refactor','code', native-form sentence).	core	specific	none
A1	brief	tests/setup.ts:36	buildManifest	function	function buildManifest(): Manifest	manifest with disjoint read/edit/locked/forbidden references.	core	specific	none
A1	brief	tests/setup.ts:49	buildBrief	function	function buildBrief(overrides?: Partial<Omit<Brief, 'task'>>): Brief	brief(buildTask(), manifest/outcomes/proofs) with overrides.	core	specific	none
A1	brief	tests/setup.ts:59	buildReadyInput	function	function buildReadyInput(): BriefInput	Task, manifest, one outcome, one proof as BriefInput.	core	specific	none
A1	brief	tests/setup.ts:76	buildInterpret	function	function buildInterpret(action: string, domain: string, matched: boolean): InterpretInterface	createInterpret with extractor; optional migration template when matched.	core	specific	none
A1	brief	tests/setup.ts:115	buildFailingInterpret	function	function buildFailingInterpret(): InterpretInterface	Real createInterpret except interpret throws Error('the interpret engine failed').	core	specific	none
A1	brief	tests/setup.ts:151	buildForeignInterpret	function	function buildForeignInterpret(value: unknown): InterpretInterface	Real engine; interpret adds entity value and required output ambiguity.	core	specific	none
A1	brief	tests/setup.ts:192	AccessorInterpretation	class	class AccessorInterpretation { get text(): string; get normalized(): string; get intent(): Intent; get entities(): readonly Entity[]; get mappings(): readonly FieldMapping[]; get ambiguities(): readonly Ambiguity[]; get prompt(): string; get stages(): readonly StageRecord[]; get failures(): readonly StageFailure[]; get complete(): boolean; get confidence(): number; get digest(): string }	Interpretation fields only as prototype getters, no own data.	core	specific	none
A1	brief	tests/setup.ts:247	buildAccessorInterpret	function	function buildAccessorInterpret(): InterpretInterface	Real createInterpret except interpret returns new AccessorInterpretation().	core	specific	none
A1	brief	tests/setup.ts:275	buildAdversarialValues	function	function buildAdversarialValues(): readonly unknown[]	Array of primitives, cyclic, null-proto __proto__, Map, Set, Symbol, function.	core	general	exists:createHostileValues diff:primitives Map Set Symbol function; no revoked or throwing proxies
A1	brief	tests/setup.ts:308	readErrorCode	function	function readErrorCode(error: unknown): BriefErrorCode|undefined	isBriefError then error.code else undefined.	core	specific	none
A1	brief	tests/setup.ts:321	buildPermissiveEvaluator	function	function buildPermissiveEvaluator(): EvaluatorInterface	Evaluator id permissive; evaluate/batch always met:true actual:true.	core	specific	none
A1	brief	tests/setup.ts:342	buildCountingReason	function	function buildCountingReason(): ReasonInterface	createReason whose logical getters change after the first read per member.	core	specific	none
A1	brief	tests/setup.ts:386	buildStableReason	function	function buildStableReason(): ReasonInterface	createReason returning FIRST_RULE static first-read answers.	core	specific	none
A1	brief	tests/setup.ts:409	buildSilentReason	function	function buildSilentReason(): ReasonInterface	createReason logical conclusion false, empty rules, success true.	core	specific	none
A1	brief	tests/setup.ts:439	readConclusion	function	function readConclusion(result: ReasonResult): boolean|undefined	result.conclusion when reasoning is 'logical', else undefined.	core	specific	none
A1	brief	tests/setup.ts:444	readErrorContext	function	function readErrorContext(error: unknown): Readonly<Record<string, unknown>>|undefined	isBriefError then error.context else undefined.	core	specific	none
A1	brief	tests/setup.ts:452	buildInheritedActions	function	function buildInheritedActions(): Readonly<Record<string, 'migrate'>>	Object.create(parent) where parent owns migrate:'migrate'.	core	general	none
A1	terrain	tests/setup.ts:27	VanishingLogicalReason	class	class VanishingLogicalReason extends Reason implements LogicalResult { readonly conclusion = false; readonly count = 0; readonly success = true; readonly trace: readonly string[]; readonly errors: readonly string[]; get reasoning(): 'logical'; get rules(): LogicalResult['rules']; override reason(...): ReasonResult|readonly ReasonResult[] }	reasoning getter defines rules as undefined then returns 'logical'.	core	specific	none
A1	terrain	tests/setup.ts:54	QuantitativeResultReason	class	class QuantitativeResultReason extends Reason implements QuantitativeResult { readonly reasoning = 'quantitative'; readonly value = 0; readonly groups: readonly GroupResult[]; readonly count = 0; readonly success = true; readonly trace: readonly string[]; readonly errors: readonly string[]; override reason(...): ReasonResult|readonly ReasonResult[] }	reason returns this for one subject or maps this per subject.	core	specific	none
A1	terrain	tests/setup.ts:75	TestRecorderInterface	interface	interface TestRecorderInterface<TArgs extends readonly unknown[]> { readonly calls: readonly TArgs[]; readonly count: number; readonly handler: (...args: TArgs) => void; clear(): void }	Call-list recorder with handler and clear.	core	general	exists:RecorderInterface
A1	terrain	tests/setup.ts:82	createRecorder	function	function createRecorder<TArgs extends readonly unknown[] = readonly unknown[]>(): TestRecorderInterface<TArgs>	Allocates calls; handler arrow pushes args; clear empties; count is length.	core	general	exists:createRecorder diff:default TArgs; handler arrow; calls via getter
A1	terrain	tests/setup.ts:103	EmitterRecorders	type	type EmitterRecorders<TMap extends EventMap, TName extends keyof TMap> = { readonly [K in TName]: TestRecorderInterface<TMap[K]> }	Mapped recorder per listed event name.	core	general	none
A1	terrain	tests/setup.ts:120	recordEmitterEvents	function	function recordEmitterEvents<TMap extends EventMap, TName extends keyof TMap>(emitter: EmitterInterface<TMap>, events: readonly TName[]): EmitterRecorders<TMap, TName>	createRecorder per name, emitter.on, isTotal or throws, returns map.	core	general	none
A1	terrain	tests/setup.ts:154	isTotal	function	function isTotal<TMap extends EventMap, TName extends keyof TMap>(recorders: Partial<EmitterRecorders<TMap, TName>>, events: readonly TName[]): recorders is EmitterRecorders<TMap, TName>	True when every listed name has a defined recorder.	core	general	none
A1	terrain	tests/setup.ts:161	waitForDelay	function	function waitForDelay(ms = 0): Promise<void>	Returns Promise resolved by setTimeout(resolve, ms).	core	general	exists:waitForDelay
A1	terrain	tests/setup.ts:175	captureError	function	function captureError(thunk: () => unknown): unknown	try thunk; catch returns error; else undefined.	core	general	exists:captureError
A1	terrain	tests/setup.ts:185	RecordingAggregate	interface	interface RecordingAggregate { readonly operation: AggregateOperation; readonly column: FieldPath; readonly input: QueryInput }	One recorded native aggregate call.	core	specific	none
A1	terrain	tests/setup.ts:198	RecordingDriverInterface	interface	interface RecordingDriverInterface extends DriverInterface { records(table: string, input: QueryInput): Promise<readonly Row[]>; aggregate(table: string, operation: AggregateOperation, column: FieldPath, input: QueryInput): Promise<number|undefined> }	Memory driver plus required native records/aggregate hooks.	core	specific	none
A1	terrain	tests/setup.ts:211	RECORDING_ROW	const	Row	{ id:'native', name:'Native', age:7 }.	core	specific	none
A1	terrain	tests/setup.ts:214	RECORDING_AGGREGATE	const	123	Sentinel number native aggregate returns.	core	specific	none
A1	terrain	tests/setup.ts:221	RecordingDriver	class	class RecordingDriver implements RecordingDriverInterface { constructor(aggregatesUndefined = false); get recordsCalls(): readonly QueryInput[]; get aggregateCalls(): readonly RecordingAggregate[]; open/close/read/write/insert/delete/keys/scan/clear/snapshot; records(...); aggregate(...) }	Delegates storage to createMemoryDriver; hooks record and return sentinels.	core	specific	none
A1	terrain	tests/setup.ts:301	createRecordingDriver	function	function createRecordingDriver(aggregatesUndefined = false): { readonly driver: RecordingDriverInterface; readonly recordsCalls: readonly QueryInput[]; readonly aggregateCalls: readonly RecordingAggregate[] }	new RecordingDriver and returns driver plus its call-list getters.	core	specific	none
A1	terrain	tests/setup.ts:323	isDeeplyFrozen	function	function isDeeplyFrozen(value: unknown): boolean	Non-objects true; else Object.isFrozen and every Object.values child.	core	general	none
A1	terrain	tests/setup.ts:330	ADVERSARIAL_SYMBOL_KEY	const	unique symbol	Symbol('adversarial') used as a Subject key.	core	general	none
A1	terrain	tests/setup.ts:341	ADVERSARIAL_VALUE_SUBJECT	const	Subject	Frozen Subject with symbol key, bigint, symbol, and function values.	core	specific	none
A1	table	tests/setup.ts:16	compareTextNaturally	function	function compareTextNaturally(left: TableCell|undefined, right: TableCell|undefined): number	localeCompare String(left/right ?? '') with numeric:true.	core	specific	none
A1	table	tests/setup.ts:24	matchTextLoosely	function	function matchTextLoosely(cell: TableCell|undefined, filter: TableFilter): boolean	True only for contains when lowercased cell includes lowercased filter.text.	core	specific	none
A1	table	tests/setup.ts:34	compareTextByLength	function	function compareTextByLength(left: TableCell|undefined, right: TableCell|undefined): number	String length of left minus String length of right, empty as ''.	core	specific	none
A1	table	tests/setup.ts:46	createFilterAdmissibilityVectors	function	function createFilterAdmissibilityVectors(): ReadonlyArray<{ readonly column: TableColumn; readonly filter: TableFilter; readonly cell: TableCell|undefined; readonly admitted: boolean }>	Nine admitted/refused column-filter-cell rows from createTableSchema columns.	core	specific	none
A1	table	tests/setup.ts:120	createTableSchema	function	function createTableSchema(): TableSchema	people schema id/name/age/active/status with draft/live/archived choices.	core	specific	none
A1	table	tests/setup.ts:146	createTableRows	function	function createTableRows(): readonly TableRow[]	Four people rows; Lin omits age.	core	specific	none
A1	table	tests/setup.ts:156	createTableFixture	function	function createTableFixture(options?: TableOptions): TableInterface	createTable(schema, {rows} or options with rows defaulting to fixture rows).	core	specific	none
A1	table	tests/setup.ts:162	readTableError	function	function readTableError(operation: () => unknown): TableErrorCode|undefined	attempt(operation); undefined unless failure isTableError, then .code.	core	specific	exists:captureError diff:attempt+isTableError; returns code not thrown value
A1	table	tests/setup.ts:168	readDestroyedWrites	function	function readDestroyedWrites(table: TableInterface): ReadonlyArray<TableErrorCode|undefined>	readTableError over rows/sort/filter/selection/expansion/pagination/clear writes.	core	specific	none
A1	table	tests/setup.ts:193	createColumnBudgetSchema	function	function createColumnBudgetSchema(count: number): TableSchema	Schema key id with count text columns named id then column-N.	core	specific	none
A1	table	tests/setup.ts:202	createChoiceBudgetSchema	function	function createChoiceBudgetSchema(count: number): TableSchema	id plus choice status with count string value/label pairs.	core	specific	none
A1	table	tests/setup.ts:220	createTextBudgetSchema	function	function createTextBudgetSchema(extra = 0): TableSchema	id column meta k0..k15 filling TEXT_LIMIT-46+extra with STRING_LIMIT chunks.	core	specific	none
A1	table	tests/setup.ts:232	createNodeBudgetSchema	function	function createNodeBudgetSchema(extra = 0): TableSchema	id column meta.nodes array of 16376+extra nulls.	core	specific	none
A1	qualifier	tests/setup.ts:24	buildCyclicRecord	function	function buildCyclicRecord(): Record<string, unknown>	{id:'cycle'} whose self property is the record.	core	general	exists:createHostileValues diff:cyclic record also has id:'cycle'
A1	qualifier	tests/setup.ts:31	buildDeepRecord	function	function buildDeepRecord(depth: number): Record<string, unknown>	Starts {value:'leaf'} then wraps {nested:current} depth times.	core	general	none
A1	qualifier	tests/setup.ts:40	buildHostileRecord	function	function buildHostileRecord(): Record<string, unknown>	Object.assign(Object.create(null), {id:'hostile', __proto__:{polluted:true}}).	core	general	exists:createHostileValues diff:single null-proto record with __proto__ stamp
A1	qualifier	tests/setup.ts:48	buildGatesDefinition	function	function buildGatesDefinition(): QualificationDefinition	Licensed-equals-false gate with unscoped restriction ruling.	core	specific	none
A1	qualifier	tests/setup.ts:62	buildReferralDefinition	function	function buildReferralDefinition(): QualificationDefinition	Coastal-equals-true gate with referral message interpolating seats.	core	specific	none
A1	qualifier	tests/setup.ts:76	buildCapExcessGatesDefinition	function	function buildCapExcessGatesDefinition(): QualificationDefinition	Quantitative cap/excess then TIV-above-0 restriction ruling.	core	specific	none
A1	qualifier	tests/setup.ts:101	buildScopedWindDefinition	function	function buildScopedWindDefinition(): QualificationDefinition	Wind coastal-to-2 restriction scoped to wind.	core	specific	none
A1	qualifier	tests/setup.ts:116	buildConditionDefinition	function	function buildConditionDefinition(): QualificationDefinition	Vacant-equals-true condition ruling scoped exWind.	core	specific	none
A1	qualifier	tests/setup.ts:131	buildEvidenceSnapshotDefinition	function	function buildEvidenceSnapshotDefinition(): QualificationDefinition	p1 sum 42 then p2 rules on p1 and same-pass ready.	core	specific	none
A1	qualifier	tests/setup.ts:152	buildContinuingLogicalDefinition	function	function buildContinuingLogicalDefinition(): QualificationDefinition	Logical flag condition then quantitative after pass totaling 1.	core	specific	none
A1	qualifier	tests/setup.ts:165	createFailingEngine	function	function createFailingEngine(): ReasonInterface	ReasonInterface whose reason returns unsuccessful quantitative engine-boom result.	core	specific	none
A1	qualifier	tests/setup.ts:199	isBrowserVuePath	function	function isBrowserVuePath(path: string): boolean	Slash-normalizes path; true if it starts with app/browser/.	core	specific	none
A1	csv	tests/setup.ts:10	TEST_SEED	const	42	House seed integer 42.	core	general	none
A1	csv	tests/setup.ts:29	assertAndNarrow	function	function assertAndNarrow<T>(guard: (value: unknown) => value is T, value: unknown): T	Throws Error with JSON.stringify(value) unless guard(value); else returns value.	core	general	exists:requireValue diff:type-guard predicate vs nullish; JSON.stringify in message
A1	csv	tests/setup.ts:52	buildQuotedField	function	function buildQuotedField(): string	Returns '"a,b\r\nc""d"'.	core	general	none
A1	csv	tests/setup.ts:67	buildRaggedCSV	function	function buildRaggedCSV(): string	Returns 'a,b,c\n1,2\n1,2,3,4'.	core	general	none
A1	csv	tests/setup.ts:82	buildMixedNewlineCSV	function	function buildMixedNewlineCSV(): string	Returns 'a,b\r\n1,2\n3,4\r5,6'.	core	general	none
A1	csv	tests/setup.ts:100	buildInferenceTraps	function	function buildInferenceTraps(): string	Header value plus 007/phone/1e5/0x1F/bigint/NaN/Infinity/date/3,14 rows.	core	general	none
A1	ndjson	tests/setup.ts:21	LF	const	string	String.fromCharCode(10).	core	general	none
A1	ndjson	tests/setup.ts:22	CR	const	string	String.fromCharCode(13).	core	general	none
A1	ndjson	tests/setup.ts:23	TAB	const	string	String.fromCharCode(9).	core	general	none
A1	ndjson	tests/setup.ts:24	FF	const	string	String.fromCharCode(12).	core	general	none
A1	ndjson	tests/setup.ts:25	VT	const	string	String.fromCharCode(11).	core	general	none
A1	ndjson	tests/setup.ts:26	BACKSLASH	const	string	String.fromCharCode(92).	core	general	none
A1	ndjson	tests/setup.ts:34	feedAll	function	function feedAll(parser: NDJSONParserInterface, chunks: readonly string[]): ReadonlyArray<Record<string, unknown>>	parser.parse each chunk in order; concatenates returned records.	core	specific	none
A1	ndjson	tests/setup.ts:49	chunkings	function	function chunkings(stream: string, sizes: readonly number[] = [1, 2, 3, 5, 7, 13, stream.length]): ReadonlyArray<readonly string[]>	Fixed-size slices per sizes plus every two-way cut including empty sides.	core	general	none
A1	ndjson	tests/setup.ts:73	partition	function	function partition(stream: string, rng: () => number): readonly string[]	Consumes stream with size max(1, floor(rng()*remaining)+1) until empty.	core	general	none
A1	ndjson	tests/setup.ts:86	isBrowserVuePath	function	function isBrowserVuePath(path: string): boolean	Slash-normalizes path; true if it starts with app/browser/.	core	specific	none
A1	test	tests/setup.ts:13	createAsyncSource	function	async function* createAsyncSource<T>(values: readonly T[]): AsyncGenerator<T>	Yields each values entry in order.	core	general	none
A1	test	tests/setup.ts:27	createStreamSource	function	function createStreamSource<T>(values: readonly T[]): ReadableStream<T>	ReadableStream start enqueues every value then closes.	core	general	none
A1	test	tests/setup.ts:42	isSerializableRecord	function	function isSerializableRecord(value: unknown): value is Readonly<Record<string, unknown>>	Non-null object, prototype is Object.prototype, JSON.stringify does not throw/undefined.	core	general	exists:JSONSafe diff:runtime prototype+stringify guard vs compile-time projection
A1	budget	tests/setup.ts:17	captureContractError	function	function captureContractError(operation: () => unknown): ContractError	captureError then isContractError or throws Error('Expected a ContractError').	core	specific	exists:captureError diff:wraps captureError; requires ContractError; one throw message
A1	budget	tests/setup.ts:34	selectCharge	function	function selectCharge(value: number): number	Returns value unchanged.	core	general	none
A1	budget	tests/setup.ts:39	isBrowserVuePath	function	function isBrowserVuePath(path: string): boolean	Slash-normalizes path; true if it starts with app/browser/.	core	specific	none
A1	abort	tests/setup.ts:4	isBrowserVuePath	function	function isBrowserVuePath(path: string): boolean	Slash-normalizes path; true if it starts with app/browser/.	core	specific	none
A2	taverna	tests/setup.ts:99	SOUNDNESS_SAMPLE	const	`const SOUNDNESS_SAMPLE: readonly unknown[]`	Array of nulls, coercible scalars, objects, and adversarial non-matches.	core	general	exists:createHostileValues diff:static parse/guard corpus not cyclic/revoked/throwing proxies
A2	taverna	tests/setup.ts:147	soundnessViolations	function	`function soundnessViolations<T>(guard: Guard<T>, parse: (value: unknown) => T \| undefined): readonly string[]`	Parses each sample; records A identity misses and B unguarded outputs.	core	general	none
A2	taverna	tests/setup.ts:169	waitForDelay	function	`function waitForDelay(ms = 0): Promise<void>`	Returns a promise that resolves after ms via setTimeout.	core	general	exists:waitForDelay
A2	taverna	tests/setup.ts:184	captureError	function	`function captureError(thunk: () => unknown): unknown`	Runs thunk synchronously; returns the thrown value or undefined.	core	general	exists:captureError
A2	taverna	tests/setup.ts:206	roundTripJSON	function	`function roundTripJSON<T>(value: T): T`	Returns JSON.parse of JSON.stringify of value, type T.	core	general	exists:roundTripJSON diff:unconstrained stringify/parse; published JSONSafe and rejects non-finite/undefined/function/symbol
A2	taverna	tests/setup.ts:211	TestGateInterface	interface	`interface TestGateInterface<T> { readonly promise: Promise<T>; readonly resolve: (value: T) => void; readonly reject: (error: unknown) => void }`	Deferred promise with lifted resolve and reject.	core	general	none
A2	taverna	tests/setup.ts:226	createGate	function	`function createGate<T = void>(): TestGateInterface<T>`	Builds a promise capturing resolve and reject from its executor.	core	general	none
A2	taverna	tests/setup.ts:237	SignalListenerCountsInterface	interface	`interface SignalListenerCountsInterface { readonly added: TestRecorderInterface<readonly [string]>; readonly removed: TestRecorderInterface<readonly [string]> }`	Recorders of abort addEventListener versus removeEventListener.	core	general	none
A2	taverna	tests/setup.ts:255	instrumentSignal	function	`function instrumentSignal(signal: AbortSignal): SignalListenerCountsInterface`	Wraps abort add/remove, counting each while delegating to the real methods.	core	general	none
A2	taverna	tests/setup.ts:305	ScriptedTurn	type	`type ScriptedTurn = ProviderResult \| { readonly result: ProviderResult; readonly deltas?: readonly string[]; readonly thoughts?: readonly string[] }`	One scripted provider turn: bare result or result plus optional chunks.	core	specific	none
A2	taverna	tests/setup.ts:314	ScriptedCall	interface	`interface ScriptedCall { readonly messages: readonly MessageInterface[]; readonly tools: readonly ToolDefinition[] \| undefined; readonly options: ProviderStreamOptions \| undefined }`	Recorded generate/stream arguments when record is true.	core	specific	none
A2	taverna	tests/setup.ts:321	DeltasOf	type	`type DeltasOf = (content: string) => readonly string[]`	Function type that chunks turn content into stream deltas.	core	specific	none
A2	taverna	tests/setup.ts:342	ScriptedProviderOptions	interface	`interface ScriptedProviderOptions { readonly delay?: number; readonly name?: string; readonly format?: ContextFormatInterface; readonly deltasOf?: DeltasOf; readonly exhaust?: 'repeat' \| 'throw'; readonly record?: boolean }`	Optional delay, name, format, chunker, exhaust policy, and call recording.	core	specific	none
A2	taverna	tests/setup.ts:357	ScriptedProviderInterface	interface	`interface ScriptedProviderInterface extends ProviderInterface { readonly maxInFlight: number; readonly started: number; readonly calls: readonly ScriptedCall[] }`	Provider plus concurrency high-water, start count, and recorded calls.	core	specific	none
A2	taverna	tests/setup.ts:392	createScriptedProvider	function	`function createScriptedProvider(turns: readonly ScriptedTurn[], options?: ScriptedProviderOptions): ScriptedProviderInterface`	Replays turns as stream/generate, aborting with partial between deltas.	core	specific	none
A2	taverna	tests/setup.ts:502	createUserMessage	function	`function createUserMessage(content: string): MessageInterface`	Builds a user message with crypto.randomUUID id and given content.	core	specific	none
A2	taverna	tests/setup.ts:514	createToolCall	function	`function createToolCall(overrides?: Partial<ToolCall>): ToolCall`	Returns {id c1, name add, arguments {}} merged with overrides.	core	specific	none
A2	taverna	tests/setup.ts:525	createTokenUsage	function	`function createTokenUsage(overrides?: Partial<TokenUsage>): TokenUsage`	Returns {prompt 5, completion 7, total 12} merged with overrides.	core	specific	none
A2	taverna	tests/setup.ts:538	addTool	function	`function addTool(): ToolInterface`	createTool named add whose execute returns 5.	core	specific	none
A2	taverna	tests/setup.ts:549	loopTool	function	`function loopTool(): ToolInterface`	createTool named loop whose execute returns 'again'.	core	specific	none
A2	taverna	tests/setup.ts:563	createAgentJob	function	`function createAgentJob(overrides?: Partial<AgentJobInput>): AgentJobInput`	Returns provider main plus user 'go' merged with overrides.	core	specific	none
A2	taverna	tests/setup.ts:579	buildPrincipal	function	`function buildPrincipal(overrides?: Partial<Principal>): Principal`	Returns user/u1/m1/org1/admin principal merged with overrides.	core	specific	none
A2	taverna	tests/setup.ts:602	buildAuditRecord	function	`function buildAuditRecord(overrides?: Partial<AuditRecord>): AuditRecord`	Returns write/allowed account.create record under buildPrincipal.	core	specific	none
A2	taverna	tests/setup.ts:626	createStubSummarizer	function	`function createStubSummarizer(): { readonly summarize: ConversationSummarizer; readonly calls: readonly (readonly MessageInterface[])[] }`	Summarizer recording slices and returning recap of length.	core	specific	none
A2	taverna	tests/setup.ts:658	collectRows	function	`async function collectRows(iterable: AsyncIterable<Row>): Promise<Row[]>`	Drains an async row iterable into an array.	core	specific	exists:collect diff:element type fixed to Row
A2	taverna	tests/setup.ts:673	tableSchemas	function	`function tableSchemas(...names: readonly string[]): readonly TableSchema[]`	Maps each name to {name, primary id, empty columns and indexes}.	core	specific	none
A2	taverna	tests/setup.ts:689	buildCondition	function	`function buildCondition(column: FieldPath, operator: ConditionOperator, values: readonly unknown[], connector: Connector = 'and'): Condition`	Assembles a criteria condition object with default and connector.	core	specific	none
A2	taverna	tests/setup.ts:699	INTEGRATION_TABLES	const	`const INTEGRATION_TABLES = { users: { id: stringShape(), name: stringShape(), age: integerShape() }, posts: { id: stringShape(), author: stringShape(), title: stringShape() } } as const`	users and posts column shape maps for integration tests.	core	specific	none
A2	taverna	tests/setup.ts:709	INTEGRATION_RELATIONS	const	`const INTEGRATION_RELATIONS = { users: { posts: hasMany('author') }, posts: { author: belongsTo('author', 'users') } } as const`	users hasMany posts; posts belongsTo users via author.	core	specific	none
A2	taverna	tests/setup.ts:715	UserRow	interface	`interface UserRow { readonly id: string; readonly name: string; readonly age: number }`	Canonical users-table row shape.	core	specific	none
A2	taverna	tests/setup.ts:731	createUserRow	function	`function createUserRow(overrides?: Partial<UserRow>): UserRow`	Returns {id u1, name Ada, age 36} merged with overrides.	core	specific	none
A2	taverna	tests/setup.ts:744	userRows	function	`function userRows(): readonly UserRow[]`	Fresh Ada, Grace, Edsger rows via createUserRow.	core	specific	none
A2	taverna	tests/setup.ts:768	seedUsersTable	function	`async function seedUsersTable<const C extends Columns>(columns: C, seed: (users: TableInterface<RowOf<C>>) => Promise<unknown>): Promise<TableInterface<RowOf<C>>>`	Creates memory database, seeds users table, returns that table.	core	specific	none
A2	taverna	tests/setup.ts:779	RecordingAggregate	interface	`interface RecordingAggregate { readonly operation: AggregateFunction; readonly column: FieldPath; readonly criteria: Criteria }`	One recorded native aggregate hook call.	core	specific	none
A2	taverna	tests/setup.ts:792	RecordingDriverInterface	interface	`interface RecordingDriverInterface extends DriverInterface { records(table: string, criteria: Criteria): Promise<readonly Row[]>; count(table: string, criteria: Criteria): Promise<number>; aggregate(table: string, operation: AggregateFunction, column: FieldPath, criteria: Criteria): Promise<number \| undefined> }`	Driver with always-present native records, count, and aggregate.	core	specific	none
A2	taverna	tests/setup.ts:807	RECORDING_ROW	const	`const RECORDING_ROW: Row = { id: 'native', name: 'Native', age: 7 }`	Sentinel row the recording driver's records hook returns.	core	specific	none
A2	taverna	tests/setup.ts:810	RECORDING_COUNT	const	`const RECORDING_COUNT = 999`	Sentinel total the recording driver's count hook returns.	core	specific	none
A2	taverna	tests/setup.ts:813	RECORDING_AGGREGATE	const	`const RECORDING_AGGREGATE = 123`	Sentinel value the recording driver's aggregate hook returns.	core	specific	none
A2	taverna	tests/setup.ts:829	createRecordingDriver	function	`function createRecordingDriver(aggregatesUndefined = false): { readonly driver: RecordingDriverInterface; readonly recordsCalls: readonly Criteria[]; readonly countCalls: readonly Criteria[]; readonly aggregateCalls: readonly RecordingAggregate[] }`	Map-backed driver whose native hooks record args and return sentinels.	core	specific	none
A2	taverna	tests/setup.ts:896	SlowDriverHarness	interface	`interface SlowDriverHarness { readonly driver: DriverInterface; readonly events: readonly string[] }`	Slowed driver plus ordered write:start/end event strings.	core	specific	none
A2	taverna	tests/setup.ts:914	createSlowDriver	function	`function createSlowDriver(delay = 20): SlowDriverHarness`	Map-backed driver delaying writes and logging start/end labels.	core	specific	none
A2	taverna	tests/setup.ts:976	TestRecorderInterface	interface	`interface TestRecorderInterface<TArgs extends readonly unknown[]> { readonly calls: readonly TArgs[]; readonly count: number; readonly handler: (...args: TArgs) => void; clear(): void }`	Call-recording callback with calls, count, handler, and clear.	core	general	exists:RecorderInterface diff:local name TestRecorderInterface
A2	taverna	tests/setup.ts:990	createRecorder	function	`function createRecorder<TArgs extends readonly unknown[]>(): TestRecorderInterface<TArgs>`	Handler pushing argument tuples; calls/count getters; clear empties.	core	general	exists:createRecorder diff:calls is a getter; published exposes the array field
A2	taverna	tests/setup.ts:1018	createErrorRecorder	function	`function createErrorRecorder(): TestRecorderInterface<readonly [error: unknown, event: string]>`	createRecorder typed as [error, event].	core	general	none
A2	taverna	tests/setup.ts:1032	RecordingSinkInterface	interface	`interface RecordingSinkInterface extends SinkInterface { readonly calls: readonly (readonly [text: string, level: LogLevel \| undefined])[] }`	Sink whose write calls are exposed as [text, level] tuples.	core	specific	none
A2	taverna	tests/setup.ts:1044	createRecordingSink	function	`function createRecordingSink(): RecordingSinkInterface`	Sink write forwarding each (text, level) into a recorder.	core	specific	none
A2	taverna	tests/setup.ts:1063	ResourceFactoryInterface	interface	`interface ResourceFactoryInterface { readonly create: () => number; readonly created: TestRecorderInterface<readonly [number]>; readonly destroyed: TestRecorderInterface<readonly [number]> }`	Monotonic number allocator plus created and destroyed recorders.	core	general	none
A2	taverna	tests/setup.ts:1082	createResourceFactory	function	`function createResourceFactory(): ResourceFactoryInterface`	create hands out 0,1,2,… recording each; destroyed is a companion recorder.	core	general	none
A2	taverna	tests/setup.ts:1099	EmitterRecorders	type	`type EmitterRecorders<TMap extends EventMap, TName extends keyof TMap> = { readonly [K in TName]: TestRecorderInterface<TMap[K]> }`	Recorder map keyed by selected emitter event names.	core	general	none
A2	taverna	tests/setup.ts:1116	recordEmitterEvents	function	`function recordEmitterEvents<TMap extends EventMap, TName extends keyof TMap>(emitter: EmitterInterface<TMap>, events: readonly TName[]): EmitterRecorders<TMap, TName>`	Subscribes one recorder per name; throws if any key missing.	core	general	none
A2	taverna	tests/setup.ts:1150	isTotal	function	`function isTotal<TMap extends EventMap, TName extends keyof TMap>(recorders: Partial<EmitterRecorders<TMap, TName>>, events: readonly TName[]): recorders is EmitterRecorders<TMap, TName>`	True when every listed event name has a recorder.	core	general	none
A2	taverna	tests/setup.ts:1166	collect	function	`async function collect<T>(iterable: AsyncIterable<T>): Promise<T[]>`	Drains an async iterable into an array.	core	general	exists:collect diff:returns T[] not readonly T[]
A2	taverna	tests/setup.ts:1173	RecordingSchedulerInterface	interface	`interface RecordingSchedulerInterface extends SchedulerInterface { readonly yields: number }`	Scheduler exposing how many times yield ran.	core	specific	none
A2	taverna	tests/setup.ts:1187	createRecordingScheduler	function	`function createRecordingScheduler(): RecordingSchedulerInterface`	Stub scheduler: yield counts and throws if aborted; delay is a no-op.	core	specific	none
A2	taverna	tests/setup.ts:1226	buildConversationSnapshot	function	`async function buildConversationSnapshot(id = 'chat'): Promise<ConversationSnapshot>`	Real conversation of three turns, compact keep 1, then snapshot.	core	specific	none
A2	taverna	tests/setup.ts:1256	assertConversationStoreContract	function	`function assertConversationStoreContract(makeStore: () => ConversationStoreInterface, build: (id?: string) => Promise<ConversationSnapshot>): void`	Registers vitest blocks for round-trip, upsert, delete, two-id coexistence.	core	specific	none
A2	taverna	tests/setup.ts:1346	buildWorkspaceSnapshot	function	`function buildWorkspaceSnapshot(id = 'scratch'): WorkspaceSnapshot`	Workspace with written text file plus seeded binary icon.png.	core	specific	none
A2	taverna	tests/setup.ts:1368	assertWorkspaceStoreContract	function	`function assertWorkspaceStoreContract(makeStore: () => WorkspaceStoreInterface, build: (id?: string) => WorkspaceSnapshot): void`	Registers vitest blocks for round-trip, upsert, delete, two-id coexistence.	core	specific	none
A2	taverna	tests/setup.ts:1463	collectSSE	function	`async function collectSSE(response: Response): Promise<readonly SSEEvent[]>`	Drains readSSEStream into an array of events.	core	specific	exists:collect diff:drains SSE events from a fetch Response
A2	taverna	tests/setup.ts:1485	readSSEStream	function	`async function* readSSEStream(response: Response): AsyncGenerator<SSEEvent>`	Reads body bytes through TextDecoder and SSEParser; releases reader.	core	specific	exists:collectStream diff:decodes Response.body via TextDecoder and SSEParser
A2	taverna	tests/setup.ts:1511	ManualTimerInterface	interface	`interface ManualTimerInterface { readonly handler: TimerHandler; readonly pending: number; flush(): void }`	Injected timer that records armed callbacks until flush.	core	general	none
A2	taverna	tests/setup.ts:1530	createManualTimer	function	`function createManualTimer(): ManualTimerInterface`	Arm records callbacks; pending ignores cancelled; flush fires remaining.	core	general	none
A2	taverna	tests/setup.ts:1552	ManualClockInterface	interface	`interface ManualClockInterface { readonly now: () => number; advance(ms: number): void }`	Injected epoch-ms clock plus explicit advance.	core	general	none
A2	taverna	tests/setup.ts:1569	createManualClock	function	`function createManualClock(start = 0): ManualClockInterface`	now returns instant; advance adds ms; starts at start.	core	general	none
A2	taverna	tests/setup.ts:1589	createSSEResponse	function	`function createSSEResponse(events: readonly { readonly event: string; readonly data: unknown }[]): Response`	Bounded text/event-stream Response encoding event/data JSON frames.	core	general	none
A2	taverna	tests/setup.ts:1612	extractBacktickedNames	function	`function extractBacktickedNames(text: string): readonly string[]`	Collects unique identifier-like tokens from backtick spans.	core	general	none
A2	taverna	tests/setup.ts:1623	sectionBody	function	`function sectionBody(markdown: string, heading: string): string`	Returns lines after matching ## heading until next ##.	core	general	none
A2	taverna	tests/setup.ts:1642	surfaceRows	function	`function surfaceRows(markdown: string, heading: string): readonly { readonly name: string; readonly kind: string }[]`	Parses pipe rows in that section into backticked name plus kind.	core	general	none
A2	taverna	tests/setup.ts:1659	exportedValueNames	function	`function exportedValueNames(source: string): readonly string[]`	Regex-collects export function/const/class names.	core	general	none
A2	taverna	tests/setup.ts:1672	exportedTypeNames	function	`function exportedTypeNames(source: string): readonly string[]`	Regex-collects export interface/type names.	core	general	none
A2	taverna	tests/setup.ts:1743	interfaceMethodNames	function	`function interfaceMethodNames(source: string, name: string): readonly string[]`	Public call signatures of export interface name, including optional.	core	general	none
A2	taverna	tests/setup.ts:1749	interfaceRequiredMethodNames	function	`function interfaceRequiredMethodNames(source: string, name: string): readonly string[]`	Public call signatures of export interface name, dropping optional.	core	general	none
A2	taverna	tests/setup.ts:1755	classMethodNames	function	`function classMethodNames(source: string, name: string): readonly string[]`	Public instance methods of export class name, dropping accessors/statics.	core	general	none
A2	taverna	tests/setup.ts:1765	methodTable	function	`function methodTable(markdown: string, type: string): readonly string[]`	Backticked column-1 names under the heading whose only tick is type.	core	general	none
A2	taverna	tests/setup.ts:1784	markdownLinkTargets	function	`function markdownLinkTargets(markdown: string): readonly string[]`	Unique markdown link paths, dropping http(s) and empty hash-only anchors.	core	general	none
A2	taverna	tests/setup.ts:1815	expectQuantitative	function	`function expectQuantitative(result: ReasonResult \| readonly ReasonResult[]): QuantitativeResult`	Throws on batch or non-quantitative reasoning; returns narrowed result.	core	specific	none
A2	taverna	tests/setup.ts:1832	expectLogical	function	`function expectLogical(result: ReasonResult \| readonly ReasonResult[]): LogicalResult`	Throws on batch or non-logical reasoning; returns narrowed result.	core	specific	none
A2	taverna	tests/setup.ts:1847	expectSymbolic	function	`function expectSymbolic(result: ReasonResult \| readonly ReasonResult[]): SymbolicResult`	Throws on batch or non-symbolic reasoning; returns narrowed result.	core	specific	none
A2	taverna	tests/setup.ts:1862	expectInferential	function	`function expectInferential(result: ReasonResult \| readonly ReasonResult[]): InferentialResult`	Throws on batch or non-inferential reasoning; returns narrowed result.	core	specific	none
A2	taverna	tests/setup.ts:1878	BASIC_SUBJECT	const	`const BASIC_SUBJECT: Subject`	Subject id subject-1 with age, name Alice, score, state, employed.	core	specific	none
A2	taverna	tests/setup.ts:1891	NESTED_SUBJECT	const	`const NESTED_SUBJECT: Subject`	Subject nested-1 with nested address and scores objects.	core	specific	none
A2	taverna	tests/setup.ts:1901	DRIVER_SUBJECT	const	`const DRIVER_SUBJECT: Subject`	Subject with driverAge 22, violationCount 0, vehicleYear 2020.	core	specific	none
A2	taverna	tests/setup.ts:1917	buildStaticDefinition	function	`function buildStaticDefinition(id = 'static-quant', value = 42): QuantitativeDefinition`	One sum group with one static factor of value.	core	specific	none
A2	taverna	tests/setup.ts:1931	createThrowingReasoner	function	`function createThrowingReasoner(message = 'boom', reasoning: Reasoning = 'quantitative'): ReasonerInterface`	Reasoner whose reason throws Error(message); supports matching reasoning.	core	specific	none
A2	taverna	tests/setup.ts:1961	invokeRaw	function	`function invokeRaw<T>(target: unknown, method: (...args: never[]) => T, args: readonly unknown[]): T`	Reflect.apply(method, target, args) bypassing parameter types.	core	general	none
A2	taverna	tests/setup.ts:1979	assertHeadingNode	function	`function assertHeadingNode(block: BlockNode): HeadingNode`	Throws unless isHeadingNode; returns the narrowed heading.	core	specific	none
A2	taverna	tests/setup.ts:1984	assertListNode	function	`function assertListNode(block: BlockNode): ListNode`	Throws unless isListNode; returns the narrowed list.	core	specific	none
A2	taverna	tests/setup.ts:1989	assertTableNode	function	`function assertTableNode(block: BlockNode): TableNode`	Throws unless isTableNode; returns the narrowed table.	core	specific	none
A2	taverna	tests/setup.ts:1994	assertParagraphNode	function	`function assertParagraphNode(block: BlockNode \| undefined): ParagraphNode`	Throws unless defined paragraph; returns the narrowed paragraph.	core	specific	none
A2	taverna	tests/setup.ts:2001	assertCodeBlockNode	function	`function assertCodeBlockNode(block: BlockNode): CodeBlockNode`	Throws unless isCodeBlockNode; returns the narrowed code block.	core	specific	none
A2	taverna	tests/setup.ts:2006	assertBlockquoteNode	function	`function assertBlockquoteNode(block: BlockNode): BlockquoteNode`	Throws unless isBlockquoteNode; returns the narrowed blockquote.	core	specific	none
A2	taverna	tests/setup.ts:2011	assertEmphasisNode	function	`function assertEmphasisNode(node: InlineNode \| undefined): EmphasisNode`	Throws unless defined emphasis; returns the narrowed emphasis.	core	specific	none
A2	taverna	tests/setup.ts:2018	assertCodeSpanNode	function	`function assertCodeSpanNode(node: InlineNode \| undefined): CodeSpanNode`	Throws unless defined codeSpan; returns the narrowed code span.	core	specific	none
A2	taverna	tests/setup.ts:2025	assertLinkNode	function	`function assertLinkNode(node: InlineNode \| undefined): LinkNode`	Throws unless defined link; returns the narrowed link.	core	specific	none
A2	taverna	tests/setup.ts:2034	inlineText	function	`function inlineText(nodes: readonly InlineNode[]): string`	Joins text/codeSpan values, recursing through emphasis/link children.	core	specific	none
A2	scsr	tests/setup.ts:63	delay	function	`export { delay } from '@scsr/core'`	Re-exports delay from @scsr/core; no local body.	core	general	exists:waitForDelay diff:name delay; implementation not in this file
A2	scsr	tests/setup.ts:68	UUID_PATTERN	const	`const UUID_PATTERN = /^[0-9a-f]{8}-[0-9a-f]{4}-[0-9a-f]{4}-[0-9a-f]{4}-[0-9a-f]{12}$/i`	Case-insensitive UUID v4-shaped regex.	core	general	none
A2	scsr	tests/setup.ts:83	OLLAMA_CONFIG	const	`const OLLAMA_CONFIG = { host, model, defaultSystem }`	host/model from env with localhost/qwen defaults plus brief system prompt.	core	specific	none
A2	scsr	tests/setup.ts:89	DRIVER_TABLE_DEF	const	`const DRIVER_TABLE_DEF: TableDefinition`	id TEXT primary, name TEXT not null, age INTEGER.	core	specific	none
A2	scsr	tests/setup.ts:97	DRIVER_ALICE	const	`const DRIVER_ALICE = { id: 'u1', name: 'Alice', age: 30 }`	Fixture user row Alice.	core	specific	none
A2	scsr	tests/setup.ts:98	DRIVER_BOB	const	`const DRIVER_BOB = { id: 'u2', name: 'Bob', age: 25 }`	Fixture user row Bob.	core	specific	none
A2	scsr	tests/setup.ts:99	DRIVER_CAROL	const	`const DRIVER_CAROL = { id: 'u3', name: 'Carol', age: 35 }`	Fixture user row Carol.	core	specific	none
A2	scsr	tests/setup.ts:117	isOllamaAvailable	function	`async function isOllamaAvailable(): Promise<boolean>`	Fetches /api/tags with 5s abort; returns response.ok, else false.	core	specific	none
A2	scsr	tests/setup.ts:140	createTestAgentProvider	function	`function createTestAgentProvider(options?: { readonly id?: string; readonly name?: string; readonly generate?: (messages: readonly MessageInterface[], abort: AbortInterface, tools?: readonly ToolDefinition[]) => Promise<ProviderResult>; readonly stream?: (messages: readonly MessageInterface[], abort: AbortInterface, tools?: readonly ToolDefinition[], options?: AgentStreamOptions) => AsyncGenerator<string, ProviderResult> }): AgentProviderInterface`	Provider with default generate/stream or option overrides.	core	specific	none
A2	scsr	tests/setup.ts:174	createTestAgentDatabase	function	`function createTestAgentDatabase(name = \`agent-test-${generateId()}\`): DatabaseInterface<AgentTestSchema>`	Memory database with agents id/content table.	core	specific	none
A2	scsr	tests/setup.ts:186	createTestAgentRelations	function	`function createTestAgentRelations(database: DatabaseInterface<DatabaseSchema> = createTestAgentDatabase()): RelationManagerInterface`	createRelationManager over the given or new test database.	core	specific	none
A2	scsr	tests/setup.ts:192	createTestAgentDependencies	function	`function createTestAgentDependencies(): { readonly database: DatabaseInterface<AgentTestSchema>; readonly relations: RelationManagerInterface }`	Paired test database and relation manager.	core	specific	none
A2	scsr	tests/setup.ts:206	createEchoTool	function	`function createEchoTool(name = 'echo'): ToolInterface`	Tool whose execute returns its args; message string parameter.	core	specific	none
A2	scsr	tests/setup.ts:226	makeTool	function	`function makeTool(name: string, returnValue?: unknown): ToolInterface`	Minimal tool execute returning returnValue (default undefined).	core	specific	none
A2	scsr	tests/setup.ts:239	makeCall	function	`function makeCall(name: string, args: Record<string, unknown> = {}): ToolCall`	ToolCall with generateId, name, and arguments.	core	specific	none
A2	scsr	tests/setup.ts:256	expectSuccess	function	`function expectSuccess<T>(result: Result<T>): T`	Asserts result.success; returns value or throws.	core	specific	none
A2	scsr	tests/setup.ts:269	expectFailure	function	`function expectFailure<T, E = Error>(result: Result<T, E>): E`	Asserts failure; returns error or throws.	core	specific	none
A2	scsr	tests/setup.ts:279	entryState	function	`function entryState<TContext>(fields: { id: string; context: TContext; status: QueueEntryStatus; attempts: number; options: QueueEntryOptions \| undefined; schedule?: QueueEntrySchedule \| undefined; timestamp?: number }): QueueEntryState<TContext>`	Builds QueueEntryState defaulting timestamp to 0.	core	specific	none
A2	scsr	tests/setup.ts:304	emptySubject	const	`const emptySubject: Subject = {}`	Empty subject object.	core	specific	none
A2	scsr	tests/setup.ts:309	basicSubject	const	`const basicSubject: Subject`	Subject id test-1 with age, Alice, score, state, employed.	core	specific	none
A2	scsr	tests/setup.ts:321	nestedSubject	const	`const nestedSubject: Subject`	Subject nested-1 with nested address and scores.	core	specific	none
A2	scsr	tests/setup.ts:330	driverSubject	const	`const driverSubject: Subject`	Subject with driverAge 22, violationCount 0, vehicleYear 2020.	core	specific	none
A2	scsr	tests/setup.ts:339	ageGte18	const	`const ageGte18: Condition`	Condition field age greaterThanOrEqual 18.	core	specific	none
A2	scsr	tests/setup.ts:341	scoreGt50	const	`const scoreGt50: Condition`	Condition field score greaterThan 50.	core	specific	none
A2	scsr	tests/setup.ts:343	nameEqualsAlice	const	`const nameEqualsAlice: Condition`	Condition field name equals Alice.	core	specific	none
A2	scsr	tests/setup.ts:348	evaluator	const	`const evaluator: EvaluatorInterface = createEvaluator()`	Shared createEvaluator() instance.	core	specific	none
A2	scsr	tests/setup.ts:353	transformer	const	`const transformer: TransformerInterface = createTransformer()`	Shared createTransformer() instance.	core	specific	none
A2	scsr	tests/setup.ts:358	aggregator	const	`const aggregator: AggregatorInterface = createAggregator()`	Shared createAggregator() instance.	core	specific	none
A2	scsr	tests/setup.ts:363	quantitativeReasoner	const	`const quantitativeReasoner: ReasonerInterface = createQuantitativeReasoner()`	Shared quantitative reasoner instance.	core	specific	none
A2	scsr	tests/setup.ts:364	logicalReasoner	const	`const logicalReasoner: ReasonerInterface = createLogicalReasoner()`	Shared logical reasoner instance.	core	specific	none
A2	scsr	tests/setup.ts:365	symbolicReasoner	const	`const symbolicReasoner: ReasonerInterface = createSymbolicReasoner()`	Shared symbolic reasoner instance.	core	specific	none
A2	scsr	tests/setup.ts:366	inferentialReasoner	const	`const inferentialReasoner: ReasonerInterface = createInferentialReasoner()`	Shared inferential reasoner instance.	core	specific	none
A2	scsr	tests/setup.ts:373	quantitativeDef	function	`function quantitativeDef(groups: FactorGroup[], overrides?: { readonly id?: string; readonly name?: string; readonly description?: string; readonly aggregation?: Aggregation; readonly base?: number; readonly bounds?: Bounds; readonly precision?: number }): QuantitativeDefinition`	type quantitative definition from groups with generated id defaults.	core	specific	none
A2	scsr	tests/setup.ts:401	logicalDef	function	`function logicalDef(rules: Rule[], overrides?: { readonly id?: string; readonly name?: string; readonly description?: string; readonly strategy?: ChainingStrategy; readonly depth?: number }): LogicalDefinition`	type logical definition from rules, default forward strategy.	core	specific	none
A2	scsr	tests/setup.ts:425	symbolicDef	function	`function symbolicDef(config: { readonly id?: string; readonly name?: string; readonly description?: string; readonly equations?: Equation[]; readonly variables?: Readonly<Record<string, number>>; readonly precision?: number }): SymbolicDefinition`	type symbolic definition from config, default empty equations/variables.	core	specific	none
A2	scsr	tests/setup.ts:447	inferentialDef	function	`function inferentialDef(config: { readonly id?: string; readonly name?: string; readonly description?: string; readonly inferences?: Inference[]; readonly facts?: Fact[]; readonly strategy?: ChainingStrategy; readonly depth?: number }): InferentialDefinition`	type inferential definition from config, default forward and empty lists.	core	specific	none
A2	scsr	tests/setup.ts:473	staticFactor	function	`function staticFactor(id: string, value: number, overrides?: { readonly label?: string; readonly description?: string; readonly fallback?: number; readonly conditions?: Condition[]; readonly transforms?: Factor['transforms']; readonly bounds?: Bounds; readonly weight?: number; readonly priority?: number; readonly enabled?: boolean; readonly required?: boolean }): Factor`	Factor with source kind static value plus optional fields.	core	specific	none
A2	scsr	tests/setup.ts:508	fieldFactor	function	`function fieldFactor(id: string, field: string, overrides?: { readonly label?: string; readonly description?: string; readonly fallback?: number; readonly conditions?: Condition[]; readonly transforms?: Factor['transforms']; readonly bounds?: Bounds; readonly weight?: number; readonly priority?: number; readonly enabled?: boolean; readonly required?: boolean }): Factor`	Factor with source kind field plus optional fields.	core	specific	none
A2	scsr	tests/setup.ts:543	group	function	`function group(id: string, aggregation: Aggregation, factors: Factor[], overrides?: { readonly label?: string; readonly description?: string; readonly base?: number; readonly bounds?: Bounds; readonly enabled?: boolean; readonly strict?: boolean }): FactorGroup`	FactorGroup with given aggregation and factors.	core	specific	none
A2	scsr	tests/setup.ts:572	sumGroup	function	`function sumGroup(id: string, factors: Factor[], overrides?: { readonly label?: string; readonly description?: string; readonly base?: number; readonly bounds?: Bounds; readonly enabled?: boolean; readonly strict?: boolean }): FactorGroup`	FactorGroup with aggregation sum.	core	specific	none
A2	scsr	tests/setup.ts:600	productGroup	function	`function productGroup(id: string, factors: Factor[], overrides?: { readonly label?: string; readonly description?: string; readonly base?: number; readonly bounds?: Bounds; readonly enabled?: boolean; readonly strict?: boolean }): FactorGroup`	FactorGroup with aggregation product.	core	specific	none
A2	scsr	tests/setup.ts:630	simpleRule	function	`function simpleRule(id: string, fromField: string, fromValue: unknown, toField: string, toValue: unknown, overrides?: { readonly label?: string; readonly description?: string; readonly confidence?: number; readonly priority?: number; readonly enabled?: boolean }): Rule`	Rule: fromField equals fromValue implies toField equals toValue.	core	specific	none
A2	scsr	tests/setup.ts:674	expectQuantitative	function	`function expectQuantitative(result: unknown): QuantitativeResult`	Throws unless single result.type quantitative; returns it.	core	specific	none
A2	scsr	tests/setup.ts:688	expectLogical	function	`function expectLogical(result: unknown): LogicalResult`	Throws unless single result.type logical; returns it.	core	specific	none
A2	scsr	tests/setup.ts:702	expectSymbolic	function	`function expectSymbolic(result: unknown): SymbolicResult`	Throws unless single result.type symbolic; returns it.	core	specific	none
A2	scsr	tests/setup.ts:716	expectInferential	function	`function expectInferential(result: unknown): InferentialResult`	Throws unless single result.type inferential; returns it.	core	specific	none
A2	scsr	tests/setup.ts:731	simpleQuantDef	const	`const simpleQuantDef: QuantitativeDefinition`	One sum group, static factor 42, precision 15.	core	specific	none
A2	scsr	tests/setup.ts:761	testTemplate	function	`function testTemplate(overrides?: Partial<InterpretTemplate>): InterpretTemplate`	InterpretTemplate with age/amount mappings then overrides spread last.	core	specific	none
A2	scsr	tests/setup.ts:790	expectBatch	function	`function expectBatch(result: unknown): readonly ReasonResult[]`	Throws unless Array.isArray; returns the array.	core	specific	none
A2	scsr	tests/setup.ts:800	toRecord	function	`function toRecord(value: unknown): Record<string, unknown>`	Copies own enumerable entries if object; else empty record.	core	general	none
A2	scsr	tests/setup.ts:812	toArray	function	`function toArray(value: unknown): unknown[]`	Returns value if array, otherwise [].	core	general	none
A2	scsr	tests/setup.ts:817	parseToolContent	function	`function parseToolContent(result: unknown): Record<string, unknown>`	JSON.parse of first MCP content text; {} if missing.	core	specific	none
A2	scsr	tests/setup.ts:830	validateSchema	function	`function validateSchema(schema: unknown, path: string = '$'): string[]`	Recurses array items, oneOf, properties; collects error strings.	core	general	none
A2	scsr	tests/setup.ts:876	createTestManager	function	`function createTestManager(model = OLLAMA_CONFIG.model): AgentManagerInterface`	createAgentManager(OllamaProvider); tracks manager for afterEach destroy.	core	specific	none
A2	scsr	tests/setup.ts:889	msg	function	`function msg(role: MessageRole, content: string, partial = false): MessageInterface`	Message with generateId, role, content, partial.	core	specific	none
A2	scsr	tests/setup.ts:896	greetingTemplate	function	`function greetingTemplate(): PromptTemplate`	PromptTemplate greeting with required name and defaulted place.	core	specific	none
A2	scsr	tests/setup.ts:909	fullTemplate	function	`function fullTemplate(): PromptTemplate`	PromptTemplate with all optional summary/description/category/tags filled.	core	specific	none
A2	workbench	tests/setup.ts:33	expectQuantitative	function	`function expectQuantitative(result: ReasonResult \| readonly ReasonResult[]): QuantitativeResult`	Throws on batch or non-quantitative reasoning; returns narrowed result.	core	specific	none
A2	workbench	tests/setup.ts:50	expectLogical	function	`function expectLogical(result: ReasonResult \| readonly ReasonResult[]): LogicalResult`	Throws on batch or non-logical reasoning; returns narrowed result.	core	specific	none
A2	workbench	tests/setup.ts:65	expectSymbolic	function	`function expectSymbolic(result: ReasonResult \| readonly ReasonResult[]): SymbolicResult`	Throws on batch or non-symbolic reasoning; returns narrowed result.	core	specific	none
A2	workbench	tests/setup.ts:80	expectInferential	function	`function expectInferential(result: ReasonResult \| readonly ReasonResult[]): InferentialResult`	Throws on batch or non-inferential reasoning; returns narrowed result.	core	specific	none
A2	workbench	tests/setup.ts:100	buildOrderedBatchDefinition	function	`function buildOrderedBatchDefinition(): QuantitativeDefinition`	Sum group looking up id to 1, 2, 3 for ordered-subject keys.	core	specific	none
A2	workbench	tests/setup.ts:127	invokeRaw	function	`function invokeRaw<T>(target: unknown, method: (...args: never[]) => T, args: readonly unknown[]): T`	Reflect.apply(method, target, args) bypassing parameter types.	core	general	none
A2	workbench	tests/setup.ts:147	buildWorkbenchQuantitativeDefinition	function	`function buildWorkbenchQuantitativeDefinition(): QuantitativeDefinition`	Maximal quantitative fixture with static/field/lookup/range factors.	core	specific	none
A2	workbench	tests/setup.ts:217	buildWorkbenchLogicalDefinition	function	`function buildWorkbenchLogicalDefinition(): LogicalDefinition`	Maximal logical fixture with nested compound premises, backward, depth 8.	core	specific	none
A2	workbench	tests/setup.ts:270	buildWorkbenchSymbolicDefinition	function	`function buildWorkbenchSymbolicDefinition(): SymbolicDefinition`	Maximal symbolic fixture with nested add/multiply equation and seeds.	core	specific	none
A2	workbench	tests/setup.ts:311	buildWorkbenchInferentialDefinition	function	`function buildWorkbenchInferentialDefinition(): InferentialDefinition`	Maximal inferential fixture with grandparent rule and two parent facts.	core	specific	none
A2	workbench	tests/setup.ts:355	buildDuplicateFactorDefinition	function	`function buildDuplicateFactorDefinition(): QuantitativeDefinition`	Workbench quantitative clone with two factors sharing id duplicate.	core	specific	none
A2	workbench	tests/setup.ts:385	buildWorkbenchQuantitativeResult	function	`function buildWorkbenchQuantitativeResult(): QuantitativeResult`	Maximal quantitative result with group/factor outcomes, trace, errors.	core	specific	none
A2	workbench	tests/setup.ts:422	buildWorkbenchLogicalResult	function	`function buildWorkbenchLogicalResult(): LogicalResult`	Maximal logical result with one rule outcome, trace, errors.	core	specific	none
A2	workbench	tests/setup.ts:444	buildWorkbenchSymbolicResult	function	`function buildWorkbenchSymbolicResult(): SymbolicResult`	Maximal symbolic result with net/tax solutions, trace, errors.	core	specific	none
A2	workbench	tests/setup.ts:464	buildWorkbenchInferentialResult	function	`function buildWorkbenchInferentialResult(): InferentialResult`	Maximal inferential result with derived fact, nested proof, errors.	core	specific	none
A2	workbench	tests/setup.ts:492	buildWorkbenchFactorGroup	function	`function buildWorkbenchFactorGroup(): FactorGroup`	First group of buildWorkbenchQuantitativeDefinition or throws.	core	specific	none
A2	workbench	tests/setup.ts:508	buildWorkbenchFactor	function	`function buildWorkbenchFactor(): Factor`	First factor of that group or throws.	core	specific	none
A2	workbench	tests/setup.ts:524	buildWorkbenchRule	function	`function buildWorkbenchRule(): Rule`	First rule of buildWorkbenchLogicalDefinition or throws.	core	specific	none
A2	workbench	tests/setup.ts:540	buildWorkbenchEquation	function	`function buildWorkbenchEquation(): Equation`	First equation of buildWorkbenchSymbolicDefinition or throws.	core	specific	none
A2	workbench	tests/setup.ts:556	buildWorkbenchVariable	function	`function buildWorkbenchVariable(): Readonly<Record<string, number>>`	Returns { tax: 5 }.	core	specific	none
A2	workbench	tests/setup.ts:570	buildWorkbenchFact	function	`function buildWorkbenchFact(): Fact`	First fact of buildWorkbenchInferentialDefinition or throws.	core	specific	none
A2	workbench	tests/setup.ts:586	buildWorkbenchInference	function	`function buildWorkbenchInference(): Inference`	First inference of buildWorkbenchInferentialDefinition or throws.	core	specific	none
A2	workbench	tests/setup.ts:600	WORKBENCH_SUBJECT	const	`const WORKBENCH_SUBJECT: Subject`	Frozen subject Ada, age 37, active, nested preferences.	core	specific	none
A2	workbench	tests/setup.ts:621	DERIVATION_SUBJECT	const	`const DERIVATION_SUBJECT: Subject`	Frozen subject with both 'a.b' key and nested a.b, plus settings.	core	specific	none
A2	workbench	tests/setup.ts:640	createCycleValue	function	`function createCycleValue(): Readonly<Record<string, unknown>>`	64 nested child records then leaf.root points back to root.	core	general	exists:createHostileValues diff:64-deep child chain plus root back-ref, not the six-value hostile set
A2	workbench	tests/setup.ts:662	createPollutingValue	function	`function createPollutingValue(): unknown`	JSON.parse of object with __proto__ and constructor own keys.	core	general	exists:createHostileValues diff:parsed __proto__/constructor keys not cyclic/revoked/throwing proxies
A2	workflow	tests/setup.ts:20	INVALID_TASK_ACTIVITIES	const	`const INVALID_TASK_ACTIVITIES: ReadonlyArray<readonly [input: unknown]>`	Frozen tuples of invalid task activity frames for guard tests.	core	specific	none
A2	workflow	tests/setup.ts:40	omitTaskActivity	function	`function omitTaskActivity(snapshot: TaskSnapshot): TaskSnapshot`	Copies snapshot fields except activity, spreading defined optionals.	core	specific	none
A2	workflow	tests/setup.ts:63	requireTask	function	`function requireTask(workflow: WorkflowInterface, phase: string, task: string): TaskInterface`	Returns workflow.phase(task) or throws expected-task error.	core	specific	exists:requireValue diff:looks up phase/task on a workflow rather than null/undefined
A2	workflow	tests/setup.ts:74	createTaskControllerFixture	function	`function createTaskControllerFixture(task: TaskInterface, signal: AbortSignal, results: () => readonly TaskResult[]): TaskController`	Constructs TaskController over the live task, report, and pulse.	core	specific	none
A2	workflow	tests/setup.ts:103	roundTripJSON	function	`function roundTripJSON<T>(value: T): T`	Returns JSON.parse of JSON.stringify of value, type T.	core	general	exists:roundTripJSON diff:unconstrained stringify/parse; published JSONSafe and rejects non-finite/undefined/function/symbol
A2	workflow	tests/setup.ts:108	TestGateInterface	interface	`interface TestGateInterface<T> { readonly promise: Promise<T>; readonly resolve: (value: T) => void; readonly reject: (error: unknown) => void }`	Deferred promise with lifted resolve and reject.	core	general	none
A2	workflow	tests/setup.ts:123	createGate	function	`function createGate<T = void>(): TestGateInterface<T>`	Builds a promise capturing resolve and reject from its executor.	core	general	none
A2	workflow	tests/setup.ts:137	WorkflowStoreBoundary	class	`class WorkflowStoreBoundary implements WorkflowStoreInterface { constructor(reads?: ReadonlyArray<TestGateInterface<WorkflowSnapshot \| undefined>>, writes?: ReadonlyArray<TestGateInterface<void>>); get gets(): readonly string[]; get sets(): readonly WorkflowSnapshot[]; get deletes(): readonly string[]; get(id: string): Promise<WorkflowSnapshot \| undefined>; set(snapshot: WorkflowSnapshot): Promise<void>; delete(id: string): Promise<void> }`	Store recording get/set/delete; get/set settle via queued gates.	core	specific	none
A2	workflow	tests/setup.ts:183	FaultBudget	class	`class FaultBudget implements BudgetInterface<TokenUsage> { constructor(failure: unknown); readonly id; readonly max; readonly consumed; readonly remaining; readonly exhausted; get signal(): AbortSignal; get starts(): number; get clears(): number; start(): void; consume(usage: TokenUsage): void; clear(): void }`	Budget whose signal getter throws; start/clear increment counters.	core	specific	none
A2	workflow	tests/setup.ts:239	createErrorRecorder	function	`function createErrorRecorder(): RecorderInterface<readonly [error: unknown, event: string]>`	createRecorder typed as [error, event].	core	general	none
A2	workflow	tests/setup.ts:244	EmitterRecorders	type	`type EmitterRecorders<TMap extends EventMap, TName extends keyof TMap> = { readonly [K in TName]: RecorderInterface<TMap[K]> }`	Recorder map keyed by selected emitter event names.	core	general	none
A2	workflow	tests/setup.ts:261	recordEmitterEvents	function	`function recordEmitterEvents<TMap extends EventMap, TName extends keyof TMap>(emitter: EmitterInterface<TMap>, events: readonly TName[]): EmitterRecorders<TMap, TName>`	Subscribes one recorder per name; throws if any key missing.	core	general	none
A2	workflow	tests/setup.ts:295	isTotal	function	`function isTotal<TMap extends EventMap, TName extends keyof TMap>(recorders: Partial<EmitterRecorders<TMap, TName>>, events: readonly TName[]): recorders is EmitterRecorders<TMap, TName>`	True when every listed event name has a recorder.	core	general	none
A2	workflow	tests/setup.ts:305	SignalListenerCountsInterface	interface	`interface SignalListenerCountsInterface { readonly added: RecorderInterface<readonly [string]>; readonly removed: RecorderInterface<readonly [string]> }`	Recorders of abort addEventListener versus removeEventListener.	core	general	none
A2	workflow	tests/setup.ts:323	instrumentSignal	function	`function instrumentSignal(signal: AbortSignal): SignalListenerCountsInterface`	Wraps abort add/remove, counting each while delegating to the real methods.	core	general	none
A2	workflow	tests/setup.ts:350	RecordingSchedulerInterface	interface	`interface RecordingSchedulerInterface extends SchedulerInterface { readonly yields: number }`	Scheduler exposing how many times yield ran.	core	specific	none
A2	workflow	tests/setup.ts:356	RecordingScheduler	class	`class RecordingScheduler implements RecordingSchedulerInterface { constructor(scheduler: SchedulerInterface); get yields(): number; yield(options?: SchedulerOptions): Promise<void>; delay(ms: number, options?: SchedulerOptions): Promise<void> }`	Counts yield then delegates yield/delay to a wrapped scheduler.	core	specific	none
A2	workflow	tests/setup.ts:385	createRecordingScheduler	function	`function createRecordingScheduler(): RecordingSchedulerInterface`	new RecordingScheduler(createScheduler()).	core	specific	none
A2	workflow	tests/setup.ts:406	buildWorkflowDefinition	function	`function buildWorkflowDefinition(overrides: Partial<WorkflowDefinition> = {}): WorkflowDefinition`	Two-phase Release definition with compile/scan/audit, then overrides.	core	specific	none
A2	workflow	tests/setup.ts:449	buildReleaseDefinition	function	`function buildReleaseDefinition(id = 'release'): WorkflowDefinition`	Two-phase release definition compile/lint then publish, named runs.	core	specific	none
A2	workflow	tests/setup.ts:476	RELEASE_FUNCTIONS	const	`const RELEASE_FUNCTIONS: Readonly<Record<string, WorkflowFunction>>`	compile/lint/publish handlers returning distinct real results.	core	specific	none
A2	workflow	tests/setup.ts:493	settleSnapshot	function	`async function settleSnapshot(definition: WorkflowDefinition): Promise<WorkflowSnapshot>`	execute via recording scheduler and RELEASE_FUNCTIONS; return snapshot.	core	specific	none
A2	workflow	tests/setup.ts:500	isBrowserVuePath	function	`function isBrowserVuePath(path: string): boolean`	True when slash-normalized path starts with app/browser/.	core	specific	none
A2	terminal	tests/setup.ts:20	EmitterRecorders	type	`type EmitterRecorders<TMap extends EventMap, TName extends keyof TMap> = { readonly [K in TName]: RecorderInterface<TMap[K]> }`	Recorder map keyed by selected emitter event names.	core	general	none
A2	terminal	tests/setup.ts:25	isTotal	function	`function isTotal<TMap extends EventMap, TName extends keyof TMap>(recorders: Partial<EmitterRecorders<TMap, TName>>, events: readonly TName[]): recorders is EmitterRecorders<TMap, TName>`	True when every listed event name has a recorder.	core	general	none
A2	terminal	tests/setup.ts:33	recordEmitterEvents	function	`function recordEmitterEvents<TMap extends EventMap, TName extends keyof TMap>(emitter: EmitterInterface<TMap>, events: readonly TName[]): EmitterRecorders<TMap, TName>`	Subscribes one recorder per name; throws if any key missing.	core	general	none
A2	terminal	tests/setup.ts:48	ManualTimerInterface	interface	`interface ManualTimerInterface { readonly handler: TimerHandler; readonly pending: number; flush(): void }`	Injected timer that records armed callbacks until flush.	core	general	none
A2	terminal	tests/setup.ts:55	createManualTimer	function	`function createManualTimer(): ManualTimerInterface`	Arm records callbacks; pending ignores cancelled; flush fires remaining.	core	general	none
A2	terminal	tests/setup.ts:77	createSSEResponse	function	`function createSSEResponse(events: ReadonlyArray<{ readonly event: string; readonly data: unknown }>): Response`	Bounded text/event-stream Response encoding event/data JSON frames.	core	general	none
A2	terminal	tests/setup.ts:97	createJSONResponse	function	`function createJSONResponse(value: unknown, status = 200): Response`	Response JSON.stringify(value) with application/json and status.	core	general	none
A2	terminal	tests/setup.ts:105	feedReducer	function	`function feedReducer<TValue, TState>(reduce: (state: TState, key: ReturnType<typeof parseKey>) => PromptStep<TValue, TState>, state: TState, keys: readonly string[]): PromptStep<TValue, TState>`	Folds parseKey(keys) through reduce starting from active empty view.	core	specific	none
A2	terminal	tests/setup.ts:116	RecordedForm	interface	`interface RecordedForm { readonly schema: FormSchema; readonly values: FormValues; readonly errors: readonly FieldError[]; readonly status: FormStatus }`	Snapshot of a form at the terminal ask boundary.	core	specific	none
A2	terminal	tests/setup.ts:124	RecordingTerminalOptions	interface	`interface RecordingTerminalOptions { readonly answers?: readonly FormValues[]; readonly defer?: boolean }`	Scripted answers and optional defer-until-release.	core	specific	none
A2	terminal	tests/setup.ts:134	RecordingTerminal	class	`class RecordingTerminal implements TerminalInterface { readonly calls; constructor(options?: RecordingTerminalOptions); get active(): FormInterface \| undefined; ask(form: FormInterface): Promise<FormValues>; release(values?: FormValues): void }`	Records ask; fills/submits scripted answers unless deferred.	core	specific	none
A2	terminal	tests/setup.ts:180	createRecordingTerminal	function	`function createRecordingTerminal(options: RecordingTerminalOptions = {}): RecordingTerminal`	new RecordingTerminal(options).	core	specific	none
A2	terminal	tests/setup.ts:185	createFormSchema	function	`function createFormSchema(): FormSchema`	Compact profile schema with required text name.	core	specific	none
A2	terminal	tests/setup.ts:194	createTwelveControlSchema	function	`function createTwelveControlSchema(): FormSchema`	Registration schema covering all twelve field controls.	core	specific	none
A2	terminal	tests/setup.ts:231	createPendingForm	function	`function createPendingForm(schema: FormSchema = createFormSchema(), options?: { readonly id?: string; readonly from?: string; readonly to?: string }): PendingForm`	Pending envelope around serializeForm(schema), time 1.	core	specific	none
A2	terminal	tests/setup.ts:246	createHostileText	function	`function createHostileText(text: string): string`	Wraps text in CSI color, NUL, tab, newline, CR, DEL.	core	general	none
A2	terminal	tests/setup.ts:251	createHostilePattern	function	`function createHostilePattern(text: string): string`	Wraps text in OSC title, BEL, NUL, tab, newline, CR, DEL.	core	general	none
A2	terminal	tests/setup.ts:259	createHostileSchema	function	`function createHostileSchema(): FormSchema`	Twelve-control schema with createHostileText in every string slot.	core	specific	none
A2	terminal	tests/setup.ts:347	createHostileWireSchema	function	`function createHostileWireSchema(): FormSchema`	Hostile schema minus invalid date/time/datetime/color defaults.	core	specific	none
A2	terminal	tests/setup.ts:369	TerminalStoreScenario	interface	`interface TerminalStoreScenario { readonly label: string; readonly act: (store: TerminalStoreInterface) => Promise<unknown>; readonly expected: unknown }`	One store-contract case: label, act, expected.	core	specific	none
A2	terminal	tests/setup.ts:376	TERMINAL_STORE_SCENARIOS	const	`const TERMINAL_STORE_SCENARIOS: readonly TerminalStoreScenario[]`	Frozen miss/round-trip/upsert/delete/absent/two-id store cases.	core	specific	none
A2	markdown	tests/setup.ts:48	TEST_SEED	const	`const TEST_SEED = 42`	House seed integer 42.	core	general	none
A2	markdown	tests/setup.ts:60	firstBlock	function	`function firstBlock(markdown: string): BlockNode`	Parses via Markdown; throws if children[0] missing.	core	specific	exists:requireValue diff:parses markdown and requires a first block node
A2	markdown	tests/setup.ts:66	assertHeadingNode	function	`function assertHeadingNode(block: BlockNode): HeadingNode`	Throws unless isHeadingNode; returns the narrowed heading.	core	specific	none
A2	markdown	tests/setup.ts:71	assertListNode	function	`function assertListNode(block: BlockNode): ListNode`	Throws unless isListNode; returns the narrowed list.	core	specific	none
A2	markdown	tests/setup.ts:76	assertTableNode	function	`function assertTableNode(block: BlockNode): TableNode`	Throws unless isTableNode; returns the narrowed table.	core	specific	none
A2	markdown	tests/setup.ts:81	assertParagraphNode	function	`function assertParagraphNode(block: BlockNode \| undefined): ParagraphNode`	Throws unless defined paragraph; returns the narrowed paragraph.	core	specific	none
A2	markdown	tests/setup.ts:88	assertCodeBlockNode	function	`function assertCodeBlockNode(block: BlockNode): CodeBlockNode`	Throws unless isCodeBlockNode; returns the narrowed code block.	core	specific	none
A2	markdown	tests/setup.ts:93	assertBlockquoteNode	function	`function assertBlockquoteNode(block: BlockNode): BlockquoteNode`	Throws unless isBlockquoteNode; returns the narrowed blockquote.	core	specific	none
A2	markdown	tests/setup.ts:98	assertEmphasisNode	function	`function assertEmphasisNode(node: InlineNode \| undefined): EmphasisNode`	Throws unless defined emphasis; returns the narrowed emphasis.	core	specific	none
A2	markdown	tests/setup.ts:105	assertCodeSpanNode	function	`function assertCodeSpanNode(node: InlineNode \| undefined): CodeSpanNode`	Throws unless defined codeSpan; returns the narrowed code span.	core	specific	none
A2	markdown	tests/setup.ts:112	assertLinkNode	function	`function assertLinkNode(node: InlineNode \| undefined): LinkNode`	Throws unless defined link; returns the narrowed link.	core	specific	none
A2	markdown	tests/setup.ts:120	assertInlineNode	function	`function assertInlineNode(markdown: string): InlineNode`	firstBlock as paragraph; returns children[0] or throws.	core	specific	none
A2	markdown	tests/setup.ts:130	inlineText	function	`function inlineText(nodes: readonly InlineNode[]): string`	Joins flattenText of each node.	core	specific	none
A2	markdown	tests/setup.ts:142	buildProjection	function	`function buildProjection(parts: Partial<MarkdownProjection>): MarkdownProjection`	createProjection(parts) with defaults.	core	specific	none
A2	markdown	tests/setup.ts:147	projectHTML	function	`function projectHTML(html: string): MarkdownDocument`	parseHTML then htmlToMarkdown.	core	specific	none
A2	markdown	tests/setup.ts:152	MARKDOWN_FIXPOINT_CORPUS	const	`const MARKDOWN_FIXPOINT_CORPUS: ReadonlyArray<{ readonly name: string; readonly source: string; readonly rendered: string }>`	Three emphasis-nesting source/rendered pairs.	core	specific	none
A2	markdown	tests/setup.ts:175	PROJECTION_CORPUS	const	`const PROJECTION_CORPUS: ReadonlyArray<{ readonly name: string; readonly html: string }>`	HTML documents covering headings through mixed documents.	core	specific	none
A2	markdown	tests/setup.ts:225	buildCyclicNode	function	`function buildCyclicNode(): unknown`	Emphasis-like record whose children array contains itself.	core	specific	exists:createHostileValues diff:emphasis-shaped children cycle not the six-value hostile set
A2	markdown	tests/setup.ts:236	buildHostileNode	function	`function buildHostileNode(): unknown`	Object whose element and children getters throw.	core	specific	exists:createHostileValues diff:throwing getters on one record not frozen six-value set
A2	markdown	tests/setup.ts:252	buildDeepInlineNode	function	`function buildDeepInlineNode(levels: number): unknown`	Nested emphasis children levels deep around a text leaf.	core	specific	none
A2	markdown	tests/setup.ts:265	buildDeepBlockNode	function	`function buildDeepBlockNode(levels: number): unknown`	Nested blockquote children levels deep around a paragraph leaf.	core	specific	none
A2	markdown	tests/setup.ts:278	buildDeepQuoteInput	function	`function buildDeepQuoteInput(levels: number, text = 'leaf'): string`	Repeats '> ' levels times then text.	core	specific	none
A2	markdown	tests/setup.ts:283	buildDeepListInput	function	`function buildDeepListInput(levels: number, text = 'leaf'): string`	Nested '- ' list lines, indent two spaces per level.	core	specific	none
A2	markdown	tests/setup.ts:292	buildDeepEmphasisInput	function	`function buildDeepEmphasisInput(levels: number, text = 'leaf'): string`	Alternating *emphasis* and [link](url) wrappers around text.	core	specific	none
A2	markdown	tests/setup.ts:301	isBrowserVuePath	function	`function isBrowserVuePath(path: string): boolean`	True when slash-normalized path starts with app/browser/.	core	specific	none
A2	middleware	tests/setup.ts:14	TEST_BODY_LIMIT	const	`const TEST_BODY_LIMIT = 1_048_576`	1_048_576 byte cap.	core	general	none
A2	middleware	tests/setup.ts:29	buildRequest	function	`function buildRequest(path: string, init?: RequestInit): Request`	new Request(new URL(path, http://test.local/), init).	core	general	none
A2	middleware	tests/setup.ts:49	createTestContext	function	`function createTestContext<TState>(request: Request, state: TState): MiddlewareContext<TState>`	Context with url, method, state, body cached via readBody limit.	core	specific	none
A2	middleware	tests/setup.ts:67	ECHO_MARKER	const	`const ECHO_MARKER = 'echo'`	Marker string 'echo'.	core	general	none
A2	middleware	tests/setup.ts:82	createEchoTerminal	function	`function createEchoTerminal<TState>(status = 200): (request: Request, context: MiddlewareContext<TState>) => Promise<Response>`	Terminal handler returning Response(ECHO_MARKER, {status}).	core	specific	none
A2	middleware	tests/setup.ts:89	RecordingTerminalInterface	interface	`interface RecordingTerminalInterface<TState> { readonly calls: ReadonlyArray<{ readonly request: Request; readonly context: MiddlewareContext<TState> }>; readonly count: number; readonly handler: (request: Request, context: MiddlewareContext<TState>) => Promise<Response> }`	Terminal handler recording request/context then echoing.	core	specific	none
A2	middleware	tests/setup.ts:113	createRecordingTerminal	function	`function createRecordingTerminal<TState>(status = 200): RecordingTerminalInterface<TState>`	Records each call then returns Response(ECHO_MARKER, {status}).	core	specific	none
A2	middleware	tests/setup.ts:130	RecordingNextInterface	interface	`interface RecordingNextInterface { readonly calls: ReadonlyArray<Request \| undefined>; readonly count: number; readonly next: NextFunction }`	NextFunction recording substituted Request then answering.	core	specific	none
A2	middleware	tests/setup.ts:152	createRecordingNext	function	`function createRecordingNext(response?: Response): RecordingNextInterface`	next pushes request and returns response or echo 200.	core	specific	none
A2	middleware	tests/setup.ts:186	runChain	function	`function runChain<TState>(middleware: ReadonlyArray<MiddlewareHandler<TState>>, terminal: (request: Request, context: MiddlewareContext<TState>) => Promise<Response>, request: Request, context: MiddlewareContext<TState>): Promise<Response>`	compose(middleware, terminal)(request, context).	core	specific	none
A2	middleware	tests/setup.ts:196	ManualClockInterface	interface	`interface ManualClockInterface { readonly clock: () => number; advance(ms: number): void; set(value: number): void }`	Injected clock with advance and absolute set.	core	general	none
A2	middleware	tests/setup.ts:217	createManualClock	function	`function createManualClock(start = 0): ManualClockInterface`	clock returns now; advance adds; set replaces; starts at start.	core	general	none
A2	relation	tests/setup.ts:15	EmitterRecorders	type	`type EmitterRecorders<TMap extends EventMap, TName extends keyof TMap> = { readonly [K in TName]: RecorderInterface<TMap[K]> }`	Recorder map keyed by selected emitter event names.	core	general	none
A2	relation	tests/setup.ts:32	recordEmitterEvents	function	`function recordEmitterEvents<TMap extends EventMap, TName extends keyof TMap>(emitter: EmitterInterface<TMap>, events: readonly TName[]): EmitterRecorders<TMap, TName>`	Subscribes one recorder per name; throws if any key missing.	core	general	none
A2	relation	tests/setup.ts:62	isTotal	function	`function isTotal<TMap extends EventMap, TName extends keyof TMap>(recorders: Partial<EmitterRecorders<TMap, TName>>, events: readonly TName[]): recorders is EmitterRecorders<TMap, TName>`	True when every listed event name has a recorder.	core	general	none
A2	relation	tests/setup.ts:75	INTEGRATION_TABLES	const	`const INTEGRATION_TABLES = { users: { id: stringShape(), name: stringShape(), age: integerShape() }, posts: { id: stringShape(), author: stringShape(), title: stringShape() } } as const`	users and posts column shape maps.	core	specific	none
A2	relation	tests/setup.ts:81	INTEGRATION_RELATIONS	const	`const INTEGRATION_RELATIONS: RelationsShape<typeof INTEGRATION_TABLES>`	users.posts hasMany('author') only.	core	specific	none
A2	relation	tests/setup.ts:86	isBrowserVuePath	function	`function isBrowserVuePath(path: string): boolean`	True when slash-normalized path starts with app/browser/.	core	specific	none
A2	relation	tests/setup.ts:94	FaultDriver	class	`class FaultDriver implements DriverInterface { constructor(driver: DriverInterface, after: number); open; close; read; write; insert; delete; keys; scan; clear; snapshot }`	Delegates; delete throws FaultDriver delete failure once calls >= after.	core	specific	none
A2	pool	tests/setup.ts:14	EmitterRecorders	type	`type EmitterRecorders<TMap extends EventMap, TName extends keyof TMap> = { readonly [K in TName]: RecorderInterface<TMap[K]> }`	Recorder map keyed by selected emitter event names.	core	general	none
A2	pool	tests/setup.ts:31	recordEmitterEvents	function	`function recordEmitterEvents<TMap extends EventMap, TName extends keyof TMap>(emitter: EmitterInterface<TMap>, events: readonly TName[]): EmitterRecorders<TMap, TName>`	Subscribes one recorder per name; throws if any key missing.	core	general	none
A2	pool	tests/setup.ts:65	isTotal	function	`function isTotal<TMap extends EventMap, TName extends keyof TMap>(recorders: Partial<EmitterRecorders<TMap, TName>>, events: readonly TName[]): recorders is EmitterRecorders<TMap, TName>`	True when every listed event name has a recorder.	core	general	none
A2	pool	tests/setup.ts:78	ResourceFactoryInterface	interface	`interface ResourceFactoryInterface { readonly create: () => number; readonly created: RecorderInterface<[number]>; readonly destroyed: RecorderInterface<[number]> }`	Monotonic number allocator plus created and destroyed recorders.	core	general	none
A2	pool	tests/setup.ts:97	createResourceFactory	function	`function createResourceFactory(): ResourceFactoryInterface`	create hands out 0,1,2,… recording each; destroyed is a companion recorder.	core	general	none
A2	websocket	tests/setup.ts:20	buildText	function	`function buildText(rng: () => number, length: number): string`	length BMP code points from rng, remapping surrogates down by 0x800.	core	general	none
A2	websocket	tests/setup.ts:33	INTEGRATION_CLOSE_NORMAL_REQUEST	const	`const INTEGRATION_CLOSE_NORMAL_REQUEST = 'close-me'`	Protocol string close-me.	core	specific	none
A2	websocket	tests/setup.ts:34	INTEGRATION_CLOSE_CUSTOM_REQUEST	const	`const INTEGRATION_CLOSE_CUSTOM_REQUEST = 'close-4000'`	Protocol string close-4000.	core	specific	none
A2	websocket	tests/setup.ts:35	INTEGRATION_COUNT_REQUEST	const	`const INTEGRATION_COUNT_REQUEST = 'count'`	Protocol string count.	core	specific	none
A2	websocket	tests/setup.ts:36	INTEGRATION_COUNT_PREFIX	const	`const INTEGRATION_COUNT_PREFIX = 'count: '`	Protocol prefix 'count: '.	core	specific	none
A2	websocket	tests/setup.ts:50	connect	function	`function connect(url: string): Promise<WebSocket>`	new WebSocket; resolves on open, rejects on error, once each.	core	general	none
A2	websocket	tests/setup.ts:64	nextMessage	function	`function nextMessage(ws: WebSocket): Promise<MessageEvent>`	Resolves with the next one-shot message event.	core	general	exists:waitForEvent diff:once message listener; no budget or abort
A2	websocket	tests/setup.ts:76	nextClose	function	`function nextClose(ws: WebSocket): Promise<CloseEvent>`	Resolves with the next one-shot close event.	core	general	exists:waitForEvent diff:once close listener; no budget or abort
A2	router	tests/setup.ts:19	TestBodyInterface	interface	`interface TestBodyInterface { readonly body: ReadableStream<Uint8Array>; readonly pulls: number }`	Finite byte stream plus observed pull count.	core	general	none
A2	router	tests/setup.ts:31	createTestBody	function	`function createTestBody(chunk: Uint8Array, count: number): TestBodyInterface`	Stream pull enqueues chunk, increments pulls, closes at count.	core	general	none
A2	guide	tests/setup.ts:10	TEST_SEED	const	`const TEST_SEED = 42`	House seed integer 42.	core	general	none
A2	guide	tests/setup.ts:23	requireTable	function	`function requireTable(markdown: string): TableNode`	parseDocument children[0]; throws unless element table.	core	specific	exists:requireValue diff:parses markdown and requires first child element table
A2	guide	tests/setup.ts:30	isBrowserVuePath	function	`function isBrowserVuePath(path: string): boolean`	True when slash-normalized path starts with app/browser/.	core	specific	none
A3	mcp	tests/setup.ts:65	TestSignalRecorderInterface	interface	{ readonly controller: AbortController; readonly signal: AbortSignal; readonly live: number }	Declares real controller, counted signal, and live abort-listener tally.	core	general	none
A3	mcp	tests/setup.ts:97	createSignalRecorder	function	(): TestSignalRecorderInterface	Allocates AbortController; wraps instance listener methods; exposes live getter.	core	general	none
A3	mcp	tests/setup.ts:129	EmitterRecorders	type	<TMap extends EventMap, TName extends keyof TMap> = { readonly [K in TName]: RecorderInterface<TMap[K]> }	Maps each listed event name to a typed RecorderInterface.	core	general	none
A3	mcp	tests/setup.ts:145	isTotal	function	<TMap extends EventMap, TName extends keyof TMap>(recorders: Partial<EmitterRecorders<TMap, TName>>, events: readonly TName[]): recorders is EmitterRecorders<TMap, TName>	Returns true when every listed event name has a defined recorder.	core	general	none
A3	mcp	tests/setup.ts:165	recordEmitterEvents	function	<TMap extends EventMap, TName extends keyof TMap>(emitter: EmitterInterface<TMap>, events: readonly TName[]): EmitterRecorders<TMap, TName>	Subscribes a createRecorder per name; throws if any name missing.	core	general	none
A3	mcp	tests/setup.ts:202	isMCPMethodHandler	function	(value: unknown): value is MCPMethodHandler	Returns whether value is a function, narrowing to MCPMethodHandler.	core	specific	none
A3	mcp	tests/setup.ts:220	waitForAbort	function	(signal: AbortSignal): Promise<void>	Resolves on abort; resolves immediately if already aborted.	core	general	exists:waitForEvent diff:parks on AbortSignal abort with once; no budget, description, or subscriber cleanup
A3	mcp	tests/setup.ts:237	waitForSettlement	function	<T>(promise: Promise<T>, timeout = 250, message = 'Timed out waiting for promise settlement'): Promise<T>	Races promise against timeout; clears timer in finally; throws on timeout.	core	general	none
A3	mcp	tests/setup.ts:270	createJSONRPCRequest	function	(overrides?: Partial<JSONRPCRequest>): JSONRPCRequest	Returns jsonrpc 2.0 initialize id 1 merged with overrides.	core	specific	none
A3	mcp	tests/setup.ts:281	createJSONRPCNotification	function	(method: string, params?: JSONRPCNotification['params']): JSONRPCNotification	Returns jsonrpc 2.0 notification with method and optional params.	core	specific	none
A3	mcp	tests/setup.ts:324	createHostileCorpus	function	(): readonly unknown[]	Builds frozen adversarial values including revoked proxy, cycle, throwing accessors.	core	specific	exists:createHostileValues diff:larger JSON-RPC-shaped corpus with primitives, Date, Map, Set, throwing accessors, nested-64 record; not the six-value set
A3	mcp	tests/setup.ts:376	GUARD_KEY_NAMES	const	readonly string[] = Object.freeze([ '_meta', 'action', ... 'websiteUrl'])	Frozen key names published guards read by name.	core	specific	none
A3	mcp	tests/setup.ts:459	throwOnRead	function	(): never	Throws Error must not escape.	core	general	none
A3	mcp	tests/setup.ts:481	createThrowingKeys	function	(keys: readonly string[]): readonly unknown[]	One record per key with enumerable getter that throws.	core	specific	none
A3	mcp	tests/setup.ts:494	buildNestedRecord	function	(depth: number): Record<string, unknown>	Wraps { leaf: true } in depth layers of { nested }.	core	general	none
A3	mcp	tests/setup.ts:509	createCalculatorServer	function	(): MCPServerInterface	MCP server with add returning 5 and boom throwing kaboom.	core	specific	none
A3	mcp	tests/setup.ts:533	MODERN_METADATA	const	Readonly<Record<string, unknown>> = Object.freeze({ [MCP_META_VERSION]: MCP_MODERN_VERSION, [MCP_META_CAPABILITIES]: Object.freeze({}) })	Frozen modern protocol version plus empty capabilities object.	core	specific	none
A3	mcp	tests/setup.ts:551	TestHeaderContext	interface	{ readonly label: string; readonly metadata: Readonly<Record<string, unknown>>; readonly parsed: boolean; readonly version: string \| undefined }	Row shape for label, metadata, parsed flag, and projected version.	core	specific	none
A3	mcp	tests/setup.ts:563	HEADER_PROJECTION_CONTEXTS	const	readonly TestHeaderContext[] = Object.freeze([five modern-context rows])	Five frozen rows of modern-context header projection cases.	core	specific	none
A3	mcp	tests/setup.ts:612	createHeaderProjectionRequest	function	(metadata: Readonly<Record<string, unknown>>): JSONRPCRequest	tools/list request with given _meta metadata.	core	specific	none
A3	mcp	tests/setup.ts:625	modernRequest	function	(method: string, id: string \| number = 1): JSONRPCRequest	JSON-RPC request with method, id, and MODERN_METADATA _meta.	core	specific	none
A3	mcp	tests/setup.ts:630	MemoryResourceManager	class	implements MCPResourceManagerInterface	In-memory resources/templates recording cursors, reads, and options.	core	specific	none
A3	mcp	tests/setup.ts:690	MemoryTransportInterface	interface	extends MCPTransportInterface { readonly sent: readonly string[]; readonly closedCalls: number; readonly failSend: Error \| undefined; connect(peer: MemoryTransportInterface): void; deliver(message: string): void; fail(error?: Error): void }	Peerable transport plus sent, closedCalls, failSend, connect, deliver, fail.	core	specific	none
A3	mcp	tests/setup.ts:704	createMemoryTransport	function	(): MemoryTransportInterface	In-memory duplex transport recording sends and optional peer delivery.	core	specific	none
A3	mcp	tests/setup.ts:750	HostilePeerInterface	interface	{ readonly messages: readonly string[]; send(message: string): Promise<void>; responses(): readonly JSONRPCMessage[]; response(): JSONRPCResponse \| undefined; clear(): void; close(): void }	Serialized peer with messages, send, responses, response, clear, close.	core	specific	none
A3	mcp	tests/setup.ts:765	createHostilePeer	function	(server: MCPServerInterface): HostilePeerInterface	Binds server to capturing transport; parses replies; send waits for outbound.	core	specific	none
A3	mcp	tests/setup.ts:834	createSubscriptionRequest	function	(id: JSONRPCId): JSONRPCRequest	Modern subscriptions/listen request with toolsListChanged notification.	core	specific	none
A3	mcp	tests/setup.ts:843	TestOwnershipInterface	interface	{ readonly released: boolean; readonly failure: unknown }	Outcome with released flag and captured consumer failure.	core	specific	none
A3	mcp	tests/setup.ts:872	probeOwnership	function	(consume: (stream: MCPStreamControllerInterface) => Promise<void>): Promise<TestOwnershipInterface>	Hands subscription stream to consumer; rival listen infers whether slot released.	core	specific	none
A3	mcp	tests/setup.ts:900	OWNER_OF_LAST_RESORT_SPELLINGS	const	readonly string[] = Object.freeze(['FinalizationRegistry', 'WeakRef', 'setTimeout', 'setInterval', 'setImmediate', 'AbortSignal.timeout'])	Frozen forbidden spellings FinalizationRegistry through AbortSignal.timeout.	core	general	none
A3	mcp	tests/setup.ts:925	inspectOwnerOfLastResort	function	(source: string): readonly string[]	Filters those spellings that source.includes.	core	general	none
A3	mcp	tests/setup.ts:974	probeDuplex	function	(client: MCPClientInterface, drain: () => Promise<readonly JSONRPCMessage[]>): Promise<readonly JSONRPCMessage[]>	Aborts in-flight add call; waits 50ms; returns drain() frames.	core	specific	none
A3	mcp	tests/setup.ts:997	readMethods	function	(frames: readonly JSONRPCMessage[]): readonly string[]	Collects method from frames that have a method field.	core	specific	none
A3	mcp	tests/setup.ts:1015	createLoopbackTransport	function	(mcp: MCPServerInterface): MCPClientTransportInterface	Client transport dispatching to mcp; emits unary replies; duplex true.	core	specific	exists:createLoopback diff:in-process MCP dispatch over emitter rather than listen(0) HTTP Server on 127.0.0.1
A3	mcp	tests/setup.ts:1046	postJSON	function	(base: string, body: unknown, options?: { readonly headers?: Readonly<Record<string, string>>; readonly path?: string }): Promise<Response>	fetch POST JSON to base plus path default /mcp with content-type.	core	general	none
A3	mcp	tests/setup.ts:1079	collectSSE	function	(response: Response): Promise<readonly SSEEvent[]>	Drains readSSEStream into an array of events.	core	general	exists:collect diff:drains SSE events from a fetch Response via readSSEStream not a generic AsyncIterable
A3	mcp	tests/setup.ts:1098	readSSEStream	function	(response: Response): AsyncGenerator<SSEEvent>	Decodes response.body through TextDecoder and SSE parser; releases reader.	core	general	exists:collectStream diff:byte-decode plus SSE parse of response.body; yields SSEEvent; releaseLock in finally
A3	mcp	tests/setup.ts:1118	ManualClockInterface	interface	{ readonly now: () => number; advance(ms: number): void }	Injectable now function plus advance(ms).	core	general	none
A3	mcp	tests/setup.ts:1135	createManualClock	function	(start = 0): ManualClockInterface	Mutable instant starting at start; now reads it; advance adds ms.	core	general	none
A3	mcp	tests/setup.ts:1155	TestFrame	interface	{ readonly method: string; readonly at: number }	Outbound method string plus performance.now stamp.	core	specific	none
A3	mcp	tests/setup.ts:1163	TestTransportInterface	interface	extends MCPClientTransportInterface { readonly frames: readonly TestFrame[] }	Loopback client transport plus timestamped frames list.	core	specific	none
A3	mcp	tests/setup.ts:1184	createRecordingTransport	function	(mcp: MCPServerInterface): TestTransportInterface	Loopback send wrapper pushing method and performance.now into frames.	core	specific	none
A3	mcp	tests/setup.ts:1212	createTaskServer	function	(tasks: MCPTaskManagerInterface): MCPServerInterface	Server with render tool and task defer returning operation-1.	core	specific	none
A3	mcp	tests/setup.ts:1223	TASK_CAPABILITIES	const	MCPClientCapabilities = Object.freeze({ extensions: Object.freeze({ [MCP_EXTENSION_TASKS]: Object.freeze({}) }) })	Frozen client capabilities declaring the tasks extension.	core	specific	none
A3	mcp	tests/setup.ts:1228	TestTaskOptions	interface	{ readonly bind?: boolean; readonly work?: number; readonly asking?: boolean; readonly owner?: unknown; readonly ttl?: number \| null; readonly poll?: number }	Options bind, work, asking, owner, ttl, poll for TestTaskManager.	core	specific	none
A3	mcp	tests/setup.ts:1259	TestTaskManager	class	implements MCPTaskManagerInterface; constructor(options: TestTaskOptions = {})	In-memory task store with workers, settle, purge, owner guard, monotonic stamps.	core	specific	none
A3	scaffold	tests/setup.ts:82	TestHostileCase	interface	{ readonly label: string; readonly value: unknown; readonly owned: boolean }	One adversarial value plus whether cloneValue can own it.	core	specific	none
A3	scaffold	tests/setup.ts:96	TestGuardCase	interface	{ readonly name: string; readonly guard: (value: unknown) => boolean; readonly accepted: readonly unknown[]; readonly admits: readonly string[] }	One guard with accepted values and admitted hostile labels.	core	specific	none
A3	scaffold	tests/setup.ts:104	TestParserCase	interface	{ readonly name: string; readonly parse: (value: unknown) => unknown; readonly guard: (value: unknown) => boolean; readonly accepted: readonly unknown[]; readonly refused: readonly unknown[] }	One coercer beside the guard it is derived from.	core	specific	none
A3	scaffold	tests/setup.ts:113	TestPathCase	interface	{ readonly label: string; readonly path: string; readonly accepted: boolean }	One candidate path and the portable-path verdict it owes.	core	specific	none
A3	scaffold	tests/setup.ts:126	TestUnionCase	interface	{ readonly label: string; readonly guard: (value: unknown) => boolean; readonly accepted: Record<string, unknown>; readonly refused: Record<string, unknown> }	Sound record paired with a twin that adds one forbidden key.	core	specific	none
A3	scaffold	tests/setup.ts:134	TestPurityCase	interface	{ readonly helper: string; readonly call: () => unknown; readonly inputs: readonly unknown[] }	One helper call plus the caller-owned inputs it reads.	core	specific	none
A3	scaffold	tests/setup.ts:141	TestRangeCase	interface	{ readonly range: string; readonly latest: string; readonly satisfied: boolean }	One declared range measured against a reported version.	core	specific	none
A3	scaffold	tests/setup.ts:154	TestSample	class	{ readonly hostile = 'x' }	Instance whose prototype the hostile matrix severs.	core	general	none
A3	scaffold	tests/setup.ts:177	buildBlueprint	function	(fields?: Partial<Blueprint>): Blueprint	Valid inert blueprint with defaults then focused field replacements.	core	specific	none
A3	scaffold	tests/setup.ts:209	buildDependency	function	(fields?: Partial<Dependency>): Dependency	Valid inert dependency defaulting name @orkestrel/emitter range ^0.0.5.	core	specific	none
A3	scaffold	tests/setup.ts:219	buildOverride	function	(fields?: Partial<Override>): Override	Valid inert override defaulting path README.md and sample content.	core	specific	none
A3	scaffold	tests/setup.ts:229	buildQuestion	function	(fields?: Partial<Question>): Question	Valid inert question defaulting field src, blocking true.	core	specific	none
A3	scaffold	tests/setup.ts:239	buildHostArtifact	function	(fields?: Partial<HostArtifact>): HostArtifact	Planned host artifact whose bytes have not been read.	core	specific	none
A3	scaffold	tests/setup.ts:249	buildHydratedArtifact	function	(fields?: Partial<HydratedArtifact>): HydratedArtifact	Planned host artifact with vendored hex from MIT content.	core	specific	none
A3	scaffold	tests/setup.ts:266	buildContentArtifact	function	(fields?: Partial<ContentArtifact>): ContentArtifact	Planned computed artifact with README.md sample content.	core	specific	none
A3	scaffold	tests/setup.ts:283	buildPlan	function	(fields?: Partial<Plan>): Plan	Valid inert plan over buildBlueprint and one content artifact.	core	specific	none
A3	scaffold	tests/setup.ts:297	buildSnapshot	function	(): Snapshot	Snapshot mapping AGENTS.md to hex of '# Agents\n'.	core	specific	none
A3	scaffold	tests/setup.ts:306	buildFinding	function	(): Finding	Missing finding for AGENTS.md docs content ownership.	core	specific	none
A3	scaffold	tests/setup.ts:315	buildAudit	function	(): Audit	Audit carrying one missing finding and one question.	core	specific	none
A3	scaffold	tests/setup.ts:324	buildHooks	function	(): EmitterHooks<CompilerEventMap>	Hooks record wiring a recorder handler to compile.	core	specific	none
A3	scaffold	tests/setup.ts:333	buildCompilerOptions	function	(): CompilerOptions	Options carrying buildHooks and no error handler.	core	specific	none
A3	scaffold	tests/setup.ts:338	THROWING_KEYS_TRAP	const	ProxyHandler<object> = { ownKeys() { throw new Error('ownKeys trap') } }	Proxy handler whose ownKeys trap throws.	core	general	none
A3	scaffold	tests/setup.ts:345	THROWING_GET_TRAP	const	ProxyHandler<object> = { get() { throw new Error('get trap') } }	Proxy handler whose get trap throws.	core	general	none
A3	scaffold	tests/setup.ts:352	THROWING_PROTOTYPE_TRAP	const	ProxyHandler<object> = { getPrototypeOf() { throw new Error('getPrototypeOf trap') } }	Proxy handler whose getPrototypeOf trap throws.	core	general	none
A3	scaffold	tests/setup.ts:359	THROWING_ACCESSOR_DESCRIPTOR	const	PropertyDescriptor = { enumerable: true, configurable: true, get() { throw new Error('accessor') } }	Descriptor installing a throwing enumerable accessor.	core	general	none
A3	scaffold	tests/setup.ts:368	BENIGN_ACCESSOR_DESCRIPTOR	const	PropertyDescriptor = { enumerable: true, configurable: true, get() { return 'sample' } }	Descriptor installing an accessor that returns sample.	core	general	none
A3	scaffold	tests/setup.ts:386	BROWSER_RESOLVER_EXPORTS	const	readonly string[] = Object.freeze(['CHROMIUM_LAYOUTS', ... 'resolveBrowser'])	Frozen names the emitted configs/browsers.ts publishes.	core	specific	none
A3	scaffold	tests/setup.ts:403	MANIFEST_SAMPLE	const	= '{"name":"@orkestrel/sample","dependencies":{"@orkestrel/emitter":"^0.0.5","vite":"~8.2.0"},"devDependencies":{"@orkestrel/emitter":"^9.9.9","@orkestrel/guide":"^0.0.9"}}'	Manifest JSON with fleet packages plus one foreign name.	core	specific	none
A3	scaffold	tests/setup.ts:418	buildHostileCases	function	(): readonly TestHostileCase[]	Fresh labeled adversarial cases with owned flags for clone tests.	core	specific	exists:createHostileValues diff:labeled owned cases; adds reparented instance, throwing accessor, sparse and oversized arrays; uses blueprint and MAX_COLLECTION_ITEMS
A3	scaffold	tests/setup.ts:469	selectHostileCase	function	(label: string): TestHostileCase	Finds a buildHostileCases row by label; throws if absent.	core	specific	none
A3	scaffold	tests/setup.ts:488	readKeyCount	function	(value: unknown): number	Returns Object.keys(Object(value)).length, propagating hostile throws.	core	general	none
A3	scaffold	tests/setup.ts:497	buildGuardCases	function	(): readonly TestGuardCase[]	One case per published guard with accepted values and admits.	core	specific	none
A3	scaffold	tests/setup.ts:632	buildParserCases	function	(): readonly TestParserCase[]	One case per published coercer with accepted and refused values.	core	specific	none
A3	scaffold	tests/setup.ts:670	buildUnionCases	function	(): readonly TestUnionCase[]	Forbidden-key twins for artifact, finding, catalog, mirror, hooks, options.	core	specific	none
A3	scaffold	tests/setup.ts:786	buildPurityCases	function	(): readonly TestPurityCase[]	One call per published helper with the inputs it reads.	core	specific	none
A3	scaffold	tests/setup.ts:833	PATH_CASES	const	readonly TestPathCase[] = [parent traversal through nested configuration file]	Candidate paths with portable-path accepted verdicts.	core	specific	none
A3	scaffold	tests/setup.ts:857	RANGE_CASES	const	readonly TestRangeCase[] = [caret, tilde, exact, prerelease, invalid rows]	Declared ranges versus reported versions with satisfied verdicts.	core	specific	none
A3	agent	tests/setup.ts:42	ScriptedTurn	type	ProviderResult \| { readonly result: ProviderResult; readonly deltas?: readonly string[]; readonly thoughts?: readonly string[] }	One scripted provider turn: bare result or result plus optional deltas/thoughts.	core	specific	none
A3	agent	tests/setup.ts:58	ScriptedCall	interface	{ readonly messages: readonly MessageInterface[]; readonly tools: readonly ToolDefinition[] \| undefined; readonly options: ProviderStreamOptions \| undefined; readonly signal: AbortSignal }	Recorded generate/stream arguments including the live signal.	core	specific	none
A3	agent	tests/setup.ts:66	DeltasOf	type	(content: string) => readonly string[]	How a turn's content is chunked into stream deltas.	core	specific	none
A3	agent	tests/setup.ts:87	ScriptedProviderOptions	interface	{ readonly delay?: number; readonly name?: string; readonly format?: ContextFormatInterface; readonly deltasOf?: DeltasOf; readonly exhaust?: 'repeat' \| 'throw'; readonly record?: boolean }	Optional delay, name, format, chunking, exhaust, and record flags.	core	specific	none
A3	agent	tests/setup.ts:102	ScriptedProviderInterface	interface	extends ProviderInterface { readonly maxInFlight: number; readonly started: number; readonly calls: readonly ScriptedCall[] }	Scripted provider plus concurrency and call recorders.	core	specific	none
A3	agent	tests/setup.ts:137	createScriptedProvider	function	(turns: readonly ScriptedTurn[], options?: ScriptedProviderOptions): ScriptedProviderInterface	Replays turns as stream/generate; honours abort between deltas; repeats or throws.	core	specific	none
A3	agent	tests/setup.ts:247	createToolCall	function	(overrides?: Partial<ToolCall>): ToolCall	ToolCall defaulting id c1 name add empty arguments, then overrides.	core	specific	none
A3	agent	tests/setup.ts:258	createTokenUsage	function	(overrides?: Partial<TokenUsage>): TokenUsage	TokenUsage defaulting prompt 5 completion 7 total 12, then overrides.	core	specific	none
A3	agent	tests/setup.ts:271	addTool	function	(): ToolInterface	createTool named add whose execute returns 5.	core	specific	none
A3	agent	tests/setup.ts:282	loopTool	function	(): ToolInterface	createTool named loop whose execute returns again.	core	specific	none
A3	agent	tests/setup.ts:296	createAgentJob	function	(overrides?: Partial<AgentJobInput>): AgentJobInput	AgentJobInput defaulting provider main and user go, then overrides.	core	specific	none
A3	agent	tests/setup.ts:310	createStubSummarizer	function	(): { readonly summarize: ConversationSummarizer; readonly calls: ReadonlyArray<readonly MessageInterface[]> }	Summarizer returning recap of n and recording each message slice.	core	specific	none
A3	agent	tests/setup.ts:331	EmitterRecorders	type	<TMap extends EventMap, TName extends keyof TMap> = { readonly [K in TName]: RecorderInterface<TMap[K]> }	Maps each listed event name to a typed RecorderInterface.	core	general	none
A3	agent	tests/setup.ts:348	recordEmitterEvents	function	<TMap extends EventMap, TName extends keyof TMap>(emitter: EmitterInterface<TMap>, events: readonly TName[]): EmitterRecorders<TMap, TName>	Subscribes a createRecorder per name; throws if any name missing.	core	general	none
A3	agent	tests/setup.ts:382	isTotal	function	<TMap extends EventMap, TName extends keyof TMap>(recorders: Partial<EmitterRecorders<TMap, TName>>, events: readonly TName[]): recorders is EmitterRecorders<TMap, TName>	Returns true when every listed event name has a defined recorder.	core	general	none
A3	agent	tests/setup.ts:390	RecordingSchedulerInterface	interface	extends SchedulerInterface { readonly yields: number }	Scheduler plus how many times yield ran.	core	specific	none
A3	agent	tests/setup.ts:404	createRecordingScheduler	function	(): RecordingSchedulerInterface	Scheduler that counts yield, rejects if signal aborted, no-op delay.	core	specific	none
A3	agent	tests/setup.ts:442	buildConversationSnapshot	function	(id = 'chat'): Promise<ConversationSnapshot>	Real conversation of three turns compacted keep 1 with recap(contents) summarizer.	core	specific	none
A3	agent	tests/setup.ts:472	assertConversationStoreContract	function	(makeStore: () => ConversationStoreInterface, build: (id?: string) => Promise<ConversationSnapshot>): void	Registers vitest blocks for round-trip, upsert, delete, and two-id coexistence.	core	specific	none
A3	reason	tests/setup.ts:30	EmitterRecorders	type	<TMap extends EventMap, TName extends keyof TMap> = { readonly [K in TName]: RecorderInterface<TMap[K]> }	Maps each listed event name to a typed RecorderInterface.	core	general	none
A3	reason	tests/setup.ts:47	recordEmitterEvents	function	<TMap extends EventMap, TName extends keyof TMap>(emitter: EmitterInterface<TMap>, events: readonly TName[]): EmitterRecorders<TMap, TName>	Subscribes a createRecorder per name; throws if any name missing.	core	general	none
A3	reason	tests/setup.ts:81	isTotal	function	<TMap extends EventMap, TName extends keyof TMap>(recorders: Partial<EmitterRecorders<TMap, TName>>, events: readonly TName[]): recorders is EmitterRecorders<TMap, TName>	Returns true when every listed event name has a defined recorder.	core	general	none
A3	reason	tests/setup.ts:95	expectQuantitative	function	(result: ReasonResult \| readonly ReasonResult[]): QuantitativeResult	Throws on batch or non-quantitative; otherwise returns the result.	core	specific	none
A3	reason	tests/setup.ts:112	expectLogical	function	(result: ReasonResult \| readonly ReasonResult[]): LogicalResult	Throws on batch or non-logical; otherwise returns the result.	core	specific	none
A3	reason	tests/setup.ts:127	expectSymbolic	function	(result: ReasonResult \| readonly ReasonResult[]): SymbolicResult	Throws on batch or non-symbolic; otherwise returns the result.	core	specific	none
A3	reason	tests/setup.ts:142	expectInferential	function	(result: ReasonResult \| readonly ReasonResult[]): InferentialResult	Throws on batch or non-inferential; otherwise returns the result.	core	specific	none
A3	reason	tests/setup.ts:166	deepFreeze	function	<T>(value: T): T	Recursively Object.freeze plain arrays and records; returns same reference.	core	general	none
A3	reason	tests/setup.ts:186	BASIC_SUBJECT	const	Subject = { id: 'subject-1', age: 30, name: 'Alice', score: 85, state: 'CA', employed: true }	Flat subject with number, string, boolean fields plus id.	core	specific	none
A3	reason	tests/setup.ts:199	NESTED_SUBJECT	const	Subject = { id: 'nested-1', address: { city: 'NY', zip: '10001' }, scores: { math: 90, english: 80 } }	Subject with two nested record fields for path descent.	core	specific	none
A3	reason	tests/setup.ts:209	DRIVER_SUBJECT	const	Subject = { driverAge: 22, violationCount: 0, vehicleYear: 2020 }	Driver-scoring subject for multi-factor quantitative tests.	core	specific	none
A3	reason	tests/setup.ts:225	buildStaticDefinition	function	(id = 'static-quant', value = 42): QuantitativeDefinition	One sum group holding one static factor producing value.	core	specific	none
A3	reason	tests/setup.ts:239	createThrowingReasoner	function	(message = 'boom', reasoning: Reasoning = 'quantitative'): ReasonerInterface	Reasoner whose reason throws Error(message); supports matching reasoning.	core	specific	none
A3	reason	tests/setup.ts:269	invokeRaw	function	<T>(target: unknown, method: (...args: never[]) => T, args: readonly unknown[]): T	Reflect.apply method on target with untyped args, keeping return type T.	core	general	none
A3	reason	tests/setup.ts:288	runTwice	function	<T>(scenario: () => T): readonly [T, T]	Runs scenario twice and returns both outcomes in call order.	core	general	none
A3	reason	tests/setup.ts:302	sequence	function	(count: number, start = 0): readonly number[]	count ascending integers from start; empty when count <= 0.	core	general	none
A3	reason	tests/setup.ts:316	repeatValue	function	<T>(count: number, value: T): readonly T[]	count copies of value sharing one reference; empty when count <= 0.	core	general	none
A3	reason	tests/setup.ts:327	EXTREME_NUMBERS	const	readonly number[] = Object.freeze([0, -0, 1, -1, MAX/MIN_SAFE_INTEGER, MAX/MIN_VALUE, EPSILON, 1e308, -1e308, 0.1, 0.2, 0.3])	Frozen finite numeric edges including signed zero and 0.1+0.2 floats.	core	general	none
A3	reason	tests/setup.ts:352	TRICKY_KEYS	const	readonly string[] = Object.freeze(['__proto__', 'constructor', 'prototype', 'toString', 'hasOwnProperty', '', '\u{1F600}', 'é', 'Å', 'a.b'])	Frozen adversarial object keys including proto names and a.b.	core	general	none
A3	reason	tests/setup.ts:377	sparse	function	<T>(length: number, filled: ReadonlyArray<readonly [number, T]>): T[]	new Array(length) with only given index/value pairs assigned.	core	general	none
A3	reason	tests/setup.ts:395	deepCompound	function	(depth: number, leaf: Expression): Expression	Wraps leaf in depth nested and compounds; depth <= 0 returns leaf.	core	specific	none
A3	reason	tests/setup.ts:415	deepAddition	function	(depth: number, leaf: SymbolicExpression, step: SymbolicExpression): SymbolicExpression	Left-nests depth add operations of step onto leaf; depth <= 0 returns leaf.	core	specific	none
A3	reason	tests/setup.ts:438	INTEGER_KEY_SUBJECT	const	Subject = Object.freeze({ '10': 10, '2': 2, zeta: 26, '1': 1, id: 'integer-key-subject', alpha: 1 })	Frozen subject with integer-like keys authored out of numeric order.	core	specific	none
A3	reason	tests/setup.ts:448	ADVERSARIAL_SYMBOL_KEY	const	unique symbol = Symbol('adversarial')	Unique symbol key used by ADVERSARIAL_VALUE_SUBJECT.	core	general	none
A3	reason	tests/setup.ts:459	ADVERSARIAL_VALUE_SUBJECT	const	Subject = Object.freeze({ id, [ADVERSARIAL_SYMBOL_KEY]: 'hidden', big: 9007199254740993n, sym: Symbol('value'), fn: () => 'adversarial' })	Frozen subject with symbol key plus bigint, symbol, and function values.	core	specific	none
A3	reason	tests/setup.ts:476	buildSubjects	function	(count: number): readonly Subject[]	count subjects { id: sN, value: N } from sequence(count).	core	specific	none
A3	supervisor	tests/setup.ts:36	APPLICATION_USER_NAME	const	= 'operator'	Literal username operator.	core	specific	none
A3	supervisor	tests/setup.ts:39	APPLICATION_USER_SECRET	const	= 'correct horse battery staple'	Literal shared human secret string.	core	specific	none
A3	supervisor	tests/setup.ts:42	createApplicationUsers	function	(principal = 'allowed'): string	JSON.stringify of one APP_USERS entry using the shared name and secret.	core	specific	none
A3	supervisor	tests/setup.ts:49	waitForEvent	function	<TMap extends EventMap, K extends keyof TMap>(emitter: EmitterInterface<TMap>, event: K): Promise<TMap[K]>	Parks on emitter.once and resolves with the argument tuple.	core	general	exists:waitForEvent diff:emitter.once only; no budget, abort, description, or subscriber cleanup
A3	supervisor	tests/setup.ts:57	isBrowserVuePath	function	(path: string): boolean	True when slash-normalized path starts with app/browser/.	core	specific	none
A3	supervisor	tests/setup.ts:63	waitForRecorder	function	<TArgs extends readonly unknown[]>(recorder: RecorderInterface<TArgs>): Promise<void>	Polls up to 40 times at 5ms until recorder.count is non-zero.	core	general	exists:waitForCondition diff:fixed 40x5ms poll of recorder.count; never throws; no description or signal
A3	supervisor	tests/setup.ts:72	createLease	function	(overrides: Partial<Lease> = {}): Lease	Frozen lease defaulting run build, owner supervisor-1, epoch 1, expiry now+60000.	core	specific	none
A3	supervisor	tests/setup.ts:83	createUnitContext	function	(overrides: Partial<UnitContext> = {}): UnitContext	Frozen unit context defaulting build/verify/test attempt 1.	core	specific	none
A3	supervisor	tests/setup.ts:100	createUnitSnapshot	function	(overrides: Partial<RunningUnit> = {}): RunningUnit	Frozen running unit; id is deriveToken(context) unless id supplied.	core	specific	none
A3	supervisor	tests/setup.ts:117	createExecutionInput	function	(overrides: Partial<ExecutionInput> = {}): ExecutionInput	Frozen launch input; token defaults to deriveToken(unit); fresh AbortSignal.	core	specific	none
A3	supervisor	tests/setup.ts:129	createWorkflowDefinition	function	(tasks: readonly TaskDefinition[] = [{ id: 'test', name: 'Test', run: 'supervised' }], overrides: Partial<WorkflowDefinition> = {}): WorkflowDefinition	Frozen one-phase build/verify workflow over supplied tasks.	core	specific	none
A3	supervisor	tests/setup.ts:148	SupervisorFixtureInterface	interface	{ readonly supervisor: SupervisorInterface; readonly run: RunInterface }	Real memory supervisor plus its already-open workflow run.	core	specific	none
A3	supervisor	tests/setup.ts:154	createSupervisorFixture	function	(executor: ExecutorInterface, options: Omit<SupervisorOptions, 'executors'> = {}): Promise<SupervisorFixtureInterface>	createSupervisor with that executor; open build; destroy and throw on failure.	core	specific	none
A3	supervisor	tests/setup.ts:178	createWorkflowSnapshot	function	(overrides: Partial<WorkflowSnapshot> = {}): WorkflowSnapshot	cloneWorkflowSnapshot of a running build/verify/test snapshot plus overrides.	core	specific	none
A3	supervisor	tests/setup.ts:212	InertObservations	class	implements AsyncIterable<Observation>; constructor(observations: readonly Observation[] = [])	Async-iterable of seeded observations; observed resolves when iteration starts.	core	specific	none
A3	supervisor	tests/setup.ts:231	InertExecution	class	implements ExecutionInterface; constructor(identity: string \| Promise<string>, observations: readonly Observation[] = [], result: ExecutionResult \| Promise<ExecutionResult> = success(null))	Inert handle with seedable identity, observations, result; destroy increments counter.	core	specific	none
A3	supervisor	tests/setup.ts:255	InertExecutor	class	implements ExecutorInterface; constructor(name = 'function', observations: readonly Observation[] = [], result: ExecutionResult \| Promise<ExecutionResult> = success(null), identity?: Promise<string>)	Records launches; mints sequential InertExecution values and returns success.	core	specific	none
A3	supervisor	tests/setup.ts:288	ProbeExecutor	class	extends InertExecutor; constructor(options: Readonly<{ readonly name?: string; readonly probe: Result<ProbeStatus, SupervisorError> \| Error }>)	Records probe contexts; throws or returns the seeded probe answer.	core	specific	none
A3	supervisor	tests/setup.ts:310	AttachExecutor	class	extends ProbeExecutor; constructor(options: Readonly<{ readonly name?: string; readonly probe: Result<ProbeStatus, SupervisorError> \| Error; readonly attach: Result<ExecutionInterface, SupervisorError> \| Error }>)	Records attach pairs; throws or returns the seeded attach answer.	core	specific	none
A3	supervisor	tests/setup.ts:339	GatedStore	class	extends MemorySupervisorStore; constructor(ttl: number)	set signals entered then awaits allow() before super.set.	core	specific	none
A3	supervisor	tests/setup.ts:367	RecordingStore	class	extends MemorySupervisorStore	Counts writes and renewals; can fail a finite renewal prefix then super.renew.	core	specific	none
A3	supervisor	tests/setup.ts:396	RefusingStore	class	extends MemorySupervisorStore	set always returns failure(createLeaseFenceError(...)).	core	specific	none
A3	supervisor	tests/setup.ts:403	CapableExecutor	class	extends InertExecutor	Records stop, steer, and reply calls; each returns success(undefined).	core	specific	none
A3	supervisor	tests/setup.ts:425	RecordingJournal	class	extends MemoryJournal implements JournalInterface	Increments appends then delegates to MemoryJournal.append.	core	specific	none
A3	lloyds	tests/setup.ts:16	TestRecorderInterface	interface	<TArgs extends readonly unknown[]> { readonly calls: readonly TArgs[]; readonly count: number; readonly handler: (...args: TArgs) => void; clear(): void }	Recorder of handler argument tuples with count and clear.	core	general	exists:RecorderInterface diff:same four members under a local name
A3	lloyds	tests/setup.ts:23	createRecorder	function	<TArgs extends readonly unknown[] = readonly unknown[]>(): TestRecorderInterface<TArgs>	Array-backed recorder; calls is a getter; handler pushes; clear truncates.	core	general	exists:createRecorder diff:calls is a getter; default TArgs unknown[]; returns TestRecorderInterface
A3	lloyds	tests/setup.ts:44	EmitterRecorders	type	<TMap extends EventMap, TName extends keyof TMap> = { readonly [K in TName]: TestRecorderInterface<TMap[K]> }	Maps each listed event name to a local TestRecorderInterface.	core	general	none
A3	lloyds	tests/setup.ts:61	recordEmitterEvents	function	<TMap extends EventMap, TName extends keyof TMap>(emitter: EmitterInterface<TMap>, events: readonly TName[]): EmitterRecorders<TMap, TName>	Subscribes local createRecorder per name; throws if any name missing.	core	general	none
A3	lloyds	tests/setup.ts:95	isTotal	function	<TMap extends EventMap, TName extends keyof TMap>(recorders: Partial<EmitterRecorders<TMap, TName>>, events: readonly TName[]): recorders is EmitterRecorders<TMap, TName>	Returns true when every listed event name has a defined recorder.	core	general	none
A3	lloyds	tests/setup.ts:102	waitForDelay	function	(ms = 0): Promise<void>	Promise that resolves after setTimeout(ms).	core	general	exists:waitForDelay
A3	lloyds	tests/setup.ts:116	captureError	function	(thunk: () => unknown): unknown	Runs thunk; returns thrown value or undefined if it returned.	core	general	exists:captureError
A3	lloyds	tests/setup.ts:126	RecordingAggregate	interface	{ readonly operation: AggregateFunction; readonly column: FieldPath; readonly criteria: Criteria }	One recorded native aggregate hook call.	core	specific	none
A3	lloyds	tests/setup.ts:139	RecordingDriverInterface	interface	extends DriverInterface { records(table: string, criteria: Criteria): Promise<readonly Row[]>; count(table: string, criteria: Criteria): Promise<number>; aggregate(table: string, operation: AggregateFunction, column: FieldPath, criteria: Criteria): Promise<number \| undefined> }	Map-backed driver that also implements native records, count, aggregate.	core	specific	none
A3	lloyds	tests/setup.ts:154	RECORDING_ROW	const	Row = { id: 'native', name: 'Native', age: 7 }	Sentinel row the native records hook returns.	core	specific	none
A3	lloyds	tests/setup.ts:157	RECORDING_COUNT	const	= 999	Sentinel total the native count hook returns.	core	specific	none
A3	lloyds	tests/setup.ts:160	RECORDING_AGGREGATE	const	= 123	Sentinel value the native aggregate hook returns.	core	specific	none
A3	lloyds	tests/setup.ts:176	createRecordingDriver	function	(aggregatesUndefined = false): { readonly driver: RecordingDriverInterface; readonly recordsCalls: readonly Criteria[]; readonly countCalls: readonly Criteria[]; readonly aggregateCalls: readonly RecordingAggregate[] }	Map driver whose native hooks record args and return sentinels or undefined aggregate.	core	specific	none
A3	lloyds	tests/setup.ts:248	isDeeplyFrozen	function	(value: unknown): boolean	True if value and every nested object/array is Object.isFrozen; non-objects true.	core	general	none
A3	lloyds	tests/setup.ts:255	ADVERSARIAL_SYMBOL_KEY	const	unique symbol = Symbol('adversarial')	Unique symbol key used by ADVERSARIAL_VALUE_SUBJECT.	core	general	none
A3	lloyds	tests/setup.ts:266	ADVERSARIAL_VALUE_SUBJECT	const	Subject = Object.freeze({ id, [ADVERSARIAL_SYMBOL_KEY]: 'hidden', big: 9007199254740993n, sym: Symbol('value'), fn: () => 'adversarial' })	Frozen subject with symbol key plus bigint, symbol, and function values.	core	specific	none
A3	worker	tests/setup.ts:16	TestQueueStoreHooks	interface	<TInput> { readonly save?: (entry: StoredEntry<TInput>) => Promise<void> \| void; readonly remove?: (id: string) => Promise<void> \| void; readonly clear?: () => Promise<void> \| void }	Optional save/remove/clear hooks around TestQueueStore mutations.	core	specific	none
A3	worker	tests/setup.ts:32	TestQueueStore	class	<TInput> implements QueueStoreInterface<TInput>; constructor(hooks: TestQueueStoreHooks<TInput> = {})	In-memory Map store; awaits optional hooks then save/remove/clear; load copies values.	core	specific	none
A3	worker	tests/setup.ts:61	PoolOptionsProbe	class	<T> implements PoolOptions<T>; constructor(values: Required<PoolOptions<T>>, reads: RecorderInterface<readonly [property: keyof PoolOptions<T>]>)	Getter-backed pool options that record each property read; replace swaps values.	core	specific	none
A3	worker	tests/setup.ts:109	EmitterRecorders	type	<TMap extends EventMap, TName extends keyof TMap> = { readonly [K in TName]: RecorderInterface<TMap[K]> }	Maps each listed event name to a typed RecorderInterface.	core	general	none
A3	worker	tests/setup.ts:126	recordEmitterEvents	function	<TMap extends EventMap, TName extends keyof TMap>(emitter: EmitterInterface<TMap>, events: readonly TName[]): EmitterRecorders<TMap, TName>	Subscribes a createRecorder per name; throws if any name missing.	core	general	none
A3	worker	tests/setup.ts:160	isTotal	function	<TMap extends EventMap, TName extends keyof TMap>(recorders: Partial<EmitterRecorders<TMap, TName>>, events: readonly TName[]): recorders is EmitterRecorders<TMap, TName>	Returns true when every listed event name has a defined recorder.	core	general	none
A3	worker	tests/setup.ts:173	ResourceFactoryInterface	interface	{ readonly create: () => number; readonly created: RecorderInterface<[number]>; readonly destroyed: RecorderInterface<[number]> }	Monotonic number factory plus created and destroyed recorders.	core	general	none
A3	worker	tests/setup.ts:192	createResourceFactory	function	(): ResourceFactoryInterface	create hands out 0,1,2,… recording each; destroyed recorder unwired.	core	general	none
A3	workspace	tests/setup.ts:9	EmitterRecorders	type	<TMap extends EventMap, TName extends keyof TMap> = { readonly [K in TName]: RecorderInterface<TMap[K]> }	Maps each listed event name to a typed RecorderInterface.	core	general	none
A3	workspace	tests/setup.ts:22	isTotal	function	<TMap extends EventMap, TName extends keyof TMap>(recorders: Partial<EmitterRecorders<TMap, TName>>, events: readonly TName[]): recorders is EmitterRecorders<TMap, TName>	Returns true when every listed event name has a defined recorder.	core	general	none
A3	workspace	tests/setup.ts:38	recordEmitterEvents	function	<TMap extends EventMap, TName extends keyof TMap>(emitter: EmitterInterface<TMap>, events: readonly TName[]): EmitterRecorders<TMap, TName>	Subscribes a createRecorder per name; throws missing event recorder if incomplete.	core	general	none
A3	workspace	tests/setup.ts:53	createThrowingGetterRecord	function	(property: string): object	Object.defineProperty on {} of enumerable getter that throws hostile getter.	core	general	exists:createHostileValues diff:single named throwing getter on {} rather than the six-value corpus
A3	workspace	tests/setup.ts:61	createRevokedProxy	function	(): object	Proxy.revocable({}, {}) then revoke; returns the proxy.	core	general	exists:createHostileValues diff:only a revoked empty-object proxy, not the six-value corpus
A3	workspace	tests/setup.ts:77	buildWorkspaceSnapshot	function	(id = 'scratch'): WorkspaceSnapshot	Real workspace with src/main.ts text plus appended icon.png binary file.	core	specific	none
A3	workspace	tests/setup.ts:91	assertWorkspaceStoreContract	function	(makeStore: () => WorkspaceStoreInterface, build: (id?: string) => WorkspaceSnapshot): void	Registers vitest blocks for round-trip, replace, delete, and two-id independence.	core	specific	none
A3	console	tests/setup.ts:18	RecordingSinkInterface	interface	extends SinkInterface { readonly calls: ReadonlyArray<readonly [text: string, level: LogLevel \| undefined]> }	Sink plus recorded (text, level) write tuples.	core	specific	none
A3	console	tests/setup.ts:30	createRecordingSink	function	(): RecordingSinkInterface	Sink whose write forwards (text, level) into a createRecorder.	core	specific	none
A3	console	tests/setup.ts:43	EmitterRecorders	type	<TMap extends EventMap, TName extends keyof TMap> = { readonly [K in TName]: RecorderInterface<TMap[K]> }	Maps each listed event name to a typed RecorderInterface.	core	general	none
A3	console	tests/setup.ts:60	recordEmitterEvents	function	<TMap extends EventMap, TName extends keyof TMap>(emitter: EmitterInterface<TMap>, events: readonly TName[]): EmitterRecorders<TMap, TName>	Subscribes a createRecorder per name; throws if any name missing.	core	general	none
A3	console	tests/setup.ts:94	isTotal	function	<TMap extends EventMap, TName extends keyof TMap>(recorders: Partial<EmitterRecorders<TMap, TName>>, events: readonly TName[]): recorders is EmitterRecorders<TMap, TName>	Returns true when every listed event name has a defined recorder.	core	general	none
A3	msg	tests/setup.ts:15	asciiBytes	function	(text: string): Uint8Array	New Uint8Array of charCodeAt per character.	core	general	none
A3	msg	tests/setup.ts:27	patchBytes	function	(source: Uint8Array, edits: ReadonlyArray<readonly [number, number]>): Uint8Array	Copy of source with each [offset, value] assigned; source not mutated.	core	general	none
A3	msg	tests/setup.ts:41	buildEml	function	(headers: ReadonlyArray<readonly [string, string]>, body: string): Uint8Array	CRLF header lines, blank line, body, encoded via asciiBytes.	core	specific	none
A3	msg	tests/setup.ts:56	buildNestedMultipart	function	(depth: number): Uint8Array	Nests multipart/mixed with levelN boundaries; depth 0 is text/plain leaf.	core	specific	none
A3	msg	tests/setup.ts:68	isBrowserVuePath	function	(path: string): boolean	True when slash-normalized path starts with app/browser/.	core	specific	none
A3	emitter	tests/setup.ts:23	createErrorRecorder	function	(): RecorderInterface<readonly [unknown, string]>	createRecorder wrapped so handler is assignable to EmitterErrorHandler.	core	specific	exists:createRecorder diff:wraps createRecorder with an EmitterErrorHandler-typed handler forwarding (error, event)
A3	emitter	tests/setup.ts:41	isBrowserVuePath	function	(path: string): boolean	True when slash-normalized path starts with app/browser/.	core	specific	none
A3	tool	tests/setup.ts:14	createToolCall	function	(name: string, args: Record<string, unknown> = {}, id = 'call'): ToolCall	Returns { id, name, arguments: args } with positional defaults.	core	specific	none
A3	tool	tests/setup.ts:28	isBrowserVuePath	function	(path: string): boolean	True when slash-normalized path starts with app/browser/.	core	specific	none
A3	template	tests/setup.ts:6	isBrowserVuePath	function	(path: string): boolean	True when slash-normalized path starts with app/browser/.	core	specific	none
A4	program	tests/setup.ts:331	createFixedQualifier	function	createFixedQualifier(result: QualificationResult): QualifierInterface	Wraps createQualifier; qualify returns given result; other methods delegate.	core	specific	none
A4	program	tests/setup.ts:349	createFixedRater	function	createFixedRater(result: RatingResult): RaterInterface	Wraps createRater; rate returns given result; emitter and destroy delegate.	core	specific	none
A4	program	tests/setup.ts:364	createFixedEngine	function	createFixedEngine(result: ReasonResult): ReasonInterface	Returns FixedReason that maps every subject to the given result.	core	specific	none
A4	program	tests/setup.ts:368	createQualificationResultClass	function	createQualificationResultClass(result: QualificationResult): QualificationResult	Wraps a qualification result and adds extension getter true.	core	specific	none
A4	program	tests/setup.ts:372	createMalformedQualificationResult	function	createMalformedQualificationResult(): QualificationResult	Returns result whose scopes getter structuredClones this.	core	specific	none
A4	program	tests/setup.ts:376	createMalformedRatingResult	function	createMalformedRatingResult(): RatingResult	Returns result whose lines getter structuredClones this.	core	specific	none
A4	program	tests/setup.ts:380	createMalformedLogicalResult	function	createMalformedLogicalResult(): LogicalResult	Returns result whose rules getter structuredClones this.	core	specific	none
A4	program	tests/setup.ts:384	createResultClass	function	createResultClass(record: object): object	Wraps record; getters Reflect.get domain field names as unknown.	core	specific	none
A4	program	tests/setup.ts:388	RecordingRaterCall	interface	interface RecordingRaterCall { readonly lines: readonly LineDefinition[]; readonly subject: Subject }	Type of one recorded rate() argument pair.	core	specific	none
A4	program	tests/setup.ts:393	RecordingRaterInterface	interface	interface RecordingRaterInterface extends RaterInterface { readonly calls: readonly RecordingRaterCall[]; readonly count: number; clear(): void }	Rater plus recorded calls, count, and clear.	core	specific	exists:RecorderInterface diff:extends RaterInterface; calls are {lines,subject} not handler tuples
A4	program	tests/setup.ts:399	createRecordingRater	function	createRecordingRater(options?: RaterOptions): RecordingRaterInterface	Wraps createRater; rate pushes {lines,subject} then delegates.	core	specific	exists:createRecorder diff:wraps createRater and records rate() lines plus subject
A4	program	tests/setup.ts:429	isSubjectArray	function	isSubjectArray(value: unknown): value is readonly Subject[]	Returns Array.isArray(value) as a Subject[] type predicate.	core	general	none
A4	program	tests/setup.ts:433	RecordingEngineInterface	interface	interface RecordingEngineInterface extends ReasonInterface { readonly destroyCount: number }	Reason engine plus how many times destroy ran.	core	specific	none
A4	program	tests/setup.ts:437	createRecordingEngine	function	createRecordingEngine(options?: ReasonOptions): RecordingEngineInterface	Real quant plus logical reasoner; destroy increments destroyCount.	core	specific	none
A4	program	tests/setup.ts:487	EventRecorderInterface	interface	interface EventRecorderInterface { readonly names: ReadonlyArray<keyof ProgramEventMap>; clear(): void }	Recorded program event names plus clear.	core	specific	exists:RecorderInterface diff:stores event names not argument tuples
A4	program	tests/setup.ts:492	recordEvents	function	recordEvents(program: ProgramInterface): EventRecorderInterface	Subscribes seven program events and pushes each fired name.	core	specific	exists:createRecorder diff:hardcoded ProgramEventMap listeners push names not tuples
A4	program	tests/setup.ts:518	baseRate	const	const baseRate = quantitativeDefinition('base-rate', 'Base rate', [factorGroup('amount', 'sum', [staticFactor('minimum', 100)])])	Quantitative definition summing static minimum 100.	core	specific	none
A4	program	tests/setup.ts:522	baseLine	const	const baseLine = lineDefinition('base', 'Base premium', baseRate)	Line definition wrapping baseRate.	core	specific	none
A4	program	tests/setup.ts:524	standardRating	const	const standardRating = ratingDefinition('standard-rating', 'Standard rating', [baseLine])	Rating definition containing baseLine.	core	specific	none
A4	program	tests/setup.ts:526	standardQualification	const	const standardQualification = qualificationDefinition('standard-qualification', 'Standard qualification', [licensedGates], { rulings: [rulingDefinition('license', 'gates', 'licensed', 'restriction', { message: 'A license is required' })] })	Qualification with licensed-gate restriction ruling.	core	specific	none
A4	program	tests/setup.ts:539	standardProgramDefinition	const	const standardProgramDefinition = programDefinition('standard', 'Standard program', standardQualification, standardRating)	Program composing standard qualification and rating.	core	specific	none
A4	program	tests/setup.ts:546	eligibleSubject	const	const eligibleSubject: Subject = { id: 'risk-eligible', licensed: true }	Subject id risk-eligible with licensed true.	core	specific	none
A4	program	tests/setup.ts:548	ineligibleSubject	const	const ineligibleSubject: Subject = { id: 'risk-ineligible', licensed: false }	Subject id risk-ineligible with licensed false.	core	specific	none
A4	program	tests/setup.ts:563	referralProgramDefinition	const	const referralProgramDefinition = programDefinition('referral', 'Referral program', referralQualification, standardRating)	Program using licensed-gate referral ruling.	core	specific	none
A4	program	tests/setup.ts:570	referralSubject	const	const referralSubject: Subject = { id: 'risk-referral', licensed: false }	Subject id risk-referral with licensed false.	core	specific	none
A4	program	tests/setup.ts:584	scopedProgramDefinition	const	const scopedProgramDefinition = programDefinition('property', 'Property program', qualificationDefinition(...wind restriction scope wind...), ratingDefinition(...wind and exWind lines...))	Property program restricting wind for Frame construction.	core	specific	none
A4	program	tests/setup.ts:601	frameSubject	const	const frameSubject: Subject = { id: 'risk-frame', construction: 'Frame' }	Subject id risk-frame with construction Frame.	core	specific	none
A4	program	tests/setup.ts:607	coastalReferralSubject	const	const coastalReferralSubject: Subject = { id: 'risk-coastal', location: 'coastal' }	Subject id risk-coastal with location coastal.	core	specific	none
A4	program	tests/setup.ts:613	failedQualificationProgramDefinition	const	const failedQualificationProgramDefinition = programDefinition('failed-qualification', 'Failed qualification program', qualificationDefinition('failed-qualification', 'Failed qualification', [failingPass]), standardRating)	Program whose qualification uses a strict missing-field pass.	core	specific	none
A4	program	tests/setup.ts:637	conditionalProgramDefinition	const	const conditionalProgramDefinition = programDefinition('conditional', 'Conditional program', conditionalQualification, standardRating)	Program with protective-device condition ruling.	core	specific	none
A4	program	tests/setup.ts:644	conditionalSubject	const	const conditionalSubject: Subject = { id: 'risk-conditional' }	Subject whose id is risk-conditional.	core	specific	none
A4	program	tests/setup.ts:646	emptyLinesProgramDefinition	const	const emptyLinesProgramDefinition = programDefinition('empty-lines', 'Empty lines program', qualificationDefinition('empty-qualification', 'Empty qualification', []), ratingDefinition('empty-rating', 'Empty rating', []))	Program with empty qualification passes and empty rating lines.	core	specific	none
A4	program	tests/setup.ts:653	emptyCollectionsProgramDefinition	const	const emptyCollectionsProgramDefinition = programDefinition('empty-collections', 'Empty collections program', qualificationDefinition('bare-qualification', 'Bare qualification', []), standardRating)	Program with empty qualification passes and standard rating.	core	specific	none
A4	program	tests/setup.ts:660	noticeProgramDefinition	const	const noticeProgramDefinition = programDefinition('noticed', 'Noticed program', standardQualification, standardRating, { notices: [noticeDefinition('rated', 'Program {{id}} executed for {{licensed}}')] })	Standard program plus one rated notice template.	core	specific	none
A4	program	tests/setup.ts:670	buildAuthorityProgram	function	buildAuthorityProgram(authority: LogicalDefinition): ProgramDefinition	Standard program with caller-supplied authority definition.	core	specific	none
A4	program	tests/setup.ts:682	conditionalAuthority	const	const conditionalAuthority = logicalDefinition('authority', 'Final authority', [rule('manual', [atom(['outcome', 'status'], 'equals', 'conditional')], atom('limited', 'equals', true), { name: 'Manual authority required', description: 'Conditional outcomes require manual authority' })])	Authority rule mapping outcome status conditional to limited.	core	specific	none
A4	program	tests/setup.ts:694	cleanAuthority	const	const cleanAuthority = logicalDefinition('authority', 'Clean authority', [rule('never', [atom('blocked', 'equals', true)], atom('limited', 'equals', true))])	Authority rule mapping blocked true to limited.	core	specific	none
A4	program	tests/setup.ts:698	scopedReferralProgramDefinition	const	const scopedReferralProgramDefinition = programDefinition('scoped-referral', 'Scoped referral program', qualificationDefinition(...coastal referral scope wind...), ratingDefinition(...wind and exWind...), { authority: cleanAuthority })	Coastal wind-scope referral program with clean authority.	core	specific	none
A4	program	tests/setup.ts:721	unratedAuthority	const	const unratedAuthority = logicalDefinition('authority', 'Unrated authority', [rule('unrated-cap', [atom(['outcome', 'status'], 'equals', 'unrated')], atom('limited', 'equals', true), { description: 'Unrated outcomes require manual review' })])	Authority rule mapping outcome status unrated to limited.	core	specific	none
A4	program	tests/setup.ts:730	batchAggregateProgramDefinition	const	const batchAggregateProgramDefinition = programDefinition('batch', 'Batch program', standardQualification, standardRating, { aggregate: aggregateDefinition(['amount'], { by: 'location' }) })	Standard program aggregating amount grouped by location.	core	specific	none
A4	program	tests/setup.ts:740	batchSubjects	const	const batchSubjects: Subject[] = [{ id: 'a', licensed: true, amount: 10, location: 'east' }, { id: 'b', licensed: false, amount: 20, location: 'west' }, { id: 'c', licensed: true, amount: 30, location: 'east' }]	Three batch subjects varying licensed amount and location.	core	specific	none
A4	program	tests/setup.ts:746	buildAggregateGateProgram	function	buildAggregateGateProgram(threshold: number): ProgramDefinition	Standard program whose aggregate gates fire above threshold.	core	specific	none
A4	program	tests/setup.ts:766	buildCarrierProgram	function	buildCarrierProgram(): ProgramDefinition	Builds license-gated premium program with audit notice and clean authority.	core	specific	none
A4	program	tests/setup.ts:798	cloneSubject	function	cloneSubject(subject: Subject): Subject	Returns a shallow object copy of subject.	core	general	none
A4	program	tests/setup.ts:807	createQuantOnlyEngine	function	createQuantOnlyEngine(options?: ReasonOptions): ReasonInterface	createReason with only quantitative reasoner and bail false.	core	specific	none
A4	program	tests/setup.ts:821	buildBrokenLogicalDefinition	function	buildBrokenLogicalDefinition(id: string): LogicalDefinition	Logical definition with one premise-less rule named from id.	core	specific	none
A4	program	tests/setup.ts:827	zeroPassQualification	const	const zeroPassQualification = qualificationDefinition('zero-pass-qualification', 'Zero pass qualification', [])	Qualification definition with no passes.	core	specific	none
A4	program	tests/setup.ts:833	brokenAggregateGateProgramDefinition	const	const brokenAggregateGateProgramDefinition = programDefinition('broken-aggregate-gate', 'Broken aggregate gate program', zeroPassQualification, undefined, { aggregate: aggregateDefinition(['amount'], { gates: buildBrokenLogicalDefinition('broken-aggregate-gates') }) })	Zero-pass program with premise-less aggregate gates.	core	specific	none
A4	program	tests/setup.ts:845	brokenAuthorityProgramDefinition	const	const brokenAuthorityProgramDefinition = programDefinition('broken-authority', 'Broken authority program', zeroPassQualification, undefined, { authority: buildBrokenLogicalDefinition('broken-authority-gates') })	Zero-pass program with premise-less authority.	core	specific	none
A4	program	tests/setup.ts:854	eligibilityOnlyProgramDefinition	const	const eligibilityOnlyProgramDefinition = programDefinition('eligibility-only', 'Eligibility-only program', standardQualification)	Program with standard qualification and no rating.	core	specific	none
A4	program	tests/setup.ts:861	eligibilityOnlyConditionalProgramDefinition	const	const eligibilityOnlyConditionalProgramDefinition = programDefinition('eligibility-only-conditional', 'Eligibility-only conditional program', conditionalProgramDefinition.qualification)	Eligibility-only program reusing conditional qualification.	core	specific	none
A4	program	tests/setup.ts:868	eligibilityOnlyReferralProgramDefinition	const	const eligibilityOnlyReferralProgramDefinition = programDefinition('eligibility-only-referral', 'Eligibility-only referral program', referralProgramDefinition.qualification)	Eligibility-only program reusing referral qualification.	core	specific	none
A4	program	tests/setup.ts:875	eligibilityOnlyWithAuthorityProgramDefinition	const	const eligibilityOnlyWithAuthorityProgramDefinition = programDefinition('eligibility-only-authority', 'Eligibility-only authority program', standardQualification, undefined, { authority: cleanAuthority })	Eligibility-only standard qualification with clean authority.	core	specific	none
A4	program	tests/setup.ts:884	buildEligibilityOnlyNoticeMissingScopeDefinition	function	buildEligibilityOnlyNoticeMissingScopeDefinition(): ProgramDefinition	Eligibility-only program with notice scoped to missing line base.	core	specific	none
A4	program	tests/setup.ts:894	eligibilityOnlyBatchSubjects	const	const eligibilityOnlyBatchSubjects: Subject[] = [eligibleSubject, ineligibleSubject]	Array of eligibleSubject then ineligibleSubject.	core	specific	none
A4	program	tests/setup.ts:897	failedQualificationWithAuthorityProgramDefinition	const	const failedQualificationWithAuthorityProgramDefinition = programDefinition(failedQualificationProgramDefinition.id, failedQualificationProgramDefinition.name, failedQualificationProgramDefinition.qualification, failedQualificationProgramDefinition.rating, { authority: cleanAuthority })	Failed-qualification program with clean authority attached.	core	specific	none
A4	program	tests/setup.ts:909	allLinesScopedOutProgramDefinition	const	const allLinesScopedOutProgramDefinition = programDefinition('all-scoped', 'All lines scoped out program', qualificationDefinition(...frame restrictions on wind and exWind...), ratingDefinition(...wind and exWind lines...))	Frame restrictions on both wind and exWind lines.	core	specific	none
A4	program	tests/setup.ts:936	buildLargeBatch	function	buildLargeBatch(count: number): Subject[]	Builds count subjects alternating licensed, amount index, location east/west.	core	specific	none
A4	program	tests/setup.ts:946	sharedIdBatchSubjects	const	const sharedIdBatchSubjects: Subject[] = [{ id: 'shared', licensed: true, amount: 5, location: 'east' }, { id: 'shared', licensed: false, amount: 7, location: 'west' }]	Two subjects sharing id shared distinguished by licensed.	core	specific	none
A4	program	tests/setup.ts:952	buildHostileSubject	function	buildHostileSubject(): Subject	JSON.parse subject with __proto__ and constructor own keys.	core	specific	exists:createHostileValues diff:JSON-parsed Subject with __proto__/constructor keys not the six-value set
A4	program	tests/setup.ts:959	isBrowserVuePath	function	isBrowserVuePath(path: string): boolean	Normalizes backslashes then tests app/browser/ prefix.	core	specific	none
A4	html	tests/setup.ts:11	TEST_SEED	const	const TEST_SEED = 42	Numeric seed 42 for deterministic generated input.	core	general	none
A4	html	tests/setup.ts:23	buildHTMLPageInput	function	buildHTMLPageInput(): string	Joins one article page with nav hidden banner script footer.	core	specific	none
A4	html	tests/setup.ts:43	isBrowserVuePath	function	isBrowserVuePath(path: string): boolean	Normalizes backslashes then tests app/browser/ prefix.	core	specific	none
A4	html	tests/setup.ts:55	buildDeepHTMLInput	function	buildDeepHTMLInput(depth: number, leaf = 'leaf'): string	Repeats nested div tags around leaf depth times.	core	specific	none
A4	html	tests/setup.ts:64	buildHTMLRoundtripCorpus	function	buildHTMLRoundtripCorpus(): readonly HTMLDocument[]	Maps a fixed source list through parseDocument including deep input.	core	specific	none
A4	html	tests/setup.ts:108	buildHTMLCommentEnumeration	function	buildHTMLCommentEnumeration(): readonly string[]	Enumerates <!-- <! <? prefixes with suffixes up to six alphabet chars.	core	specific	none
A4	html	tests/setup.ts:133	throwHostileHTMLAccess	function	throwHostileHTMLAccess(): never	Throws Error hostile option access.	core	general	none
A4	html	tests/setup.ts:142	returnHTMLNonIterator	function	returnHTMLNonIterator(): number	Returns 0, violating iterator protocol.	core	general	none
A4	html	tests/setup.ts:151	buildHostileHTMLAllowlists	function	buildHostileHTMLAllowlists(): ReadonlyArray<ReadonlySet<string> / readonly string[]>	Returns throwing-iterator, throwing-proxy, and malformed-iterator tag sets.	core	specific	exists:createHostileValues diff:hostile Set iterators of HTML allowlist tags not the six-value set
A4	html	tests/setup.ts:169	buildShadowedHTMLAllowlist	function	buildShadowedHTMLAllowlist(): ReadonlySet<string>	Set whose has and size getters throw via throwHostileHTMLAccess.	core	specific	none
A4	html	tests/setup.ts:180	HTMLSanitizerCase	interface	interface HTMLSanitizerCase { readonly group: string; readonly name: string; readonly source: string; readonly ast: readonly string[]; readonly html: readonly string[] }	One sanitizer input plus forbidden AST and HTML tokens.	core	specific	none
A4	html	tests/setup.ts:199	buildHTMLSanitizerCorpus	function	buildHTMLSanitizerCorpus(): readonly HTMLSanitizerCase[]	Returns fixed adversarial HTML cases across attributes URLs elements recovery text.	core	specific	none
A4	html	tests/setup.ts:426	buildEncodedHTMLSchemeCorpus	function	buildEncodedHTMLSchemeCorpus(): readonly string[]	Encodes javascript data vbscript file as direct decimal hex amp-wrapped forms.	core	specific	none
A4	html	tests/setup.ts:446	HTMLEntityURLCase	interface	interface HTMLEntityURLCase { readonly name: string; readonly source: string; readonly value?: string }	Entity-obfuscated URL plus optional retained decoded value.	core	specific	none
A4	html	tests/setup.ts:461	buildHTMLEntityURLCorpus	function	buildHTMLEntityURLCorpus(): readonly HTMLEntityURLCase[]	Returns named-entity URL cases including one allowed HTTPS retention.	core	specific	none
A4	html	tests/setup.ts:499	URLSafetyCase	interface	interface URLSafetyCase { readonly group: string; readonly name: string; readonly source: string; readonly value?: string }	One sanitizeURL vector with optional retained value.	core	specific	none
A4	html	tests/setup.ts:516	buildURLSafetyCorpus	function	buildURLSafetyCorpus(): readonly URLSafetyCase[]	Returns URL-safety cases with group name source and optional value.	core	specific	none
A4	html	tests/setup.ts:584	URL_SAFETY_GROUPS	const	const URL_SAFETY_GROUPS: readonly string[] = ['controls', 'case', 'relative', 'kept', 'schemes', 'entities', 'escaping']	Threat-family names in URL-safety corpus order.	core	specific	none
A4	html	tests/setup.ts:600	buildDeepHTMLDocument	function	buildDeepHTMLDocument(depth: number): HTMLDocument	Nests typed div elements around a text leaf depth times.	core	specific	none
A4	html	tests/setup.ts:614	buildBranchingHTMLElement	function	buildBranchingHTMLElement(name: string): ElementNode	Element whose two child slots both reference the element.	core	specific	none
A4	html	tests/setup.ts:627	buildDiamondHTMLDocument	function	buildDiamondHTMLDocument(depth: number): HTMLDocument	Each layer is a span with two references to the prior node.	core	specific	none
A4	html	tests/setup.ts:641	buildSharedHTMLPreDocument	function	buildSharedHTMLPreDocument(count: number): HTMLDocument	count pre elements sharing one span of count comments.	core	specific	none
A4	html	tests/setup.ts:665	buildHTMLAttributeInput	function	buildHTMLAttributeInput(count: number): string	Custom-element start tag with count duplicate empty quoted attributes.	core	specific	none
A4	html	tests/setup.ts:675	buildMixedHTMLInput	function	buildMixedHTMLInput(count: number): string	Concatenates attribute soup, repeated scripts, and mismatched close tags.	core	specific	none
A4	html	tests/setup.ts:690	buildDeepHTMLNode	function	buildDeepHTMLNode(depth: number): unknown	Unknown-shaped document of nested divs around a text leaf.	core	specific	none
A4	html	tests/setup.ts:703	buildCyclicHTMLNode	function	buildCyclicHTMLNode(): unknown	Element-shaped object whose children array contains itself.	core	specific	exists:createHostileValues diff:cyclic HTML element child not generic self-cycle record
A4	html	tests/setup.ts:715	throwHostileHTMLGetter	function	throwHostileHTMLGetter(): never	Throws Error hostile HTML getter.	core	general	none
A4	html	tests/setup.ts:724	buildHostileHTMLNode	function	buildHostileHTMLNode(): unknown	Empty object whose enumerable category getter throws.	core	specific	exists:createHostileValues diff:throwing category getter not the six-value set
A4	html	tests/setup.ts:738	buildRevokedHTMLNode	function	buildRevokedHTMLNode(): unknown	Returns Proxy.revocable({}, {}) after revoke().	core	general	exists:createHostileValues diff:returns only a revoked proxy
A4	html	tests/setup.ts:749	buildHostileHTMLPrototype	function	buildHostileHTMLPrototype(): object	Prototype whose enumerable poison getter throws.	core	general	exists:createHostileValues diff:throwing inherited poison getter not the six-value set
A4	html	tests/setup.ts:764	extractHTMLText	function	extractHTMLText(document: HTMLDocument): string	Iteratively concatenates text-node values in source order.	core	specific	exists:readText diff:walks HTMLDocument AST not DOM
A4	html	tests/setup.ts:789	hasAdjacentHTMLText	function	hasAdjacentHTMLText(document: HTMLDocument): boolean	Returns true if any sibling list contains adjacent text nodes.	core	specific	none
A4	html	tests/setup.ts:812	measureHTMLDepth	function	measureHTMLDepth(document: HTMLDocument): number	Returns maximum element nesting depth below the document root.	core	specific	none
A4	database	tests/setup.ts:41	collectRankStreamIds	function	collectRankStreamIds<T extends { readonly id: string }>(table: TableInterface<T>): Promise<readonly string[]>	Streams rank-below-10 rows, collects ids, returns them sorted.	core	specific	exists:collect diff:queries rank-below-10 then extracts and sorts ids
A4	database	tests/setup.ts:62	tableSchemas	function	tableSchemas(...names: readonly string[]): readonly TableSchema[]	One scan-only primary-id text schema per supplied table name.	core	specific	none
A4	database	tests/setup.ts:83	buildCondition	function	buildCondition(column: FieldPath, operator: ConditionOperator, values: readonly unknown[], connector: ConditionConnector = 'and'): Condition	Builds {column, operator, values, connector} with default and.	core	specific	none
A4	database	tests/setup.ts:93	INTEGRATION_TABLES	const	const INTEGRATION_TABLES = { users: { id: stringShape(), name: stringShape(), age: integerShape() }, posts: { id: stringShape(), author: stringShape(), title: stringShape() } } satisfies Readonly<Record<string, ColumnMap>>	Shared users and posts column maps for integration tests.	core	specific	none
A4	database	tests/setup.ts:99	UserRow	interface	interface UserRow { readonly id: string; readonly name: string; readonly age: number }	Canonical users row shape id name age.	core	specific	none
A4	database	tests/setup.ts:115	createUserRow	function	createUserRow(overrides?: Partial<UserRow>): UserRow	Returns Ada u1 age 36 with optional field overrides.	core	specific	none
A4	database	tests/setup.ts:128	userRows	function	userRows(): readonly UserRow[]	Fresh Ada, Grace, Edsger rows via createUserRow.	core	specific	none
A4	database	tests/setup.ts:152	seedUsersTable	function	seedUsersTable<const C extends ColumnMap>(columns: C, seed: (users: TableInterface<RowOf<C>>) => Promise<unknown>): Promise<TableInterface<RowOf<C>>>	Fresh memory database users table after awaiting seed callback.	core	specific	none
A4	database	tests/setup.ts:173	createConstrainedUsersDatabase	function	createConstrainedUsersDatabase(error?: EmitterErrorHandler): { readonly db: DatabaseInterface; readonly users: TableInterface<UserRow> }	Memory database named app with min-constrained users columns.	core	specific	none
A4	database	tests/setup.ts:189	CURSOR_COLUMNS	const	const CURSOR_COLUMNS = { id: stringShape(), name: stringShape(), age: integerShape({ min: 0 }), role: literalShape(['admin', 'member', 'guest']) }	Users columns including age min 0 and role literal.	core	specific	none
A4	database	tests/setup.ts:197	CursorUserRow	type	type CursorUserRow = RowOf<typeof CURSOR_COLUMNS>	Row type inferred from CURSOR_COLUMNS.	core	specific	none
A4	database	tests/setup.ts:200	CURSOR_ROWS	const	const CURSOR_ROWS: readonly CursorUserRow[] = [{ id: 'u1', name: 'Ada', age: 36, role: 'admin' }, { id: 'u2', name: 'Bo', age: 17, role: 'guest' }, { id: 'u3', name: 'Cy', age: 41, role: 'member' }]	Three cursor seed rows Ada Bo Cy with roles.	core	specific	none
A4	database	tests/setup.ts:212	createCursorDatabase	function	createCursorDatabase(driver: DriverInterface = createMemoryDriver())	Database plus users table over CURSOR_COLUMNS and given driver.	core	specific	none
A4	database	tests/setup.ts:223	seedCursorDatabase	function	seedCursorDatabase(driver?: DriverInterface)	createCursorDatabase then users.set(CURSOR_ROWS).	core	specific	none
A4	database	tests/setup.ts:235	createMemoryAdapter	function	createMemoryAdapter(memory: DriverInterface = createMemoryDriver()): DriverInterface	Forwards required driver primitives onto a Memory driver.	core	specific	none
A4	database	tests/setup.ts:253	ReconciliationDriverOptions	interface	interface ReconciliationDriverOptions { readonly metadata: boolean; readonly stamp: boolean; readonly migrate?: boolean; readonly initial?: DriverMetadata }	Which optional hooks exist and initial stored metadata.	core	specific	none
A4	database	tests/setup.ts:266	createReconciliationDriver	function	createReconciliationDriver(options: ReconciliationDriverOptions): { readonly driver: DriverInterface; readonly metadataCalls: readonly number[]; readonly stampCalls: readonly DriverMetadata[]; readonly migrateCalls: readonly MigrationInput[] }	Memory adapter plus optional metadata stamp migrate hooks that record calls.	core	specific	none
A4	database	tests/setup.ts:309	IteratorSource	class	class IteratorSource<T> implements AsyncIterable<T> { constructor(iterator: AsyncIterator<T>); [Symbol.asyncIterator](): AsyncIterator<T> }	AsyncIterable that yields the supplied iterator unchanged.	core	general	none
A4	database	tests/setup.ts:322	RecordingIterator	class	class RecordingIterator<T> implements AsyncIterator<T> { constructor(source: AsyncIterator<T>, cleanup: () => void); next(): Promise<IteratorResult<T>>; return(): Promise<IteratorResult<T>> }	Delegates next; return runs cleanup then source.return if present.	core	general	none
A4	database	tests/setup.ts:343	RecordingAggregate	interface	interface RecordingAggregate { readonly operation: AggregateOperation; readonly column: FieldPath; readonly input: QueryInput }	One recorded native aggregate hook argument triple.	core	specific	none
A4	database	tests/setup.ts:356	RecordingDriverInterface	interface	interface RecordingDriverInterface extends DriverInterface { records(table: string, input: QueryInput): Promise<readonly Row[]>; aggregate(table: string, operation: AggregateOperation, column: FieldPath, input: QueryInput): Promise<number / undefined> }	Driver with always-present records and aggregate hooks.	core	specific	none
A4	database	tests/setup.ts:369	RECORDING_ROW	const	const RECORDING_ROW: Row = { id: 'native', name: 'Native', age: 7 }	Sentinel row returned by recording records hook.	core	specific	none
A4	database	tests/setup.ts:372	RECORDING_AGGREGATE	const	const RECORDING_AGGREGATE = 123	Sentinel 123 returned by recording aggregate hook.	core	specific	none
A4	database	tests/setup.ts:387	createRecordingDriver	function	createRecordingDriver(aggregatesUndefined = false): { readonly driver: RecordingDriverInterface; readonly recordsCalls: readonly QueryInput[]; readonly aggregateCalls: readonly RecordingAggregate[] }	Memory driver whose records/aggregate record args and return sentinels.	core	specific	none
A4	database	tests/setup.ts:439	EmitterRecorders	type	type EmitterRecorders<TMap extends EventMap, TName extends keyof TMap> = { readonly [K in TName]: RecorderInterface<TMap[K]> }	Mapped recorder per listed emitter event name.	core	general	none
A4	database	tests/setup.ts:456	recordEmitterEvents	function	recordEmitterEvents<TMap extends EventMap, TName extends keyof TMap>(emitter: EmitterInterface<TMap>, events: readonly TName[]): EmitterRecorders<TMap, TName>	Wires createRecorder per name; throws if any name missing.	core	general	exists:createRecorder diff:one recorder per event subscribed via emitter.on
A4	database	tests/setup.ts:490	isTotal	function	isTotal<TMap extends EventMap, TName extends keyof TMap>(recorders: Partial<EmitterRecorders<TMap, TName>>, events: readonly TName[]): recorders is EmitterRecorders<TMap, TName>	True when every listed event name has a defined recorder.	core	general	none
A4	database	tests/setup.ts:513	conformDriver	function	conformDriver(name: string, factory: () => DriverInterface): void	describe/it expecting coreConformDriver(factory) resolves undefined.	core	specific	none
A4	form	tests/setup.ts:12	AnswerCase	interface	interface AnswerCase { readonly answer: boolean; readonly value: FieldValue / undefined }	Pair of a field value and expected answered boolean.	core	specific	none
A4	form	tests/setup.ts:17	ChangedCase	interface	interface ChangedCase { readonly current: FormValues; readonly names: readonly string[]; readonly opened: FormValues }	Current vs opened values plus expected changed names.	core	specific	none
A4	form	tests/setup.ts:23	SchemaCase	interface	interface SchemaCase { readonly label: string; readonly schema: FormSchema }	Named FormSchema fixture.	core	specific	none
A4	form	tests/setup.ts:28	ANSWER_CASES	const	const ANSWER_CASES: readonly AnswerCase[]	Fixed empty/whitespace/present/undefined answeredness cases.	core	specific	none
A4	form	tests/setup.ts:40	CHANGED_CASES	const	const CHANGED_CASES: readonly ChangedCase[]	Fixed current/opened pairs and expected changed names.	core	specific	none
A4	form	tests/setup.ts:48	STRING_FIELDS	const	const STRING_FIELDS: readonly FormField[]	One FormField per string-like control including open select.	core	specific	none
A4	form	tests/setup.ts:59	MATRIX_RULES	const	const MATRIX_RULES: readonly FieldRuleName[]	Rule names required through alphanumeric.	core	specific	none
A4	form	tests/setup.ts:71	RULE_APPLICABILITY	const	const RULE_APPLICABILITY: Readonly<Record<FieldControl, Readonly<Record<FieldRuleName, boolean>>>>	Per-control boolean matrix of which rules apply.	core	specific	none
A4	form	tests/setup.ts:208	MATRIX_FIELDS	const	const MATRIX_FIELDS: Readonly<Record<FieldControl, FormField>>	One representative FormField per control including choices.	core	specific	none
A4	form	tests/setup.ts:234	MATRIX_VALUES	const	const MATRIX_VALUES: Readonly<Record<FieldControl, FieldValue>>	One sample FieldValue per control.	core	specific	none
A4	form	tests/setup.ts:249	createFieldBudgetSchema	function	createFieldBudgetSchema(count: number): FormSchema	Schema of count text fields named field{index}.	core	specific	none
A4	form	tests/setup.ts:258	createGroupBudgetSchema	function	createGroupBudgetSchema(count: number): FormSchema	Schema of count named groups and empty fields.	core	specific	none
A4	form	tests/setup.ts:268	createChoiceBudgetSchema	function	createChoiceBudgetSchema(count: number): FormSchema	One select field with count generated choices.	core	specific	none
A4	form	tests/setup.ts:283	createNameBudgetCases	function	createNameBudgetCases(length: number): readonly SchemaCase[]	Four schemas using a repeated-n name of given length.	core	specific	none
A4	form	tests/setup.ts:303	createStringBudgetCases	function	createStringBudgetCases(length: number): readonly SchemaCase[]	Schemas placing a repeated-x string into each string-bearing slot.	core	specific	none
A4	form	tests/setup.ts:372	createTextBudgetSchema	function	createTextBudgetSchema(length: number): FormSchema	Text field meta packed to approach length via STRING_LIMIT chunks.	core	specific	none
A4	form	tests/setup.ts:386	createTextPopulationSchema	function	createTextPopulationSchema(key: string, rule: boolean): FormSchema	Near-TEXT_LIMIT meta plus optional empty rule object.	core	specific	none
A4	form	tests/setup.ts:403	passValidation	function	passValidation(): true	Returns true.	core	general	none
A4	form	tests/setup.ts:419	createSequenceValidator	function	createSequenceValidator(answers: ReadonlyArray<true / string>): FieldValidator	Validator returning sequential answers, clamping to the last.	core	specific	none
A4	form	tests/setup.ts:428	createNodeBudgetSchema	function	createNodeBudgetSchema(count: number): FormSchema	Text field whose meta.values length is count-9 plus custom passValidation.	core	specific	none
A4	form	tests/setup.ts:442	createNodePopulationSchema	function	createNodePopulationSchema(key: string, extra: boolean): FormSchema	Text field meta at NODE_LIMIT-8 zeros plus optional extra key.	core	specific	none
A4	form	tests/setup.ts:448	createCheckboxLimit	function	createCheckboxLimit(count: number, length?: number): readonly [FormField, FieldValue]	Checkbox field with count choices and matching selected values.	core	specific	none
A4	interpret	tests/setup.ts:42	EmitterRecorders	type	type EmitterRecorders<TMap extends EventMap, TName extends keyof TMap> = { readonly [K in TName]: RecorderInterface<TMap[K]> }	Mapped recorder per listed emitter event name.	core	general	none
A4	interpret	tests/setup.ts:59	recordEmitterEvents	function	recordEmitterEvents<TMap extends EventMap, TName extends keyof TMap>(emitter: EmitterInterface<TMap>, events: readonly TName[]): EmitterRecorders<TMap, TName>	Wires createRecorder per name; throws if any name missing.	core	general	exists:createRecorder diff:one recorder per event subscribed via emitter.on
A4	interpret	tests/setup.ts:93	isTotal	function	isTotal<TMap extends EventMap, TName extends keyof TMap>(recorders: Partial<EmitterRecorders<TMap, TName>>, events: readonly TName[]): recorders is EmitterRecorders<TMap, TName>	True when every listed event name has a defined recorder.	core	general	none
A4	interpret	tests/setup.ts:115	invokeRaw	function	invokeRaw<T>(target: unknown, method: (...args: never[]) => T, args: readonly unknown[]): T	Reflect.apply method onto target with copied args.	core	general	none
A4	interpret	tests/setup.ts:131	expectSymbolic	function	expectSymbolic(result: ReasonResult / readonly ReasonResult[]): SymbolicResult	Throws unless a single result with reasoning symbolic.	core	general	none
A4	interpret	tests/setup.ts:148	EXTREME_NUMBERS	const	const EXTREME_NUMBERS: readonly number[] = Object.freeze([0, -0, 1, -1, MAX_SAFE_INTEGER, MIN_SAFE_INTEGER, MAX_VALUE, MIN_VALUE, EPSILON, 1e308, -1e308, 0.1, 0.2, 0.3])	Frozen finite numeric quirk values including signed zero and 0.1.	core	general	none
A4	interpret	tests/setup.ts:173	TRICKY_KEYS	const	const TRICKY_KEYS: readonly string[] = Object.freeze(['__proto__', 'constructor', 'prototype', 'toString', 'hasOwnProperty', '', '\u{1F600}', 'é', 'Å', 'a.b'])	Frozen adversarial and unicode object keys.	core	general	none
A4	interpret	tests/setup.ts:197	buildInterpretTemplate	function	buildInterpretTemplate(overrides?: Partial<Template>): Template	Neutral arithmetic Template with value mapping; overrides merge last.	core	specific	none
A4	interpret	tests/setup.ts:219	INTERPRET_ACTIONS	const	const INTERPRET_ACTIONS: Readonly<Record<string, string>> = Object.freeze({ calculate: 'calculate', check: 'check', validate: 'validate', compute: 'compute' })	Frozen token-to-action vocabulary for extractor tests.	core	specific	none
A4	interpret	tests/setup.ts:232	INTERPRET_DOMAINS	const	const INTERPRET_DOMAINS: Readonly<Record<string, readonly string[]>> = Object.freeze({ arithmetic: ['arithmetic'], insurance: ['insurance'], eligibility: [...], loan: ['loan'], statistics: ['statistics', 'stats'] })	Frozen domain-to-keyword lists for classification tests.	core	specific	none
A4	interpret	tests/setup.ts:250	buildInsuranceTemplate	function	buildInsuranceTemplate(overrides?: Partial<Template>): Template	Auto-insurance Template with required age, defaults, monthly divide.	core	specific	none
A4	interpret	tests/setup.ts:284	buildEligibilityTemplate	function	buildEligibilityTemplate(overrides?: Partial<Template>): Template	Eligibility Template with age/score mappings and empty logical definition.	core	specific	none
A4	interpret	tests/setup.ts:309	buildLoanTemplate	function	buildLoanTemplate(overrides?: Partial<Template>): Template	Personal-loan Template mapping amount onto a sum definition.	core	specific	none
A4	interpret	tests/setup.ts:333	buildStatisticsTemplate	function	buildStatisticsTemplate(overrides?: Partial<Template>): Template	Statistics Template with single value mapping and sum definition.	core	specific	none
A4	interpret	tests/setup.ts:358	buildInterpretation	function	buildInterpretation(overrides?: Partial<Interpretation>): Interpretation	Complete-shaped Interpretation with age 25 insurance defaults; overrides merge.	core	specific	none
A4	interpret	tests/setup.ts:405	seedInterpretContext	function	seedInterpretContext(previous: readonly Interpretation[]): InterpretContext	New InterpretContext with each previous added in order.	core	specific	none
A4	interpret	tests/setup.ts:412	isBrowserVuePath	function	isBrowserVuePath(path: string): boolean	Normalizes backslashes then tests app/browser/ prefix.	core	specific	none
A4	toolbox	tests/setup.ts:27	createTestDatabase	function	createTestDatabase(): DatabaseInterface	createDatabase with memory driver and empty tables.	core	general	none
A4	toolbox	tests/setup.ts:43	createTestDefinition	function	createTestDefinition(id = 'shop'): DatabaseDefinition	Full DatabaseDefinition with mixed columns, indexes, version 3.5.	core	specific	none
A4	toolbox	tests/setup.ts:63	TestTaskControllerOptions	interface	interface TestTaskControllerOptions { readonly signal?: AbortSignal; readonly input?: JSONRecord; readonly workflow?: string; readonly task?: string }	Optional signal, input, and workflow/task ids for a controller.	core	general	none
A4	toolbox	tests/setup.ts:76	createTestTaskController	function	createTestTaskController(options?: TestTaskControllerOptions): TaskControllerInterface	Builds a one-task workflow and returns TaskController over it.	core	general	none
A4	toolbox	tests/setup.ts:100	RecordingWorkflowStore	class	class RecordingWorkflowStore implements WorkflowStoreInterface { constructor(failures = 0); snapshots: readonly WorkflowSnapshot[]; attempts: number; get(id: string): Promise<WorkflowSnapshot / undefined>; set(snapshot: WorkflowSnapshot): Promise<void>; delete(id: string): Promise<void> }	In-memory snapshot store that refuses a prefix of set() calls.	core	general	none
A4	toolbox	tests/setup.ts:144	ScriptedCall	interface	interface ScriptedCall { readonly messages: readonly MessageInterface[] }	Recorded generate/stream messages argument.	core	general	none
A4	toolbox	tests/setup.ts:155	ScriptedProviderOptions	interface	interface ScriptedProviderOptions { readonly delay?: number; readonly failure?: Error }	Optional per-call delay and failure for ScriptedProvider.	core	general	none
A4	toolbox	tests/setup.ts:164	ScriptedProviderInterface	interface	interface ScriptedProviderInterface extends ProviderInterface { readonly started: number; readonly calls: readonly ScriptedCall[] }	Provider plus started count and recorded calls.	core	general	exists:RecorderInterface diff:started plus message calls on a ProviderInterface
A4	toolbox	tests/setup.ts:184	ScriptedProvider	class	class ScriptedProvider implements ScriptedProviderInterface { constructor(turns: readonly ProviderResult[], options?: ScriptedProviderOptions); id: string; name: string; started: number; calls: readonly ScriptedCall[]; stream(messages: readonly MessageInterface[], signal: AbortSignal): AsyncGenerator<ProviderDelta, ProviderResult>; generate(messages: readonly MessageInterface[], signal: AbortSignal): Promise<ProviderResult> }	Replays turns as one content delta; honors abort, delay, failure.	core	general	none
A4	toolbox	tests/setup.ts:241	MalformedAgent	class	class MalformedAgent implements AgentInterface { readonly id: string; get emitter(); get status(); get context(); generate(): Promise<AgentResult>; stream(options?: Parameters<AgentInterface['stream']>[0]): ReturnType<AgentInterface['stream']>; abort(reason?: unknown): void }	Delegates to createAgent except generate defines content as 7.	core	general	none
A4	rater	tests/setup.ts:36	TestTotalRecorderInterface	interface	interface TestTotalRecorderInterface { readonly calls: ReadonlyArray<readonly LineResult[]>; readonly count: number; readonly handler: TotalHandler }	TotalHandler recorder of line arrays plus count.	core	specific	exists:RecorderInterface diff:handler is TotalHandler; calls are LineResult arrays
A4	rater	tests/setup.ts:43	createTotalRecorder	function	createTotalRecorder(sentinel: number): TestTotalRecorderInterface	Handler pushes lines and returns sentinel; exposes calls and count.	core	specific	exists:createRecorder diff:TotalHandler records LineResult[] and returns a numeric sentinel
A4	rater	tests/setup.ts:64	invokeRaw	function	invokeRaw<T>(thisArg: unknown, method: unknown, args: readonly unknown[]): T	Throws TypeError if not a function; else Reflect.apply.	core	general	none
A4	rater	tests/setup.ts:70	deepFreeze	function	deepFreeze<T>(value: T): T	Recursively Object.freeze arrays and records, then the value.	core	general	none
A4	rater	tests/setup.ts:83	EXTREME_NUMBERS	const	const EXTREME_NUMBERS: readonly number[] = Object.freeze([MAX_VALUE, MAX_VALUE, MIN_VALUE, -MAX_VALUE])	Frozen values whose accumulation overflows to Infinity.	core	general	none
A4	rater	tests/setup.ts:95	createSubject	function	createSubject(overrides?: Readonly<Record<string, unknown>>): Subject	Subject id subject-1 seats 10 with spread overrides.	core	specific	none
A4	rater	tests/setup.ts:100	createStaticRate	function	createStaticRate(id: string, value: number): QuantitativeDefinition	Quantitative definition summing one static factor value.	core	specific	none
A4	rater	tests/setup.ts:107	createLine	function	createLine(id: string, value: number): LineDefinition	Line whose rate is createStaticRate(id, value).	core	specific	none
A4	rater	tests/setup.ts:112	createQuoteRate	function	createQuoteRate(): QuantitativeDefinition	Sum of static 100 plus seats field with above-0 check.	core	specific	none
A4	rater	tests/setup.ts:122	createLookupFailureLine	function	createLookupFailureLine(id: string): LineDefinition	Line with required region lookup and no fallback.	core	specific	none
A4	rater	tests/setup.ts:135	createCheckFailureLine	function	createCheckFailureLine(id: string): LineDefinition	Line with required static factor whose age-above-65 check fails.	core	specific	none
A4	rater	tests/setup.ts:148	createEngine	function	createEngine(options?: { readonly logical?: boolean }): ReasonInterface	createReason quantitative, optional logical, bail false.	core	general	none
A4	rater	tests/setup.ts:163	createStubEngine	function	createStubEngine<T extends ReasonResult>(result: T): ReasonInterface	Stub ReasonInterface whose reason always returns the given result.	core	general	none
A4	rater	tests/setup.ts:182	createWorksheet	function	createWorksheet(overrides?: Partial<Worksheet>): Worksheet	Successful empty-sum worksheet with spread overrides.	core	specific	none
A4	rater	tests/setup.ts:198	createLineResult	function	createLineResult(id: string, amount?: number): LineResult	LineResult with worksheet; success true only when amount provided.	core	specific	none
A4	ollama	tests/setup.ts:19	createUserMessage	function	createUserMessage(content: string): MessageInterface	User message with crypto.randomUUID id and given content.	core	general	none
A4	ollama	tests/setup.ts:42	buildTurns	function	buildTurns(count: number): readonly MessageInterface[]	count alternating user/assistant small-talk messages with minted ids.	core	general	none
A4	ollama	tests/setup.ts:63	THROWING_SUMMARIZER_MESSAGE	const	const THROWING_SUMMARIZER_MESSAGE = 'throwing-summarizer-always-fails'	Default rejection message for createThrowingSummarizer.	core	general	none
A4	ollama	tests/setup.ts:73	createThrowingSummarizer	function	createThrowingSummarizer(message: string = THROWING_SUMMARIZER_MESSAGE): (messages: readonly MessageInterface[]) => Promise<string>	Returns async summarizer that always throws Error(message).	core	general	none
A4	ollama	tests/setup.ts:88	FillWorkspaceOptions	interface	interface FillWorkspaceOptions { readonly count?: number; readonly bytesEach?: number; readonly sentinelPath?: string; readonly sentinelText?: string }	Optional filler file count, size, and sentinel path/text.	core	general	none
A4	ollama	tests/setup.ts:116	fillWorkspace	function	fillWorkspace(workspace: WorkspaceInterface, options?: FillWorkspaceOptions): void	Writes doc-NN.md filler files and optional sentinel via workspace.write.	core	general	none
A4	sse	tests/setup.ts:20	LF	const	const LF = String.fromCharCode(10)	Line-feed character U+000A.	core	general	none
A4	sse	tests/setup.ts:21	CR	const	const CR = String.fromCharCode(13)	Carriage-return character U+000D.	core	general	none
A4	sse	tests/setup.ts:22	TAB	const	const TAB = String.fromCharCode(9)	Tab character U+0009.	core	general	none
A4	sse	tests/setup.ts:30	feedAll	function	feedAll(parser: SSEParserInterface, chunks: readonly string[]): SSEEvent[]	Parses each chunk in order and concatenates dispatched events.	core	specific	none
A4	sse	tests/setup.ts:42	chunkings	function	chunkings(stream: string, sizes: readonly number[] = [1, 2, 3, 5, 7, 13, stream.length]): ReadonlyArray<readonly string[]>	Fixed-size slices plus every two-way cut of stream.	core	general	none
A4	sse	tests/setup.ts:66	partition	function	partition(stream: string, rng: () => number): readonly string[]	Splits stream into rng-sized non-empty chunks until consumed.	core	general	none
A4	sse	tests/setup.ts:79	buildRepeated	function	buildRepeated(block: string, n: number): string	Returns block.repeat(n).	core	general	none
A4	sse	tests/setup.ts:88	expectSSEError	function	expectSSEError(value: unknown): SSEError	Throws unless isSSEError(value); otherwise returns it.	core	specific	none
A4	queue	tests/setup.ts:14	EmitterRecorders	type	type EmitterRecorders<TMap extends EventMap, TName extends keyof TMap> = { readonly [K in TName]: RecorderInterface<TMap[K]> }	Mapped recorder per listed emitter event name.	core	general	none
A4	queue	tests/setup.ts:31	recordEmitterEvents	function	recordEmitterEvents<TMap extends EventMap, TName extends keyof TMap>(emitter: EmitterInterface<TMap>, events: readonly TName[]): EmitterRecorders<TMap, TName>	Wires createRecorder per name; throws if any name missing.	core	general	exists:createRecorder diff:one recorder per event subscribed via emitter.on
A4	queue	tests/setup.ts:65	isTotal	function	isTotal<TMap extends EventMap, TName extends keyof TMap>(recorders: Partial<EmitterRecorders<TMap, TName>>, events: readonly TName[]): recorders is EmitterRecorders<TMap, TName>	True when every listed event name has a defined recorder.	core	general	none
A4	process	tests/setup.ts:31	waitForCondition	function	waitForCondition(condition: () => boolean / Promise<boolean>, budget = 1000, interval = 10): Promise<void>	Polls condition; after budget throws; sleeps interval via waitForDelay.	core	general	exists:waitForCondition diff:no description arg; positional budget/interval; no signal or bound checks; error omits description and elapsed
A4	sea	tests/setup.ts:18	encodeContent	function	encodeContent(text: string): ArrayBuffer	UTF-8 encodes text and copies bytes into a new ArrayBuffer.	core	general	none
A4	timeout	tests/setup.ts:5	isBrowserVuePath	function	isBrowserVuePath(path: string): boolean	Normalizes backslashes then tests app/browser/ prefix.	core	specific	none
B1	scaffold	tests/setupServer.ts:84	TestWorkspaceInterface	interface	interface TestWorkspaceInterface { readonly path: string; write(relative: string, content: string): string; read(relative: string): string; ensure(relative: string): string; link(relative: string, target: string): string; remove(relative: string): void; destroy(): void }	Owned temp directory with write read link remove destroy	core	general	none
B1	scaffold	tests/setupServer.ts:102	TestCommandCase	interface	interface TestCommandCase { readonly label: string; readonly argv: readonly string[]; readonly command: CLICommand }	One argv beside the CLICommand it must denote	core	specific	none
B1	scaffold	tests/setupServer.ts:116	TestUsageCase	interface	interface TestUsageCase { readonly label: string; readonly argv: readonly string[]; readonly mention: string }	One argv that must refuse naming a substring	core	general	none
B1	scaffold	tests/setupServer.ts:130	TestAuditCase	interface	interface TestAuditCase { readonly label: string; readonly audit: Audit; readonly clean: boolean }	One Audit beside whether the run is clean	core	specific	none
B1	scaffold	tests/setupServer.ts:137	TestBoundaryCase	interface	interface TestBoundaryCase { readonly label: string; readonly guard: (value: unknown) => boolean; readonly value: unknown; readonly accepted: boolean }	One value a guard function must accept or refuse	core	general	none
B1	scaffold	tests/setupServer.ts:145	TestMatchCase	interface	interface TestMatchCase { readonly label: string; readonly path: string; readonly matched: boolean }	One path beside a boolean match verdict	core	general	none
B1	scaffold	tests/setupServer.ts:152	TestStorageCase	interface	interface TestStorageCase { readonly label: string; readonly path: string; readonly storage: string }	One target path beside its vendored storage name	core	specific	none
B1	scaffold	tests/setupServer.ts:159	TestDigestCase	interface	interface TestDigestCase { readonly label: string; readonly content: string; readonly digest: string }	One text beside its expected SHA-256 hex digest	core	general	none
B1	scaffold	tests/setupServer.ts:166	TestEndpointCase	interface	interface TestEndpointCase { readonly label: string; readonly base: string; readonly accepted: boolean }	One upstream base URL beside an accept verdict	core	general	none
B1	scaffold	tests/setupServer.ts:183	TestUpstreamReply	interface	interface TestUpstreamReply { readonly status: number; readonly body: string; readonly type?: string; readonly location?: string; readonly chunked?: boolean; readonly encoding?: 'gzip'; readonly held?: boolean; readonly delay?: number }	Scripted HTTP status body headers transfer and hold	core	general	none
B1	scaffold	tests/setupServer.ts:203	TestPackumentEdges	interface	interface TestPackumentEdges { readonly dependencies?: Readonly<Record<string, string>>; readonly development?: Readonly<Record<string, string>> }	Optional registry dependency and devDependency range maps	core	general	none
B1	scaffold	tests/setupServer.ts:221	TestUpstreamInterface	interface	interface TestUpstreamInterface { readonly base: string; readonly paths: readonly string[]; readonly accepts: ReadonlyArray<string \| undefined>; readonly peak: number; arrival(path: string): Promise<void>; destroy(): Promise<void> }	Loopback server exposing recorded paths accepts peak arrival	core	general	none
B1	scaffold	tests/setupServer.ts:238	WORKSPACE_ROOT	const	const WORKSPACE_ROOT = fileURLToPath(resolveRoot(import.meta))	Absolute repo root string from this file's parent URL	server	general	exists:resolveRoot diff:returns filesystem string via fileURLToPath not a URL
B1	scaffold	tests/setupServer.ts:258	detectCaseFolding	function	function detectCaseFolding(): boolean	Writes a file then checks whether a recased name resolves	core	general	none
B1	scaffold	tests/setupServer.ts:284	listExecutablePaths	function	function listExecutablePaths(): readonly string[]	Runs git ls-files --stage and returns sorted 100755 paths	server	general	none
B1	scaffold	tests/setupServer.ts:309	CASE_FOLDING	const	const CASE_FOLDING: boolean = detectCaseFolding()	Cached result of detectCaseFolding for this host	core	general	none
B1	scaffold	tests/setupServer.ts:332	createWorkspace	function	function createWorkspace(): TestWorkspaceInterface	Allocates scratch dir with write read ensure junction-link remove destroy	server	general	exists:createScratch diff:junction symlinkSync link; read uses requireValue; no files seed
B1	scaffold	tests/setupServer.ts:370	buildManifestEntry	function	function buildManifestEntry(fields?: Partial<ManifestEntry>): ManifestEntry	Spreads AGENTS.md non-executable defaults then caller fields	core	specific	none
B1	scaffold	tests/setupServer.ts:380	buildHostManifest	function	function buildHostManifest(fields?: Partial<HostManifest>): HostManifest	Builds two-entry manifest with roots and computeDigest scaffold	core	specific	none
B1	scaffold	tests/setupServer.ts:402	buildRepository	function	function buildRepository(fields?: Partial<Repository>): Repository	Builds tracked AGENTS.md and guides/router.md with empty dirty	core	specific	none
B1	scaffold	tests/setupServer.ts:412	buildMaterializerOptions	function	function buildMaterializerOptions(fields?: Partial<MaterializerOptions>): MaterializerOptions	Builds host dist/host options with recorder write hook	core	specific	none
B1	scaffold	tests/setupServer.ts:428	buildUpstreamOptions	function	function buildUpstreamOptions(fields?: Partial<UpstreamOptions>): UpstreamOptions	Builds guides registry concurrency retries limit budget hooks	core	specific	none
B1	scaffold	tests/setupServer.ts:456	buildServerGuardCases	function	function buildServerGuardCases(): readonly TestGuardCase[]	Returns one TestGuardCase per published server guard with admits	core	specific	none
B1	scaffold	tests/setupServer.ts:582	FILESYSTEM_PATH_CASES	const	const FILESYSTEM_PATH_CASES: readonly TestPathCase[]	Path strings with accepted flags pinning host-path ceilings	core	specific	none
B1	scaffold	tests/setupServer.ts:645	buildBoundaryCases	function	function buildBoundaryCases(): readonly TestBoundaryCase[]	Builds on-ceiling and past-ceiling option manifest inventory cases	core	specific	none
B1	scaffold	tests/setupServer.ts:843	readErrorCode	function	function readErrorCode(call: () => unknown): ScaffoldErrorCode \| undefined	Runs thunk; returns ScaffoldError.code or undefined	core	specific	exists:captureError diff:returns ScaffoldErrorCode only; non-scaffold throw yields undefined
B1	scaffold	tests/setupServer.ts:859	readErrorMessage	function	function readErrorMessage(call: () => unknown): string \| undefined	Runs thunk; returns ScaffoldError.message or undefined	core	specific	exists:captureError diff:returns message string only; non-scaffold throw yields undefined
B1	scaffold	tests/setupServer.ts:880	buildStagedManifest	function	function buildStagedManifest(fields?: Partial<Omit<HostManifest, 'digest'>>): HostManifest	Builds membership then digest via computeManifestDigest	core	specific	none
B1	scaffold	tests/setupServer.ts:908	createHostRoot	function	function createHostRoot(workspace: TestWorkspaceInterface, relative: string, manifest: HostManifest): string	Writes each storage file and manifest.json under relative	core	specific	none
B1	scaffold	tests/setupServer.ts:932	createStagedHost	function	function createStagedHost(workspace: TestWorkspaceInterface): string	Ensures host dir and stageHost from WORKSPACE_ROOT into it	core	specific	none
B1	scaffold	tests/setupServer.ts:948	DIGEST_CASES	const	const DIGEST_CASES: readonly TestDigestCase[]	Published SHA-256 vectors including empty fox and multibyte	core	general	none
B1	scaffold	tests/setupServer.ts:972	GIT_PATH_CASES	const	const GIT_PATH_CASES: readonly TestMatchCase[]	Paths with verdicts for the repository-metadata match rule	core	specific	none
B1	scaffold	tests/setupServer.ts:986	PROTECTED_PATH_CASES	const	const PROTECTED_PATH_CASES: readonly TestMatchCase[]	Paths with verdicts for the deletion deny-list rule	core	specific	none
B1	scaffold	tests/setupServer.ts:1005	SENSITIVE_PATH_CASES	const	const SENSITIVE_PATH_CASES: readonly TestMatchCase[]	Paths with verdicts for the vendoring deny-list rule	core	specific	none
B1	scaffold	tests/setupServer.ts:1040	buildVendoredManifest	function	function buildVendoredManifest(fields?: Partial<Omit<HostManifest, 'digest'>>): HostManifest	Builds wide vendored membership then computeManifestDigest	core	specific	none
B1	scaffold	tests/setupServer.ts:1079	HOSTILE_ARGUMENT	const	const HOSTILE_ARGUMENT = '\u001b[31mpull\u0007\u007f\nforged'	One token carrying ANSI bell delete and newline bytes	core	general	exists:createHostileValues diff:one CLI token not a list of hostile JS values
B1	scaffold	tests/setupServer.ts:1082	HOSTILE_BYTES	const	const HOSTILE_BYTES: readonly string[] = ['\u001b', '\u0007', '\u007f', '\n']	The four control bytes HOSTILE_ARGUMENT must not emit	core	general	none
B1	scaffold	tests/setupServer.ts:1096	createRepository	function	function createRepository(path: string): void	Runs git init --quiet in path with stdio ignored	server	general	none
B1	scaffold	tests/setupServer.ts:1109	TestSinkInterface	interface	interface TestSinkInterface { readonly options: CLIOptions; readonly output: readonly string[]; readonly diagnostic: readonly string[] }	Recording output and diagnostic lines plus CLIOptions	core	specific	none
B1	scaffold	tests/setupServer.ts:1127	createSink	function	function createSink(): TestSinkInterface	Allocates output and diagnostic arrays wired as CLIOptions handlers	core	specific	exists:createRecorder diff:two named line lists plus CLIOptions not a generic handler
B1	scaffold	tests/setupServer.ts:1154	HOST_DIRECTORY_PATHS	const	const HOST_DIRECTORY_PATHS: readonly string[]	Vendored paths treated as directories rather than files	core	specific	none
B1	scaffold	tests/setupServer.ts:1177	buildFleetManifest	function	function buildFleetManifest(): HostManifest	Manifest covering every HOST_PATHS entry with digest	core	specific	none
B1	scaffold	tests/setupServer.ts:1210	createCheckout	function	function createCheckout(workspace: TestWorkspaceInterface, relative: string): string	Writes HOST_PATHS files and dirs using path as content	core	specific	none
B1	scaffold	tests/setupServer.ts:1236	buildCheckoutManifest	function	function buildCheckoutManifest(): HostManifest	Manifest matching createCheckout with executable flags and sorted digest	core	specific	none
B1	scaffold	tests/setupServer.ts:1281	createFleet	function	function createFleet(workspace: TestWorkspaceInterface): { readonly host: string; readonly target: string }	Writes fleet host root plus target package.json and src/core	core	specific	none
B1	scaffold	tests/setupServer.ts:1310	createCatalogFleet	function	function createCatalogFleet(workspace: TestWorkspaceInterface): { readonly host: string; readonly target: string }	createFleet then writes CATALOG_AGENT_TEXT at CATALOG_AGENT_PATH	core	specific	none
B1	scaffold	tests/setupServer.ts:1333	trackFiles	function	function trackFiles(path: string): void	Runs git add --all in path with stdio ignored	server	general	none
B1	scaffold	tests/setupServer.ts:1347	CORE_GENERATED	const	const CORE_GENERATED = (new Compiler().compile(createBlueprint('sample', { src: ['core'] })).plan?.artifacts ?? []).filter((artifact) => artifact.origin !== 'host')	Non-host artifacts from compiling a src/core sample blueprint	core	specific	none
B1	scaffold	tests/setupServer.ts:1352	CORE_GENERATED_COUNT	const	const CORE_GENERATED_COUNT = CORE_GENERATED.length	Length of CORE_GENERATED	core	specific	none
B1	scaffold	tests/setupServer.ts:1369	FLEET_ARTIFACT_COUNT	const	const FLEET_ARTIFACT_COUNT = buildFleetManifest().entries.length + CORE_GENERATED_COUNT	Fleet entry count plus CORE_GENERATED_COUNT	core	specific	none
B1	scaffold	tests/setupServer.ts:1383	matchesVacantRoot	function	function matchesVacantRoot(root: string): boolean	True when no fleet entry destination starts with root/	core	specific	none
B1	scaffold	tests/setupServer.ts:1398	FLEET_WRITE_COUNT	const	const FLEET_WRITE_COUNT = FLEET_ARTIFACT_COUNT + buildFleetManifest().roots.filter(matchesVacantRoot).length	Fleet artifact count plus vacant declared roots	core	specific	none
B1	scaffold	tests/setupServer.ts:1411	FLEET_BIRTH_PATHS	const	const FLEET_BIRTH_PATHS = CORE_GENERATED.filter((artifact) => artifact.ownership === 'birth').map((artifact) => artifact.path)	Paths of birth-owned CORE_GENERATED artifacts	core	specific	none
B1	scaffold	tests/setupServer.ts:1416	FLEET_BIRTH_COUNT	const	const FLEET_BIRTH_COUNT = FLEET_BIRTH_PATHS.length	Length of FLEET_BIRTH_PATHS	core	specific	none
B1	scaffold	tests/setupServer.ts:1429	buildVendoredPlan	function	function buildVendoredPlan(fields?: Partial<Plan>): Plan	buildPlan with manifest docs orchestration guides host artifacts	core	specific	none
B1	scaffold	tests/setupServer.ts:1455	buildCompiledPlan	function	function buildCompiledPlan(): Plan	Compiles default blueprint via Compiler and destroy; throws if no plan	core	specific	none
B1	scaffold	tests/setupServer.ts:1482	buildTargetAudit	function	function buildTargetAudit(target: string, paths: readonly string[], stale: readonly string[]): Audit	Reads each path via readFileHex; missing stale or aligned findings	server	specific	none
B1	scaffold	tests/setupServer.ts:1513	CATALOG_AGENT_TEXT	const	const CATALOG_AGENT_TEXT = ['# Orkestrel', ...].join('\n')	Catalog agent markdown with markers and surrounding prose	core	specific	none
B1	scaffold	tests/setupServer.ts:1528	TARGET_DEV_DEPENDENCIES	const	const TARGET_DEV_DEPENDENCIES = blueprintToDevDependencies(createBlueprint('sample', { src: ['core'] }))	DevDependencies planned for sample src/core blueprint	core	specific	none
B1	scaffold	tests/setupServer.ts:1541	buildTargetManifest	function	function buildTargetManifest(blueprint: Blueprint = createBlueprint('sample', { src: ['core'] }), dependencies: unknown = { '@orkestrel/emitter': '^0.0.5', vite: '~8.2.0' }, development: unknown = blueprintToDevDependencies(blueprint), scripts: unknown = blueprintToScripts(blueprint)): string	JSON.stringifies sample package.json with those sections plus newline	core	specific	none
B1	scaffold	tests/setupServer.ts:1570	omitDependencies	function	function omitDependencies(dependencies: Readonly<Record<string, string>>, names: readonly string[]): Readonly<Record<string, string>>	Copies a name-to-range map omitting listed keys	core	general	none
B1	scaffold	tests/setupServer.ts:1578	TARGET_MANIFEST_TEXT	const	const TARGET_MANIFEST_TEXT = buildTargetManifest(undefined, { '@orkestrel/emitter': '^0.0.5', vite: '~8.2.0' }, { ...TARGET_DEV_DEPENDENCIES, '@orkestrel/guide': '^0.0.9' })	Sample target manifest with extra @orkestrel/guide devDependency	core	specific	none
B1	scaffold	tests/setupServer.ts:1595	REFUSED_MANIFEST_TEXT	const	const REFUSED_MANIFEST_TEXT = `${JSON.stringify({ name: '@orkestrel/Sample', scripts: blueprintToScripts(createBlueprint('Sample')), devDependencies: blueprintToDevDependencies(createBlueprint('Sample')) }, undefined, '\t')}\n`	Manifest whose capital Sample name the compile gate refuses	core	specific	none
B1	scaffold	tests/setupServer.ts:1616	UPSTREAM_ENDPOINT_CASES	const	const UPSTREAM_ENDPOINT_CASES: readonly TestEndpointCase[]	Endpoint strings with accept verdicts for scheme and host law	core	specific	none
B1	scaffold	tests/setupServer.ts:1670	buildPackument	function	function buildPackument(version: string, edges?: TestPackumentEdges): string	JSON packument with dist-tags.latest and one versions record	core	specific	none
B1	scaffold	tests/setupServer.ts:1691	buildOrganization	function	function buildOrganization(names: readonly string[]): string	JSON object mapping each name to read-write	core	general	none
B1	scaffold	tests/setupServer.ts:1706	writeUpstreamReply	function	function writeUpstreamReply(response: ServerResponse, reply: TestUpstreamReply): void	Writes status headers and gzip-or-utf8 body; omits length if chunked	server	general	none
B1	scaffold	tests/setupServer.ts:1742	createUpstreamServer	function	async function createUpstreamServer(replies: Readonly<Record<string, TestUpstreamReply>>): Promise<TestUpstreamInterface>	Loopback HTTP server scripting replies and recording paths accepts peak	server	general	exists:createLoopback diff:scripts per-path replies; records paths accepts peak arrival; 404 default
B1	scaffold	tests/setupServer.ts:1806	UPSTREAM_PATHS	const	const UPSTREAM_PATHS = Object.freeze({ organization, router, emitter, console, terminal, guide, branched })	Canonical registry and raw-content request paths	core	specific	none
B1	scaffold	tests/setupServer.ts:1832	FLEET_UPSTREAM_PATHS	const	const FLEET_UPSTREAM_PATHS = Object.freeze({ organization, packages, mirrors })	Fleet target packument and guide mirror request paths	core	specific	none
B1	scaffold	tests/setupServer.ts:1866	buildCLIOptions	function	function buildCLIOptions(sink: TestSinkInterface, base: string): CLIOptions	Spreads sink.options and points both upstream bases at base	core	specific	none
B1	scaffold	tests/setupServer.ts:1882	readRejectionCode	function	async function readRejectionCode(call: () => Promise<unknown>): Promise<ScaffoldErrorCode \| undefined>	Awaits thunk; returns ScaffoldError.code or undefined	core	specific	exists:captureError diff:async; returns ScaffoldErrorCode only
B1	scaffold	tests/setupServer.ts:1894	STORAGE_PATH_CASES	const	const STORAGE_PATH_CASES: readonly TestStorageCase[]	Target-relative paths beside expected storage mapping	core	specific	none
B1	scaffold	tests/setupServer.ts:1913	COMMAND_CASES	const	const COMMAND_CASES: readonly TestCommandCase[]	Accepted argv lines beside the exact CLICommand denoted	core	specific	none
B1	scaffold	tests/setupServer.ts:2003	USAGE_CASES	const	const USAGE_CASES: readonly TestUsageCase[]	Refused argv lines beside the mention the message must carry	core	specific	none
B1	scaffold	tests/setupServer.ts:2043	AUDIT_EXIT_CASES	const	const AUDIT_EXIT_CASES: readonly TestAuditCase[]	Audit shapes beside whether exit must be clean	core	specific	none
B1	scaffold	tests/setupServer.ts:2102	buildOptionArgv	function	function buildOptionArgv(verb: Verb, option: string): readonly string[]	Shortest argv for one verb plus optionToName token and dummy value	core	specific	none
B1	taverna	tests/setupServer.ts:21	RouteHandlerContextInterface	interface	interface RouteHandlerContextInterface { readonly method: string; readonly url: URL; readonly query: URLSearchParams; readonly params: Readonly<Record<string, string>>; readonly state: Map<string, unknown>; body(): Promise<unknown>; json(value: unknown, status?: number): void; text(value: string, status?: number): void; empty(status?: number): void; error(status: number, message?: string): void }	Legacy fake route-handler context with body and response helpers	core	specific	none
B1	taverna	tests/setupServer.ts:75	flattenHeaders	function	function flattenHeaders(headers: Record<string, string \| string[] \| undefined>): Record<string, string>	Drops undefined headers; joins array values with comma-space	core	general	none
B1	taverna	tests/setupServer.ts:87	WORKSPACE_ROOT	const	const WORKSPACE_ROOT = fileURLToPath(new URL('../', import.meta.url))	Absolute repo root string from this file's parent URL	server	general	exists:resolveRoot diff:returns filesystem string not a URL; does not call resolveRoot
B1	taverna	tests/setupServer.ts:90	readText	function	function readText(relativePath: string): string	readFileSync of WORKSPACE_ROOT-joined path as utf8	server	general	exists:readText diff:reads a repo file from disk not an Element's accessible name
B1	taverna	tests/setupServer.ts:95	fileExists	function	function fileExists(relativePath: string): boolean	existsSync of WORKSPACE_ROOT-joined path	server	general	none
B1	taverna	tests/setupServer.ts:101	listTree	function	function listTree(relativeDir: string, filter?: (name: string) => boolean): readonly string[]	Recursive file paths under dir, forward-slash, sorted, optional name filter	server	general	exists:readInventory diff:walks a repo-relative tree not a scratch identity inventory
B1	taverna	tests/setupServer.ts:117	readTree	function	function readTree(relativeDir: string, filter?: (name: string) => boolean): string	Concatenates readText of every listTree path with newlines	server	general	none
B1	taverna	tests/setupServer.ts:124	readGuides	function	function readGuides(relativeDir: string): Readonly<Record<string, string>>	Maps listTree .md paths to content keyed without prefix and .md	server	general	none
B1	taverna	tests/setupServer.ts:149	createStreamTarget	function	function createStreamTarget(options?: { isTTY?: boolean; columns?: number }): { readonly target: StreamTargetInterface; readonly writes: TestRecorderInterface<readonly [text: string]> }	Fake StreamTargetInterface recording writes with fixed isTTY columns	core	specific	none
B1	taverna	tests/setupServer.ts:178	createWriteProbe	function	function createWriteProbe(backpressure = true): { readonly write: NodeJS.WriteStream['write']; readonly texts: readonly string[] }	Node write stand-in recording utf8 chunks and returning backpressure	server	general	none
B1	taverna	tests/setupServer.ts:210	createFakeTTY	function	function createFakeTTY(options?: { isTTY?: boolean; columns?: number }): FakeTTYInterface	EventEmitter input plus recording output tracking raw-mode lifecycle	server	general	none
B1	taverna	tests/setupServer.ts:259	FakeTTYInterface	interface	interface FakeTTYInterface { readonly input: InputStreamInterface; readonly output: OutputStreamInterface; readonly writes: TestRecorderInterface<readonly [text: string]>; push(chunk: string \| Uint8Array): void; text(): string; readonly raw: boolean; readonly enters: number; readonly exits: number; listeners(): number }	Scripted TTY pair with raw-mode counters and stripped text	core	specific	none
B1	taverna	tests/setupServer.ts:296	rawOutput	function	function rawOutput(tty: FakeTTYInterface): string	Joins recorded write strings with ANSI intact	core	general	none
B1	taverna	tests/setupServer.ts:311	assertCleanExit	function	function assertCleanExit(tty: FakeTTYInterface, entries = 1): void	expect raw-mode unwind listener leak and cursor hide/show in output	core	specific	none
B1	taverna	tests/setupServer.ts:325	tempDatabasePath	function	function tempDatabasePath(): { readonly path: string; readonly cleanup: () => void }	mkdtemp under os.tmpdir with database.sqlite path and rmSync cleanup	server	general	exists:createScratch diff:mkdtemp+rmSync; returns one sqlite path not ScratchInterface
B1	taverna	tests/setupServer.ts:334	StaticFixtureInterface	interface	interface StaticFixtureInterface { readonly root: string; cleanup(): void }	Temp directory root plus cleanup thunk	core	general	none
B1	taverna	tests/setupServer.ts:352	createStaticFixture	function	function createStaticFixture(files: Readonly<Record<string, string \| Buffer>>): StaticFixtureInterface	mkdtemp, mkdirSync parents, writeFileSync each relative path, rmSync cleanup	server	general	exists:createScratch diff:mkdtemp+writeFileSync Buffer-capable tree not ScratchInterface
B1	taverna	tests/setupServer.ts:368	UploadDirectoryInterface	interface	interface UploadDirectoryInterface { readonly path: string; files(): readonly string[]; cleanup(): void }	Staging dir with current file listing and cleanup	core	general	none
B1	taverna	tests/setupServer.ts:385	createUploadDirectory	function	function createUploadDirectory(): UploadDirectoryInterface	mkdtemp with readdirSync files() and rmSync cleanup	server	general	exists:createScratch diff:mkdtemp; files() is readdirSync names not ScratchInterface
B1	taverna	tests/setupServer.ts:395	MultipartPartInput	interface	interface MultipartPartInput { readonly name: string; readonly filename?: string; readonly type?: string; readonly data: string \| Buffer }	One multipart part name optional filename type and data bytes	core	general	none
B1	taverna	tests/setupServer.ts:417	buildMultipart	function	function buildMultipart(boundary: string, parts: readonly MultipartPartInput[]): Buffer	Concatenates disposition headers data CRLF and closing boundary	server	general	none
B1	taverna	tests/setupServer.ts:445	abortMidUpload	function	function abortMidUpload(url: string, type: string, body: Buffer, bytes: number): Promise<void>	POSTs Content-Length then destroy after writing the first bytes	server	general	none
B1	taverna	tests/setupServer.ts:476	sqliteErrorCode	function	function sqliteErrorCode(action: () => unknown): string	Returns thrown SQLiteError.code or NO_THROW or NOT_SQLITE_ERROR	core	specific	exists:captureError diff:returns code string or sentinels not the thrown value
B1	taverna	tests/setupServer.ts:494	PARITY_TABLES	const	const PARITY_TABLES = { users: { id: stringShape(), name: stringShape(), age: integerShape(), active: booleanShape(), payload: objectShape({...}) } } as const	Users table schema for native-versus-engine parity	core	specific	none
B1	taverna	tests/setupServer.ts:510	ParityUser	type	type ParityUser = { readonly id: string; readonly name: string; readonly age: number; readonly active: boolean; readonly payload: { readonly tag: string; readonly score: number; readonly flag: boolean; readonly note: string \| null } }	Row type of PARITY_TABLES users	core	specific	none
B1	taverna	tests/setupServer.ts:541	PARITY_ROWS	const	const PARITY_ROWS: readonly ParityUser[]	Six seed rows out of key order with LIKE wildcards and null notes	core	specific	none
B1	taverna	tests/setupServer.ts:587	ParityOutcome	interface	interface ParityOutcome { readonly rows: readonly ParityUser[]; readonly count: number }	One backend's query rows and count	core	specific	none
B1	taverna	tests/setupServer.ts:593	ParityComparator	type	type ParityComparator = (build: (table: TableInterface<ParityUser>) => QueryInterface<ParityUser>) => Promise<{ readonly native: ParityOutcome; readonly engine: ParityOutcome }>	Runs one query builder against both parity backends	core	specific	none
B1	taverna	tests/setupServer.ts:610	ParityAggregator	type	type ParityAggregator = (operation: AggregateFunction, column: FieldPath, scope?: (table: TableInterface<ParityUser>) => QueryInterface<ParityUser>) => Promise<{ readonly native: number \| undefined; readonly engine: number \| undefined }>	Runs one aggregate against both parity backends	core	specific	none
B1	taverna	tests/setupServer.ts:626	setupParity	function	async function setupParity(): Promise<{ readonly parity: ParityComparator; readonly aggregate: ParityAggregator }>	Seeds SQLite and Memory users tables and returns both comparators	core	specific	none
B1	taverna	tests/setupServer.ts:689	driverSchema	function	function driverSchema(options?: { indexes?: readonly (readonly string[])[] }): readonly TableSchema[]	users plus posts TableSchema; indexes default [['name']]	core	specific	none
B1	taverna	tests/setupServer.ts:728	TeardownInterface	interface	interface TeardownInterface<T> { track<U extends T>(item: U): U }	Registrar that enrolls an item for afterEach disposal	core	general	exists:TeardownInterface diff:generic track() only; no count add destroy
B1	taverna	tests/setupServer.ts:747	createTeardown	function	function createTeardown<T>(dispose: (item: T) => void \| Promise<void>): TeardownInterface<T>	afterEach splices tracked items forward and awaits dispose	core	general	exists:createTeardown diff:vitest afterEach plus caller dispose; forward order; no add/destroy/AggregateError
B1	taverna	tests/setupServer.ts:771	StartedServerInterface	interface	interface StartedServerInterface { readonly server: ServerInterface<unknown>; readonly port: number; readonly base: string; stop(): Promise<void> }	Started orkestrel server with bound base and stop	core	specific	none
B1	taverna	tests/setupServer.ts:790	startServer	function	async function startServer(server: ServerInterface<unknown>): Promise<StartedServerInterface>	Awaits server.start(); stop calls stop then destroy; base is loopback URL	core	specific	exists:createLoopback diff:starts ServerInterface via start/stop/destroy not node net.Server listen
B1	taverna	tests/setupServer.ts:827	readSetCookie	function	function readSetCookie(response: Response, name: string): string \| undefined	First matching Set-Cookie name=value with attributes stripped	core	general	exists:createCookieJar diff:reads one Response Set-Cookie; no jar state or replay
B1	taverna	tests/setupServer.ts:846	cookieHeader	function	function cookieHeader(name: string, value: string \| undefined): Record<string, string>	{ cookie: name=value } or empty object when value undefined	core	general	exists:createCookieJar diff:builds one Cookie header from arguments; no capture
B1	taverna	tests/setupServer.ts:864	cookiesHeader	function	function cookiesHeader(pairs: Readonly<Record<string, string>>): Record<string, string>	Joins name=value pairs with semicolon-space into one Cookie header	core	general	exists:createCookieJar diff:builds Cookie header from a map; no capture
B1	taverna	tests/setupServer.ts:882	StoredSession	interface	interface StoredSession { readonly id: string; readonly data: Readonly<Record<string, unknown>> }	Plain serializable session id plus data bag	core	specific	none
B1	taverna	tests/setupServer.ts:896	buildSession	function	function buildSession(id: string, data: Readonly<Record<string, unknown>> = {}): StoredSession	Returns { id, data }	core	specific	none
B1	taverna	tests/setupServer.ts:913	UpgradeOutcome	interface	interface UpgradeOutcome { readonly claimed: boolean; readonly status: number \| undefined }	Whether an upgrade was claimed and the status if any	core	general	none
B1	taverna	tests/setupServer.ts:939	upgradeRequest	function	function upgradeRequest(base: string, path = '/', headers?: Record<string, string>): Promise<UpgradeOutcome>	node:http Upgrade websocket request; 101 claim else error or non-101	server	general	none
B1	taverna	tests/setupServer.ts:981	RawResponse	interface	interface RawResponse { readonly status: number \| undefined; readonly headers: IncomingMessage['headers']; readonly body: Buffer }	Undecoded HTTP status headers and body bytes	server	general	none
B1	taverna	tests/setupServer.ts:1002	readRawResponse	function	function readRawResponse(base: string, path = '/', headers?: Record<string, string>): Promise<RawResponse>	node:http GET concatenating data chunks without decompression	server	general	none
B1	taverna	tests/setupServer.ts:1043	postJSON	function	function postJSON(base: string, body: unknown, options?: { headers?: Record<string, string>; path?: string }): Promise<Response>	fetch POST JSON to base plus path default /mcp	core	specific	none
B1	taverna	tests/setupServer.ts:1074	isIncomingMessage	function	function isIncomingMessage(value: unknown): value is IncomingMessage	True when value is a non-null object with headers	core	general	none
B1	taverna	tests/setupServer.ts:1090	createRequestStub	function	function createRequestStub(fields?: { url?: string; method?: string; headers?: Record<string, string \| string[] \| undefined>; socket?: { remoteAddress?: string; encrypted?: boolean } }): IncomingMessage	Builds url method headers socket stub; throws if guard fails	core	general	none
B1	taverna	tests/setupServer.ts:1115	isRouteContext	function	function isRouteContext(value: unknown): value is RouteHandlerContextInterface	True when value is a non-null object with state and request	core	specific	none
B1	taverna	tests/setupServer.ts:1133	createContextStub	function	function createContextStub(overrides?: Partial<RouteHandlerContextInterface>): RouteHandlerContextInterface	Default Map query params request no-op helpers then overrides; throws if guard fails	core	specific	none
B1	taverna	tests/setupServer.ts:1176	GuideClassPairing	type	type GuideClassPairing = readonly [klass: string, iface: string, ...bases: readonly string[]]	Class-interface pairing with optional extended base names	core	specific	none
B1	taverna	tests/setupServer.ts:1206	GuideParityConfig	interface	interface GuideParityConfig { readonly domain: string; readonly source: string \| readonly string[]; readonly interfaces?: readonly string[]; readonly classes?: readonly GuideClassPairing[]; readonly match?: 'exact' \| 'required'; readonly methodSource?: string \| readonly string[]; readonly suffix?: readonly [surface: string, method: string]; readonly documentClasses?: boolean }	Declarative config for assertGuideParity	core	specific	none
B1	taverna	tests/setupServer.ts:1244	assertGuideParity	function	function assertGuideParity(root: string, config: GuideParityConfig): void	Emits vitest surface and method bijection describes from guide markdown and sources	core	specific	none
B1	taverna	tests/setupServer.ts:1341	fileName	function	function fileName(path: string): string	Last slash-separated segment or empty string	core	general	none
B1	taverna	tests/setupServer.ts:1347	testPath	function	function testPath(source: string): string	Prefixes tests/ and replaces .ts with .test.ts	core	general	none
B1	taverna	tests/setupServer.ts:1352	sourcePath	function	function sourcePath(test: string): string	Strips tests/ prefix and .test.ts suffix back to .ts	core	general	none
B1	taverna	tests/setupServer.ts:1357	testBase	function	function testBase(test: string): string	fileName of test with .test.ts removed	core	general	none
B1	mcp	tests/setupServer.ts:96	findMissingNamedImports	function	function findMissingNamedImports(fence: string, sources: ReadonlyMap<string, SourceInterface>, root: string): readonly string[]	Projects fence, fenceImports, findMissing against mapped surfaces; throws on unmapped self or @src/@app	core	specific	none
B1	mcp	tests/setupServer.ts:141	isIncomingMessage	function	function isIncomingMessage(value: unknown): value is IncomingMessage	True when value is a non-null object with headers	core	general	none
B1	mcp	tests/setupServer.ts:155	createRequestStub	function	function createRequestStub(fields?: { url?: string; method?: string; headers?: Record<string, string \| string[] \| undefined>; socket?: { remoteAddress?: string; encrypted?: boolean } }): IncomingMessage	Builds url method headers socket stub; throws if guard fails	core	general	none
B1	mcp	tests/setupServer.ts:180	TestStreamOptions	interface	interface TestStreamOptions { readonly write?: Error; readonly body?: Error; readonly pending?: boolean }	Optional write throw, body error, or never-settling body	core	general	none
B1	mcp	tests/setupServer.ts:197	TestStreamInterface	interface	interface TestStreamInterface extends StreamInterface { readonly events: readonly string[]; readonly comments: readonly string[]; readonly ended: boolean }	StreamInterface plus recorded events comments ended	core	specific	none
B1	mcp	tests/setupServer.ts:218	createStreamStub	function	function createStreamStub(options?: TestStreamOptions): TestStreamInterface	Recording StreamInterface with optional write throw, body error, pending ReadableStream	core	specific	none
B1	mcp	tests/setupServer.ts:315	duplexPair	function	function duplexPair(): readonly [Duplex, Duplex]	Two DuplexEnds over paired PassThroughs with error no-ops	server	general	none
B1	mcp	tests/setupServer.ts:333	flushSocket	function	function flushSocket(): Promise<void>	Resolves after two nested setImmediate ticks	server	general	exists:waitForDelay diff:two setImmediate ticks not a millisecond timer
B1	mcp	tests/setupServer.ts:348	readClientFrames	function	function readClientFrames(peer: Duplex): { readonly frames: readonly WebSocketFrame[] }	Strips HTTP handshake then parseWebSocketFrame into growing frames	server	general	none
B1	mcp	tests/setupServer.ts:372	ClientSocketInterface	interface	interface ClientSocketInterface { readonly frames: readonly WebSocketFrame[]; readonly closed: Promise<void>; close(): void }	Raw client frames, close promise, destroy	core	general	none
B1	mcp	tests/setupServer.ts:397	openClientSocket	function	async function openClientSocket(base: string, path: string): Promise<ClientSocketInterface>	TCP connect, writes RFC6455 GET with mcp subprotocol, decodes frames	server	specific	none
B1	mcp	tests/setupServer.ts:429	TeardownInterface	interface	interface TeardownInterface<T> { track<U extends T>(item: U): U }	Registrar that enrolls an item for afterEach disposal	core	general	exists:TeardownInterface diff:generic track() only; no count add destroy
B1	mcp	tests/setupServer.ts:458	createTeardown	function	function createTeardown<T>(dispose: (item: T) => void \| Promise<void>): TeardownInterface<T>	afterEach splices tracked items reversed and awaits dispose	core	general	exists:createTeardown diff:vitest afterEach plus caller dispose; reverse order; no add/destroy/AggregateError
B1	mcp	tests/setupServer.ts:482	StartedServerInterface	interface	interface StartedServerInterface<TState = unknown> { readonly server: ServerInterface<TState>; readonly port: number; readonly base: string; stop(): Promise<void> }	Started orkestrel server with bound base and stop	core	specific	none
B1	mcp	tests/setupServer.ts:501	startServer	function	async function startServer<TState>(server: ServerInterface<TState>): Promise<StartedServerInterface<TState>>	Awaits server.start(); stop calls stop then destroy; base is loopback URL	core	specific	exists:createLoopback diff:starts ServerInterface via start/stop/destroy not node net.Server listen
B1	mcp	tests/setupServer.ts:520	TestResource	type	type TestResource = StartedServerInterface \| MCPClientInterface \| MCPClientTransportInterface	Union of started server, MCP client, or client transport	core	specific	none
B1	mcp	tests/setupServer.ts:542	closeResource	function	function closeResource(resource: TestResource): Promise<void>	Dispatches stop, disconnect, or close by which method exists	core	specific	none
B1	mcp	tests/setupServer.ts:556	UpgradeOutcome	interface	interface UpgradeOutcome { readonly claimed: boolean; readonly status: number \| undefined; readonly protocol: string \| undefined }	Claim, status, and selected Sec-WebSocket-Protocol	core	general	none
B1	mcp	tests/setupServer.ts:583	upgradeRequest	function	function upgradeRequest(base: string, path = '/', headers?: Record<string, string>): Promise<UpgradeOutcome>	node:http Upgrade websocket request; records protocol on 101	server	general	none
B1	mcp	tests/setupServer.ts:644	createClockMiddleware	function	function createClockMiddleware<TState>(clock: ManualClockInterface, ms: number): MiddlewareHandler<TState>	Middleware that clock.advance(ms) then next()	core	specific	none
B1	mcp	tests/setupServer.ts:666	createDelayMiddleware	function	function createDelayMiddleware<TState>(ms: number): MiddlewareHandler<TState>	Middleware that await waitForDelay(ms) then next()	core	specific	exists:waitForDelay diff:wraps waitForDelay inside MiddlewareHandler not a bare delay
B1	mcp	tests/setupServer.ts:685	TestUpgradeInterface	interface	interface TestUpgradeInterface { readonly base: string; readonly count: number; readonly open: number; stop(): Promise<void> }	Upgrade peer URL plus accepted and still-open socket counts	core	general	none
B1	mcp	tests/setupServer.ts:696	TestUpgradeOptions	interface	interface TestUpgradeOptions { readonly delay?: number; readonly frame?: string }	Optional handshake delay and trailing text frame	core	general	none
B1	mcp	tests/setupServer.ts:725	startUpgradeServer	function	async function startUpgradeServer(options?: TestUpgradeOptions): Promise<TestUpgradeInterface>	node:http listen 0; 101 with computeWebSocketAccept; optional delay and frame	server	general	exists:createLoopback diff:answers WebSocket 101; tracks count/open; optional delay and text frame
B1	supervisor	tests/setupServer.ts:31	RecoveryStep	type	type RecoveryStep = 'intent' \| 'effect' \| 'reconcile' \| 'recover'	Ordering boundaries in the crash-recovery proof	core	specific	none
B1	supervisor	tests/setupServer.ts:34	SupervisorStoreOperation	type	type SupervisorStoreOperation = 'intent' \| 'list'	Recorded store delegate operations	core	specific	none
B1	supervisor	tests/setupServer.ts:37	CrashEvidenceInterface	interface	interface CrashEvidenceInterface { readonly calls: ReadonlyArray<readonly [RecoveryStep]>; readonly race: ReadonlyArray<Result<Lease, SupervisorError>>; readonly leases: readonly Lease[]; readonly sequential: Result<Lease, SupervisorError>; readonly stale: Result<UnitSnapshot, SupervisorError>; readonly units: readonly UnitSnapshot[] }	Durable rows and recorded calls for crash-recovery checks	core	specific	none
B1	supervisor	tests/setupServer.ts:47	IdentityTargetInterface	interface	interface IdentityTargetInterface { readonly workflow: string; readonly phase: string; readonly task: string }	Workflow phase task address for identity rows	core	specific	none
B1	supervisor	tests/setupServer.ts:54	IdentityEvidenceInterface	interface	interface IdentityEvidenceInterface { readonly target: IdentityTargetInterface; readonly launches: number; readonly before: readonly UnitSnapshot[]; readonly after: readonly UnitSnapshot[] }	Before/after unit rows plus launch authorization count	core	specific	none
B1	supervisor	tests/setupServer.ts:67	verifyCrashRecovery	function	function verifyCrashRecovery(evidence: CrashEvidenceInterface): Result<void, string>	Checks intent-before-effect, reconcile-before-recover, one-epoch race fencing	core	specific	none
B1	supervisor	tests/setupServer.ts:128	verifyIdentityBound	function	function verifyIdentityBound(evidence: IdentityEvidenceInterface): Result<void, string>	Checks identity cardinality and reattachment adds no new identity	core	specific	none
B1	supervisor	tests/setupServer.ts:173	RecordingSupervisorStore	class	class RecordingSupervisorStore implements SupervisorStoreInterface { constructor(store: SupervisorStoreInterface, record: (operation: SupervisorStoreOperation) => void); acquire(id: string, owner: string, options?: LeaseOptions); renew(lease: Lease, options?: LeaseOptions); get(id: string); list(options?: RunListOptions); set(lease: Lease, unit: UnitSnapshot); release(lease: Lease) }	Delegates store; records list and successful revision-1 set as intent	core	specific	none
B1	supervisor	tests/setupServer.ts:220	warmSupervisorStore	function	async function warmSupervisorStore(store: SupervisorStoreInterface): Promise<void>	Awaits store.get('warmup') to prime the connection	core	specific	none
B1	supervisor	tests/setupServer.ts:225	GatedExecutor	class	class GatedExecutor implements ExecutorInterface { constructor(name: string, executions: readonly InertExecution[], record?: (step: RecoveryStep) => void); readonly name: string; readonly executions: readonly InertExecution[]; readonly inputs: readonly ExecutionInput[]; entered(index: number): Promise<void>; accept(index: number): void; accepted(index: number): Promise<void>; launch(input: ExecutionInput): Promise<Result<ExecutionInterface, SupervisorError>> }	launch records effect, waits on per-index allowed gate, then returns seeded execution	core	specific	none
B1	supervisor	tests/setupServer.ts:303	SelectiveRecoveryExecutor	class	class SelectiveRecoveryExecutor implements ExecutorInterface { constructor(name: string, execution: ExecutionInterface); readonly name: string; readonly launches: readonly ExecutionInput[]; readonly probes: readonly ExecutionContext[]; readonly attachments: readonly ExecutionContext[]; launch(input: ExecutionInput): Promise<Result<ExecutionInterface, SupervisorError>>; probe(context: ExecutionContext): Promise<Result<ProbeStatus, SupervisorError>>; attach(context: ExecutionContext): Promise<Result<ExecutionInterface, SupervisorError>> }	launch always LAUNCH-fails; probe present iff no identity; attach returns fixture execution	core	specific	none
B1	supervisor	tests/setupServer.ts:349	ProviderFixtureResultInterface	interface	interface ProviderFixtureResultInterface { readonly code: number \| null; readonly signal: string \| null; readonly stdout: string; readonly stderr: string }	Captured child exit code signal stdout stderr	core	general	none
B1	supervisor	tests/setupServer.ts:367	resolveServerFixture	function	function resolveServerFixture(name: string, directory = 'src'): string	join(process.cwd(), 'tests', directory, 'server', 'fixtures', name)	server	specific	none
B1	supervisor	tests/setupServer.ts:372	runProviderFixture	function	async function runProviderFixture(command: ProcessCommand, fixture: string): Promise<ProviderFixtureResultInterface>	spawn node fixture with command args env stdin; wait close; collect utf8 pipes	server	specific	none
B1	supervisor	tests/setupServer.ts:403	parseProviderFrames	function	function parseProviderFrames(output: string): readonly unknown[]	Splits lines, JSON.parse non-empty, returns frozen array	core	general	exists:decodeJSONLines diff:no line-numbered Error wrap; freezes; split /\r?\n/
B1	supervisor	tests/setupServer.ts:412	startProviderFixture	function	function startProviderFixture(...argumentsList: readonly string[]): ChildProcess	spawn node provider.mjs with stdio ignore	server	specific	none
B1	supervisor	tests/setupServer.ts:420	hasProcess	function	function hasProcess(pid: number): boolean	process.kill 0; on linux /proc/pid/stat zombie Z is false	server	general	exists:isRunning diff:none observed in the body
B1	supervisor	tests/setupServer.ts:437	ProtocolFixtureProvider	class	class ProtocolFixtureProvider implements ProviderInterface { constructor(mode = 'stream', probe = 'present'); readonly name: string; launch(_input: ProviderInput): ProcessCommand; attach(_context: ExecutionContext): ProcessCommand; probe(_context: ExecutionContext): ProcessCommand; answer(_context: ExecutionContext, output: string): ProbeStatus \| undefined; observe(frame: unknown): Observation \| undefined; settle(frame: unknown): ExecutionResult \| undefined; encode(message: ProviderMessage): string }	ProcessCommand vectors to provider.mjs; parses fixture frames into Observation	core	specific	none
B1	supervisor	tests/setupServer.ts:558	ClaudeFixtureProvider	class	class ClaudeFixtureProvider extends ClaudeProvider { override attach(context: ExecutionContext): ProcessCommand }	super.attach then file=execPath arguments=[claude.mjs, ...super.arguments]	core	specific	none
B1	supervisor	tests/setupServer.ts:576	CodexFixtureProvider	class	class CodexFixtureProvider extends CodexProvider { override probe(context: ExecutionContext): ProcessCommand \| undefined }	super.probe then file=execPath arguments=[codex.mjs, ...super.arguments]	core	specific	none
B1	supervisor	tests/setupServer.ts:595	CursorFixtureProvider	class	class CursorFixtureProvider extends CursorProvider { override launch(input: ProviderInput): ProcessCommand }	super.launch then file=execPath arguments=[cursor.mjs, ...super.arguments]	core	specific	none
B1	supervisor	tests/setupServer.ts:613	waitForSocketClose	function	function waitForSocketClose(socket: Socket): Promise<void>	once error no-op; resolves on once close	server	general	exists:waitForSocketClose diff:no budget/abort/closed fast-path; swallows all errors; does not remove listeners beyond once
B1	tsea	tests/setupServer.ts:35	UUID_PATTERN	const	const UUID_PATTERN = /^[0-9a-f]{8}-[0-9a-f]{4}-[0-9a-f]{4}-[0-9a-f]{4}-[0-9a-f]{12}$/	Regex matching UUID v4 hex form	core	general	none
B1	tsea	tests/setupServer.ts:40	HttpResponse	interface	interface HttpResponse { readonly status: number; readonly headers: Record<string, string>; readonly body: string }	Status string headers and body text	core	general	none
B1	tsea	tests/setupServer.ts:51	SocketPair	interface	interface SocketPair { readonly client: Socket; readonly server: Socket; readonly tcp: TcpServer; readonly cleanup: () => void }	Connected TCP sockets plus server and cleanup	server	general	none
B1	tsea	tests/setupServer.ts:63	createSocketPair	function	async function createSocketPair(): Promise<SocketPair>	TCP listen 0; connect; resolve on connection; cleanup destroys both and closes	server	general	none
B1	tsea	tests/setupServer.ts:95	TestHttpServer	interface	interface TestHttpServer { readonly http: HttpServer; readonly port: number; readonly captured: readonly { readonly req: IncomingMessage; readonly res: ServerResponse }[]; get(path: string, headers?: Record<string, string>): Promise<HttpResponse>; post(path: string, payload: unknown): Promise<HttpResponse>; raw(method: string, path: string, body: string, headers?: Record<string, string>): Promise<HttpResponse>; sse(path: string): Promise<HttpResponse>; sseUntil(path: string, target: string, timeout?: number): Promise<HttpResponse>; cleanup(): Promise<void> }	Capturing HTTP server with get post raw sse helpers	server	general	none
B1	tsea	tests/setupServer.ts:127	createTestHttpServer	function	async function createTestHttpServer(handler?: (req: IncomingMessage, res: ServerResponse) => void): Promise<TestHttpServer>	createServer listen 0; default 200 OK; request helpers plus sse first-chunk and sseUntil	server	general	exists:createLoopback diff:owns createServer; get/post/raw/sse/sseUntil; captures req/res; string-only header copy
B1	tsea	tests/setupServer.ts:291	createServerContext	function	function createServerContext(): Server	new Server({ port: 0, timeout: 100 }) unstarted	core	specific	none
B1	tsea	tests/setupServer.ts:306	createStoppingServer	function	async function createStoppingServer(persist = false): Promise<{ readonly server: Server; readonly cleanup: () => void }>	Starts Server with never-responding /__hold, hanging GET, then stop({ persist })	server	specific	none
B1	tsea	tests/setupServer.ts:355	createCommandOptions	function	function createCommandOptions(overrides: Partial<CommandOptions> = {}): CommandOptions	Defaults id label description category empty parameters handler 'executed'	core	specific	none
B1	tsea	tests/setupServer.ts:374	createAssetContent	function	function createAssetContent(content: string): ArrayBuffer	TextEncoder UTF-8 bytes copied into a new ArrayBuffer	core	general	none
B1	tsea	tests/setupServer.ts:389	LiveServer	interface	interface LiveServer { readonly server: Server; readonly port: number; readonly cleanup: () => void }	Started tsea Server with port and force-stop cleanup	core	specific	none
B1	tsea	tests/setupServer.ts:405	createLiveServer	function	async function createLiveServer(routes?: readonly RouteInput[]): Promise<LiveServer>	Real timers, random port 9800-9899, /__hold plus routes, start, force-stop cleanup	server	specific	exists:createLoopback diff:constructs tsea Server on random port with /__hold; force stop+destroy
B1	middleware	tests/setupServer.ts:18	PNG_MAGIC	const	const PNG_MAGIC = Uint8Array.from([0x89, 0x50, 0x4e, 0x47, 0x0d, 0x0a, 0x1a, 0x0a])	Eight-byte PNG signature	core	general	none
B1	middleware	tests/setupServer.ts:21	JPEG_MAGIC	const	const JPEG_MAGIC = Uint8Array.from([0xff, 0xd8, 0xff])	Three-byte JPEG signature	core	general	none
B1	middleware	tests/setupServer.ts:24	AssetSourceFixtureInterface	interface	interface AssetSourceFixtureInterface { readonly source: AssetSourceInterface; readonly paths: readonly string[] }	In-memory AssetSourceInterface plus keys passed to read	core	specific	none
B1	middleware	tests/setupServer.ts:36	createAssetSource	function	function createAssetSource(assets: ReadonlyMap<string, Asset>, fallback?: Asset): AssetSourceFixtureInterface	source.read records path and returns map get or fallback	core	specific	none
B1	middleware	tests/setupServer.ts:55	StaticFixtureInterface	interface	interface StaticFixtureInterface { readonly scratch: ScratchInterface; readonly indexPath: string; readonly nestedPath: string; readonly dotfilePath: string; readonly binaryPath: string; readonly largePath: string; readonly reservedPath: string; readonly reservedLikePath: string }	Scratch plus known static-file paths	server	specific	none
B1	middleware	tests/setupServer.ts:88	buildStaticFixture	function	function buildStaticFixture(): StaticFixtureInterface	createScratch seeded html/env/css plus writeFileSync PNG and 200k file	server	specific	exists:createScratch diff:seeds createStatic tree; extra node:fs binary/large writes; Windows omits NUL.json
B1	middleware	tests/setupServer.ts:123	SymlinkFixtureInterface	interface	interface SymlinkFixtureInterface { readonly scratch: ScratchInterface; readonly insideTarget: string; readonly linkToInside: string; readonly linkToOutside: string; destroy(): void }	Scratch with in-root and out-of-root symlink paths	server	specific	none
B1	middleware	tests/setupServer.ts:150	buildSymlinkFixture	function	function buildSymlinkFixture(): SymlinkFixtureInterface	Two scratches; link inside.html in-root and secret.html outside; destroy both	server	specific	exists:createScratch diff:two scratches plus in-root and escape symlinks
B1	middleware	tests/setupServer.ts:178	DirectoryIndexFixtureInterface	interface	interface DirectoryIndexFixtureInterface { readonly scratch: ScratchInterface; readonly subdir: string; destroy(): void }	Scratch whose sub/index.html links outside	server	specific	none
B1	middleware	tests/setupServer.ts:202	buildDirectoryIndexFixture	function	function buildDirectoryIndexFixture(): DirectoryIndexFixtureInterface	Root link sub/index.html to outside secret.html; destroy both scratches	server	specific	exists:createScratch diff:two scratches; directory-index symlink escape
B1	middleware	tests/setupServer.ts:220	CancelTrackingRequestInterface	interface	interface CancelTrackingRequestInterface { readonly request: Request; readonly cancelled: { value: boolean } }	POST Request plus live cancelled flag	core	general	none
B1	middleware	tests/setupServer.ts:247	buildCancelTrackingMultipartRequest	function	function buildCancelTrackingMultipartRequest(parts: readonly MultipartPartInput[], boundary?: string, chunkSize = 64): CancelTrackingRequestInterface	Chunked ReadableStream Request; cancel() sets cancelled.value	core	general	none
B1	middleware	tests/setupServer.ts:282	MultipartPartInput	type	type MultipartPartInput = { readonly kind: 'field'; readonly name: string; readonly value: string } \| { readonly kind: 'file'; readonly name: string; readonly filename: string; readonly contentType?: string; readonly bytes: Uint8Array }	Discriminated field or file multipart part	core	general	none
B1	middleware	tests/setupServer.ts:310	buildMultipartBody	function	function buildMultipartBody(parts: readonly MultipartPartInput[], boundary = `test-boundary-${randomUUID()}`): { readonly body: Uint8Array; readonly contentType: string }	Encodes parts into one Uint8Array plus contentType with boundary	server	general	none
B1	middleware	tests/setupServer.ts:360	buildMultipartRequest	function	function buildMultipartRequest(parts: readonly MultipartPartInput[], boundary?: string): Request	POST Request with Blob body from buildMultipartBody	server	general	none
B1	elements	tests/setupServer.ts:40	WORKSPACE_ROOT	const	const WORKSPACE_ROOT = fileURLToPath(new URL('../', import.meta.url))	Absolute repo root string from this file's parent URL	server	general	exists:resolveRoot diff:returns filesystem string not a URL; does not call resolveRoot
B1	elements	tests/setupServer.ts:52	readScssPartials	function	function readScssPartials(...dirs: readonly string[]): Record<string, string>	readdirSync each dir; reads _*.scss into absolutePath-to-source map	server	general	none
B1	elements	tests/setupServer.ts:71	readAllStyleSources	function	function readAllStyleSources(): Record<string, string>	readScssPartials of src/styles/${layer} for each STYLE_LAYERS	server	specific	none
B1	elements	tests/setupServer.ts:80	readFactorySources	function	function readFactorySources(dir = 'src/browser/factories'): Record<string, string>	readdirSync create*.ts under dir into absolutePath-to-source map	server	specific	none
B1	elements	tests/setupServer.ts:96	readGuide	function	function readGuide(name: string): string	readFileSync guides/${name}.md utf8	server	specific	none
B1	elements	tests/setupServer.ts:106	readAllGuides	function	function readAllGuides(): Record<string, string>	Every guides/*.md keyed by basename without .md	server	specific	none
B1	elements	tests/setupServer.ts:126	readW3cElementCards	function	function readW3cElementCards(): Record<string, string>	Every guides/w3c/elements/*.md keyed by basename	server	specific	none
B1	elements	tests/setupServer.ts:146	readW3cCorpus	function	function readW3cCorpus(name: string): string	readFileSync guides/w3c/${name}.md utf8	server	specific	none
B1	elements	tests/setupServer.ts:157	readAllPages	function	function readAllPages(): Record<string, string>	Every app/browser/pages/*.vue keyed by basename without .vue	server	specific	none
B1	worker	tests/setupServer.ts:13	postRun	function	function postRun(thread: ThreadWorker, id: string, job: string, input: unknown): void	thread.postMessage({ id, job, command: 'run', input })	server	specific	none
B1	worker	tests/setupServer.ts:21	tempDatabasePath	function	function tempDatabasePath(): { readonly path: string; readonly cleanup: () => void }	createScratch worker-store-; path store.json; cleanup destroy	server	general	exists:createScratch diff:returns join(scratch.path,'store.json') plus destroy thunk
B1	worker	tests/setupServer.ts:30	NodeWorkerOptionsProbe	class	class NodeWorkerOptionsProbe<TInput, TResult> implements NodeWorkerOptions<TInput, TResult> { constructor(values: Required<NodeWorkerOptions<TInput, TResult>>, reads: RecorderInterface<readonly [property: keyof NodeWorkerOptions<TInput, TResult>]>); get script(): string \| URL; get input(); get result(); get workerData(); get concurrency(); get retries(); get timeout(); get store(); replace(values: Required<NodeWorkerOptions<TInput, TResult>>): void }	Getters record property reads then return stored values; replace swaps them	core	specific	none
B1	worker	tests/setupServer.ts:88	ThreadReply	class	class ThreadReply { constructor(thread: ThreadWorker, id: string); readonly promise: Promise<Readonly<Record<string, unknown>>> }	Resolves frozen matching id message; rejects on error/exit; detaches listeners	server	specific	none
B1	websocket	tests/setupServer.ts:39	duplexPair	function	function duplexPair(): readonly [Duplex, Duplex]	Two DuplexEnds over paired PassThroughs without error sinks	server	general	none
B1	websocket	tests/setupServer.ts:46	flushSocket	function	function flushSocket(): Promise<void>	Resolves after two nested setImmediate ticks	server	general	exists:waitForDelay diff:two setImmediate ticks not a millisecond timer
B1	websocket	tests/setupServer.ts:51	TestFrameOptions	interface	interface TestFrameOptions { readonly masked?: boolean; readonly fin?: boolean; readonly mask?: Buffer }	Encoder options plus explicit FIN and mask	server	general	none
B1	websocket	tests/setupServer.ts:58	randomBuffer	function	function randomBuffer(rng: () => number, length: number): Buffer	Buffer.alloc filled with floor(rng()*256) bytes	server	general	none
B1	websocket	tests/setupServer.ts:65	frame	function	function frame(opcode: number, payload: Buffer \| string, options?: TestFrameOptions): Buffer	encodeWebSocketFrame then clears FIN bit when options.fin is false	server	specific	none
B1	websocket	tests/setupServer.ts:81	readClientFrames	function	function readClientFrames(client: Duplex): { readonly frames: readonly WebSocketFrame[] }	Strips HTTP handshake then parseWebSocketFrame into growing frames	server	general	none
B1	contract	tests/setupServer.ts:27	requestWeakReferenceCollection	function	async function requestWeakReferenceCollection(references: ReadonlyArray<WeakRef<object>>): Promise<void>	Exposes gc via vm; up to 40 rounds of setImmediate, 2000×4KiB pressure, gc; restores flag	server	general	none
B1	contract	tests/setupServer.ts:50	createForeignRegExp	function	function createForeignRegExp(source: string, flags = ''): unknown	runInNewContext('new RegExp(source, flags)', { flags, source })	server	general	none
B1	contract	tests/setupServer.ts:59	createForeignStringShape	function	function createForeignStringShape(): unknown	runInNewContext("({ type: 'string' })")	server	general	none
B1	contract	tests/setupServer.ts:79	createForeignPrototype	function	function createForeignPrototype(): object	runInNewContext('Object.prototype'); throws if not a non-null object	server	general	none
B1	contract	tests/setupServer.ts:97	createForeignRecord	function	function createForeignRecord(): unknown	runInNewContext('({ value: 1 })')	server	general	none
B1	probe	tests/setupServer.ts:38	REFUSED_RUNTIME_TARGETS	const	const REFUSED_RUNTIME_TARGETS: boolean = probeRefusedTargets()	True when creating a 300-x name fails ENAMETOOLONG, ERR_INVALID_ARG_VALUE, or ENOENT with live parent	server	general	none
B1	probe	tests/setupServer.ts:64	DIRECTORY_LINKS	const	const DIRECTORY_LINKS: boolean = probeDirectoryLinks()	True when dir or junction symlinkSync yields lstatSync isSymbolicLink	server	general	none
B1	process	tests/setupServer.ts:9	resolveChildFixture	function	function resolveChildFixture(): string	join(process.cwd(), 'tests', 'src', 'server', 'fixtures', 'child.mjs')	server	specific	none
B1	process	tests/setupServer.ts:20	childCommand	function	function childCommand(mode: string, detail?: string): ProcessCommand	{ file: process.execPath, arguments: [child.mjs, mode, optional detail] }	server	specific	none
B1	guide	tests/setupServer.ts:14	requireText	function	function requireText(files: Readonly<Record<string, string>>, relative: string): string	requireValue(files[relative], `Missing file: ${relative}`)	core	general	exists:requireValue diff:indexes a record key then requireValue with Missing file message
B2	scsr	tests/setupServer.ts:69	TestSchema	type	export type TestSchema = { users: { id: string; name: string; email: string; age: number }; posts: { id: string; title: string; authorId: string; published: number } }	Names users and posts row shapes for scsr test databases.	core	specific	none
B2	scsr	tests/setupServer.ts:74	TEST_TABLES	const	export const TEST_TABLES: TableDefinitions<TestSchema>	Column, index, and FK definitions matching TestSchema.	core	specific	none
B2	scsr	tests/setupServer.ts:101	ALICE	const	export const ALICE = { id: 'u1', name: 'Alice', email: 'alice@test.com', age: 30 }	Fixture users row for Alice.	core	specific	none
B2	scsr	tests/setupServer.ts:102	BOB	const	export const BOB = { id: 'u2', name: 'Bob', email: 'bob@test.com', age: 25 }	Fixture users row for Bob.	core	specific	none
B2	scsr	tests/setupServer.ts:103	CAROL	const	export const CAROL = { id: 'u3', name: 'Carol', email: 'carol@test.com', age: 35 }	Fixture users row for Carol.	core	specific	none
B2	scsr	tests/setupServer.ts:110	createTestDatabase	function	export function createTestDatabase(options?: { readonly on?: EmitterHooks<DatabaseEventMap> }): DatabaseInterface<TestSchema>	Returns in-memory SqliteDriver database named test with TEST_TABLES.	core	specific	none
B2	scsr	tests/setupServer.ts:123	seed	function	export async function seed(db: DatabaseInterface<TestSchema>): Promise<void>	Writes ALICE/BOB/CAROL and three posts into db tables.	core	specific	none
B2	scsr	tests/setupServer.ts:134	createTestSqliteDriver	function	export async function createTestSqliteDriver(): Promise<SqliteDriver>	Connects memory SqliteDriver and executes compiled users driver table.	core	specific	none
B2	scsr	tests/setupServer.ts:149	allocatePort	function	export function allocatePort(): number	Returns then increments module counter starting at 19000.	core	general	none
B2	scsr	tests/setupServer.ts:153	createTempPath	function	export function createTempPath(prefix = 'server-test', extension = '.json'): string	Joins os tmpdir with prefix, Date.now, counter, and extension.	server	general	exists:createScratch diff:returns tmp file path string not owned ScratchInterface
B2	scsr	tests/setupServer.ts:158	createTempTreePath	function	export function createTempTreePath(prefix = 'server-test', fileName = 'data.json'): string	Joins tmpdir with prefix-timestamp-counter, nested, and fileName.	server	general	exists:createScratch diff:returns nested file path under directories not created
B2	scsr	tests/setupServer.ts:163	destroyPath	function	export async function destroyPath(path: string): Promise<void>	Awaits fs.promises.rm recursive force and ignores thrown errors.	server	general	exists:removeTree diff:async promises.rm swallowing all errors without retryable-code loop
B2	scsr	tests/setupServer.ts:177	createIncomingMessage	function	export function createIncomingMessage(overrides?: Partial<Pick<IncomingMessage, 'url' \| 'method' \| 'headers'>>): IncomingMessage	Constructs HttpIncomingMessage on Socket, sets fields, destroys socket.	server	general	none
B2	scsr	tests/setupServer.ts:207	createServerResponse	function	export function createServerResponse(): TestResponse	Assigns writeHead/setHeader/end onto Writable capturing status headers body.	server	general	none
B2	scsr	tests/setupServer.ts:261	responseBody	function	export function responseBody(response: ServerResponse): string	Returns _body when TestResponse, else empty string.	core	general	none
B2	scsr	tests/setupServer.ts:269	responseStatus	function	export function responseStatus(response: ServerResponse): number	Returns _statusCode when TestResponse, else 200.	core	general	none
B2	scsr	tests/setupServer.ts:289	responseRecord	function	export function responseRecord(response: ServerResponse): Record<string, unknown>	Parses JSON envelope data and throws unless it is a record.	core	specific	none
B2	scsr	tests/setupServer.ts:297	responseList	function	export function responseList(response: ServerResponse): { readonly items: readonly unknown[]; readonly total: number }	Parses envelope data and throws unless items array and numeric total.	core	specific	none
B2	scsr	tests/setupServer.ts:316	responseHeaders	function	export function responseHeaders(response: ServerResponse): Record<string, string>	Returns _headers when TestResponse, else empty object.	core	general	none
B2	scsr	tests/setupServer.ts:327	createTestServer	function	export function createTestServer(): ServerInterface	Constructs Server with port 0 and timeout 1000.	core	specific	none
B2	scsr	tests/setupServer.ts:337	createHandlerContext	function	export function createHandlerContext(method = 'GET', url = '/', overrides?: Partial<RouteHandlerContext>): RouteHandlerContext	Builds RouteHandlerContext from fake req/res, test server, and overrides.	server	specific	none
B2	scsr	tests/setupServer.ts:354	createAppRouteContext	function	export function createAppRouteContext(app: AppContext, options?: { readonly body?: unknown; readonly method?: string; readonly params?: Record<string, string>; readonly query?: Record<string, string>; readonly url?: string }): RouteHandlerContext	Calls createHandlerContext putting app on state with body params query.	server	specific	none
B2	scsr	tests/setupServer.ts:372	withAppContext	function	export async function withAppContext<T>(execute: (app: AppContext) => Promise<T>, prefix = 'app-handler'): Promise<T>	Creates AppContext on temp db path, runs execute, destroys db and path.	server	specific	exists:createScratch diff:app context plus temp .db path lifecycle not ScratchInterface
B2	scsr	tests/setupServer.ts:387	seedAccount	function	export async function seedAccount(app: AppContext, options?: { readonly id?: string; readonly name?: string })	Builds seeded commercial account and writes it to accounts table.	core	specific	none
B2	scsr	tests/setupServer.ts:405	seedLocation	function	export async function seedLocation(app: AppContext, accountId: string)	Writes Miami FL location row for accountId into locations.	core	specific	none
B2	scsr	tests/setupServer.ts:411	seedPolicy	function	export async function seedPolicy(app: AppContext, accountId: string, options?: { readonly policyNumber?: string })	Writes active policy row for accountId into policies.	core	specific	none
B2	scsr	tests/setupServer.ts:429	seedSubmission	function	export async function seedSubmission(app: AppContext, accountId: string)	Writes status-new submission row for accountId into submissions.	core	specific	none
B2	scsr	tests/setupServer.ts:435	seedQuote	function	export async function seedQuote(app: AppContext, accountId: string)	Writes quote_number QT-1 row for accountId into quotes.	core	specific	none
B2	scsr	tests/setupServer.ts:441	seedRepresentative	function	export async function seedRepresentative(app: AppContext)	Writes Jamie Agent representative row into representatives.	core	specific	none
B2	scsr	tests/setupServer.ts:458	createTestSession	function	export function createTestSession(data: Record<string, unknown> = {}, id = 'test-id', ttl = 3600): { session: Session; store: SessionStore }	Constructs SessionStore and Session with given id data ttl.	core	specific	none
B2	scsr	tests/setupServer.ts:473	createTestFile	function	export function createTestFile(content = 'file-content', errors: string[] = [], field = 'avatar', name = 'photo.png', mime = 'image/png'): UploadedFile	Builds UploadedFile from Buffer content and tmpdir tempPath.	server	specific	none
B2	scsr	tests/setupServer.ts:487	RelationSchema	type	export type RelationSchema = { accounts: { id: string; name: string; classificationId: string }; contacts: { id: string; name: string; accountId: string }; classifications: { id: string; label: string }; submissions: { id: string; title: string; accountId: string }; policies: { id: string; number: string; submissionId: string }; notes: { id: string; content: string; entityId: string; entityType: string }; account_reps: { id: string; accountId: string; repId: string }; reps: { id: string; name: string } }	Names relation-fixture table row shapes.	core	specific	none
B2	scsr	tests/setupServer.ts:561	ACCOUNT_ACME	const	export const ACCOUNT_ACME = { id: 'acc1', name: 'Acme Corp', classificationId: 'cls1' }	Fixture accounts row Acme Corp.	core	specific	none
B2	scsr	tests/setupServer.ts:562	ACCOUNT_GLOBEX	const	export const ACCOUNT_GLOBEX = { id: 'acc2', name: 'Globex Inc', classificationId: 'cls2' }	Fixture accounts row Globex Inc.	core	specific	none
B2	scsr	tests/setupServer.ts:564	CONTACT_JOHN	const	export const CONTACT_JOHN = { id: 'con1', name: 'John', accountId: 'acc1' }	Fixture contacts row John on acc1.	core	specific	none
B2	scsr	tests/setupServer.ts:566	CONTACT_MIKE	const	export const CONTACT_MIKE = { id: 'con3', name: 'Mike', accountId: 'acc2' }	Fixture contacts row Mike on acc2.	core	specific	none
B2	scsr	tests/setupServer.ts:568	SUBMISSION_ONE	const	export const SUBMISSION_ONE = { id: 'sub1', title: 'Renewal 2025', accountId: 'acc1' }	Fixture submissions row Renewal 2025.	core	specific	none
B2	scsr	tests/setupServer.ts:569	SUBMISSION_TWO	const	export const SUBMISSION_TWO = { id: 'sub2', title: 'New Business', accountId: 'acc2' }	Fixture submissions row New Business.	core	specific	none
B2	scsr	tests/setupServer.ts:600	createRelationDatabase	function	export function createRelationDatabase(): DatabaseInterface<RelationSchema>	Returns in-memory database named relation-test with RELATION_TABLES.	core	specific	none
B2	scsr	tests/setupServer.ts:610	seedRelations	function	export async function seedRelations(db: DatabaseInterface<RelationSchema>): Promise<void>	Writes classifications accounts contacts submissions policies notes reps junctions.	core	specific	none
B2	scsr	tests/setupServer.ts:622	createRelationTestManager	function	export async function createRelationTestManager(): Promise<{ readonly database: DatabaseInterface<RelationSchema>; readonly manager: RelationManagerInterface }>	Seeds relation database then define()s belongsTo hasMany morph and through relations.	core	specific	none
B2	scsr	tests/setupServer.ts:679	launchTestBrowser	function	export async function launchTestBrowser(): Promise<BrowserInterface>	createBrowser headless no-sandbox optional CHROME_EXECUTABLE_PATH then connect.	core	specific	none
B2	scsr	tests/setupServer.ts:695	createTestContext	function	export async function createTestContext(browser: BrowserInterface): Promise<BrowserContextInterface>	Returns existing context or browser.create() then context, else throws.	core	specific	none
B2	scsr	tests/setupServer.ts:713	jsonRpcRequest	function	export function jsonRpcRequest(method: string, id: number \| string, params?: Record<string, unknown>): string	JSON.stringify jsonrpc 2.0 method id and optional params.	core	general	none
B2	scsr	tests/setupServer.ts:727	jsonRpcNotification	function	export function jsonRpcNotification(method: string): string	JSON.stringify jsonrpc 2.0 method object without id.	core	general	none
B2	scsr	tests/setupServer.ts:737	TestDir	interface	export interface TestDir { readonly root: string; readonly sandbox: SandboxInterface }	Root path plus SandboxInterface for sandbox-backed temp dirs.	core	specific	none
B2	scsr	tests/setupServer.ts:748	createTestDir	function	export async function createTestDir(files: Record<string, string> = {}): Promise<TestDir>	createSandbox without node_modules symlink then writes each relative file.	core	specific	exists:createScratch diff:SandboxInterface and async writes not ScratchInterface
B2	scsr	tests/setupServer.ts:757	destroyTestDir	function	export async function destroyTestDir(dir: TestDir): Promise<void>	Awaits dir.sandbox.destroy().	core	specific	exists:destroyScratch diff:single sandbox.destroy without retry budget
B2	scsr	tests/setupServer.ts:768	withTestDir	function	export async function withTestDir<T>(files: Record<string, string>, fn: (dir: TestDir) => Promise<T> \| T): Promise<T>	createTestDir, runs fn, destroyTestDir in finally.	core	specific	exists:createScratch diff:async SandboxInterface wrapper not ScratchInterface
B2	scsr	tests/setupServer.ts:781	createSealOptions	function	export function createSealOptions(overrides?: Partial<SealOptions>): SealOptions	Defaults name seal-test entry entry.cjs output dist then spreads overrides.	core	specific	none
B2	scsr	tests/setupServer.ts:791	createInjectorOptions	function	export function createInjectorOptions(options: { readonly executable: string; readonly blob: string; readonly resource?: string; readonly fuse?: string; readonly overwrite?: boolean; readonly macho?: InjectorOptions['macho'] }): InjectorOptions	Copies fields, defaulting resource to NODE_SEA_BLOB, including undefined optionals.	core	specific	none
B2	scsr	tests/setupServer.ts:810	readFromDisk	function	export function readFromDisk(dir: string, relativePath: string): string	readFileSync utf-8 of nodePath.join(dir, relativePath).	server	general	exists:readInventory diff:one relative utf-8 read no walk or exclusion
B2	scsr	tests/setupServer.ts:815	existsOnDisk	function	export function existsOnDisk(dir: string, relativePath: string): boolean	existsSync of nodePath.join(dir, relativePath).	server	general	none
B2	scsr	tests/setupServer.ts:820	testDef	function	export function testDef(id: string, value: number): QuantitativeDefinition	Returns quantitative def with one static-value factor group summing.	core	specific	none
B2	scsr	tests/setupServer.ts:838	testEntry	function	export function testEntry(id: string, value: number): { id: string; data: Record<string, unknown> }	Copies testDef fields into data record keyed by id.	core	specific	none
B2	scsr	tests/setupServer.ts:851	writeJson	function	export function writeJson(dir: string, filename: string, content: unknown): void	writeFileSync JSON.stringify content at join(dir, filename).	server	general	none
B2	scsr	tests/setupServer.ts:856	storesFor	function	export function storesFor(...dirs: { path: string; writable?: boolean }[]): MCPStoreManager	new MCPStoreManager then create() for each dir.	core	specific	none
B2	scsr	tests/setupServer.ts:865	quantitativeValue	function	export function quantitativeValue(result: unknown): number	Throws unless record type quantitative and value is number; returns value.	core	specific	none
B2	scsr	tests/setupServer.ts:876	writeJsDef	function	export function writeJsDef(dir: string, filename: string, id: string, value: number): void	Writes JS file exporting default quantitative object with static value.	server	specific	none
B2	scsr	tests/setupServer.ts:894	writeJsProviderDef	function	export function writeJsProviderDef(dir: string, filename: string, id: string, value: number): void	Writes JS file exporting default function returning quantitative object.	server	specific	none
B2	scsr	tests/setupServer.ts:914	writeInvalidJsDef	function	export function writeInvalidJsDef(dir: string, filename: string): void	Writes JS default export { foo: "bar" }.	server	specific	none
B2	scsr	tests/setupServer.ts:920	writeNoDefaultJs	function	export function writeNoDefaultJs(dir: string, filename: string): void	Writes JS named export const x = 42.	server	specific	none
B2	scsr	tests/setupServer.ts:926	writeBrokenJs	function	export function writeBrokenJs(dir: string, filename: string): void	Writes JS with syntactically invalid default export.	server	specific	none
B2	scsr	tests/setupServer.ts:934	parseJsonRpcBody	function	export function parseJsonRpcBody(init: RequestInit \| undefined): unknown	JSON.parse string body or empty string.	core	general	none
B2	scsr	tests/setupServer.ts:940	extractHeaders	function	export function extractHeaders(init: RequestInit \| undefined): Record<string, string>	Copies string header entries from object headers; else {}.	core	general	none
B2	scsr	tests/setupServer.ts:955	createServerFetch	function	export function createServerFetch(server: MCPServerInterface): { fetch: typeof globalThis.fetch; sessionId: string; calls: { method: string; url: string; headers: Record<string, string> }[] }	Returns fetch that records calls and dispatches JSON-RPC to server.handle.	core	specific	none
B2	scsr	tests/setupServer.ts:1046	readOutput	function	export function readOutput(output: PassThrough): string	Reads all PassThrough chunks and stripAnsi concatenates utf8.	server	specific	exists:collect diff:sync PassThrough.read loop plus stripAnsi not async iterable
B2	scsr	tests/setupServer.ts:1057	createTestTerminal	function	export function createTestTerminal(): { terminal: TerminalFormInterface; input: PassThrough; output: PassThrough }	new Terminal on two PassThrough streams and returns them.	server	specific	none
B2	scsr	tests/setupServer.ts:1260	jsonRpcResponse	function	export function jsonRpcResponse(id: string \| number \| null, result: unknown): JsonRpcResponse	Returns { jsonrpc: '2.0', id, result }.	core	specific	none
B2	scsr	tests/setupServer.ts:1266	mcpPostRequest	function	export function mcpPostRequest(body: unknown, headers?: Record<string, string>): Request	POST Request to http://localhost/mcp JSON Accept json and event-stream.	core	specific	none
B2	scsr	tests/setupServer.ts:1279	mcpGetRequest	function	export function mcpGetRequest(headers?: Record<string, string>): Request	GET Request to http://localhost/mcp Accept text/event-stream.	core	specific	none
B2	scsr	tests/setupServer.ts:1290	mcpDeleteRequest	function	export function mcpDeleteRequest(headers?: Record<string, string>): Request	DELETE Request to http://localhost/mcp with given headers.	core	specific	none
B2	scsr	tests/setupServer.ts:1298	readJsonBody	function	export async function readJsonBody(response: Response): Promise<unknown>	JSON.parse of await response.text().	core	general	none
B2	scsr	tests/setupServer.ts:1309	readSSEEvents	function	export async function readSSEEvents(response: Response, timeoutMs = 2000): Promise<readonly JsonRpcMessage[]>	Reads SSE data lines, parseJsonRpcMessage, races timeout, skips malformed.	core	specific	exists:collectStream diff:SSE framing JSON-RPC parse timeout skip-malformed not generic drain
B2	scsr	tests/setupServer.ts:1374	readSSEEventsWithIds	function	export async function readSSEEventsWithIds(response: Response, timeoutMs = 2000): Promise<readonly SSEEventWithId[]>	Same SSE reader also capturing id: lines beside data.	core	specific	exists:collectStream diff:captures SSE event ids plus JSON-RPC with timeout
B2	scsr	tests/setupServer.ts:1450	HTTPClientTransportHarness	interface	export interface HTTPClientTransportHarness { readonly url: string; readonly requests: readonly HTTPClientTransportRequest[]; readonly count: number; readonly last: HTTPClientTransportRequest \| undefined; enqueue(response: HTTPClientTransportResponse): void; cleanup(): Promise<void> }	Queued HTTP fixture with captured requests and cleanup.	core	general	none
B2	scsr	tests/setupServer.ts:1484	createHTTPClientTransportHarness	function	export async function createHTTPClientTransportHarness(): Promise<HTTPClientTransportHarness>	Loopback HTTP server shifting queued responses; url ends /mcp; captures requests.	server	specific	exists:createLoopback diff:scripted queued responses and request log not bare bind
B2	scsr	tests/setupServer.ts:1544	createJSONTransportResponse	function	export function createJSONTransportResponse(body: unknown, headers?: Record<string, string>, status = 200): HTTPClientTransportResponse	Status JSON Content-Type headers and JSON.stringify body.	core	general	none
B2	scsr	tests/setupServer.ts:1559	createSSETransportResponse	function	export function createSSETransportResponse(events: readonly unknown[], headers?: Record<string, string>): HTTPClientTransportResponse	Status 200 event-stream body of event: message data JSON blocks.	core	general	none
B2	scsr	tests/setupServer.ts:1574	createAcceptedTransportResponse	function	export function createAcceptedTransportResponse(headers?: Record<string, string>): HTTPClientTransportResponse	Returns status 202 with optional headers, no body.	core	general	none
B2	scsr	tests/setupServer.ts:1583	createThrownFetch	function	export function createThrownFetch(error: unknown): typeof globalThis.fetch	Returns fetch that Promise.reject(error) ignoring arguments.	core	general	none
B2	scsr	tests/setupServer.ts:1603	OllamaTestServer	interface	export interface OllamaTestServer { readonly url: string; readonly requests: readonly OllamaRequestRecord[]; enqueue(response: OllamaResponseRecord): void; cleanup(): Promise<void> }	Queued Ollama HTTP fixture with captured JSON requests.	core	specific	none
B2	scsr	tests/setupServer.ts:1610	createOllamaTestServer	function	export async function createOllamaTestServer(): Promise<OllamaTestServer>	Loopback server parsing JSON bodies, shifting queued status/body/chunks/delay/pending.	server	specific	exists:createLoopback diff:JSON request capture and chunked delayed pending responses
B2	scsr	tests/setupServer.ts:1674	createOllamaJSONResponse	function	export function createOllamaJSONResponse(body: unknown, status = 200, headers?: Record<string, string>): OllamaResponseRecord	Status JSON Content-Type and JSON.stringify body.	core	specific	none
B2	scsr	tests/setupServer.ts:1689	createOllamaNDJSONResponse	function	export function createOllamaNDJSONResponse(lines: readonly unknown[], options?: { readonly status?: number; readonly headers?: Record<string, string>; readonly delay?: number; readonly pending?: boolean }): OllamaResponseRecord	NDJSON Content-Type chunks as stringify(line)+newline with delay pending.	core	specific	none
B2	scsr	tests/setupServer.ts:1710	WEBSOCKET_TEST_TIMEOUT	const	export const WEBSOCKET_TEST_TIMEOUT = 5_000	Numeric 5000 millisecond timeout constant.	core	general	none
B2	scsr	tests/setupServer.ts:1723	createMaskedTextFrame	function	export function createMaskedTextFrame(text: string): Buffer	Builds masked opcode 0x81 frame with 4-byte mask xor payload.	server	general	none
B2	scsr	tests/setupServer.ts:1768	createMaskedCloseFrame	function	export function createMaskedCloseFrame(code = 1000, reason = ''): Buffer	Builds masked opcode 0x88 frame with 2-byte code plus reason.	server	general	none
B2	scsr	tests/setupServer.ts:1793	createMaskedPingFrame	function	export function createMaskedPingFrame(payload = ''): Buffer	Builds masked opcode 0x89 frame with xor-masked payload.	server	general	none
B2	scsr	tests/setupServer.ts:1813	parseServerFrame	function	export function parseServerFrame(data: Buffer): TestWebSocketFrame \| undefined	Parses unmasked 2/16/64-bit length frame into opcode and payload.	core	general	none
B2	scsr	tests/setupServer.ts:1853	readSocket	function	export function readSocket(socket: Socket, timeout = WEBSOCKET_TEST_TIMEOUT): Promise<Buffer>	Promises first data chunk or timeout/error after off listeners.	server	general	exists:waitForEvent diff:socket once data/error plus timeout not EventSubscriber
B2	scsr	tests/setupServer.ts:1879	closeHttpServer	function	export async function closeHttpServer(server: HttpServer): Promise<void>	closeAllConnections then awaits server.close callback.	server	general	exists:createLoopback diff:close-only no bind; destroy also treats ERR_SERVER_NOT_RUNNING
B2	scsr	tests/setupServer.ts:1887	createUpgradeServer	function	export async function createUpgradeServer(): Promise<{ readonly http: HttpServer; readonly port: number }>	HTTP server 404 handler listen 0 on 127.0.0.1 returning port.	server	general	exists:createLoopback diff:always 404 listener no LoopbackInterface.destroy
B2	scsr	tests/setupServer.ts:1907	connectNodeWebSocket	function	export function connectNodeWebSocket(options: { readonly server: HttpServer; readonly port: number; readonly path?: string; readonly subprotocol?: string; readonly upgrade?: WebSocketUpgradeOptions; readonly accept?: (socket: NodeWebSocketInterface, request: IncomingMessage) => void }): Promise<TestNodeWebSocketConnection>	once upgrade via createWebSocketUpgradeHandler; client handshake; timeout WEBSOCKET_TEST_TIMEOUT.	server	specific	none
B2	scsr	tests/setupServer.ts:1969	writeStdinRequest	function	export function writeStdinRequest(stdin: PassThrough, method: string, id: number \| string, params?: Record<string, unknown>): void	Writes JSON-RPC request JSON plus newline onto PassThrough.	server	general	none
B2	scsr	tests/setupServer.ts:1985	writeStdinNotification	function	export function writeStdinNotification(stdin: PassThrough, method: string): void	Writes JSON-RPC notification JSON plus newline onto PassThrough.	server	general	none
B2	scsr	tests/setupServer.ts:1990	collectOutput	function	export function collectOutput(stdout: PassThrough): string[]	Subscribes data listener pushing chunk.toString() into returned array.	server	general	exists:collect diff:live PassThrough data strings not drained AsyncIterable
B2	sea	tests/setupServer.ts:23	WORKSPACE_ROOT	const	export const WORKSPACE_ROOT = fileURLToPath(resolveRoot(import.meta))	File-path string of resolveRoot(import.meta).	server	general	exists:resolveRoot diff:precomputed file path const vs URL-returning function
B2	sea	tests/setupServer.ts:38	withTestDir	function	export async function withTestDir<T>(files: Record<string, string>, fn: (scratch: ScratchInterface) => Promise<T> \| T): Promise<T>	createScratch prefix sea-test- with files, fn, scratch.destroy in finally.	core	general	exists:createScratch diff:allocate/use/sync-destroy callback wrapper
B2	sea	tests/setupServer.ts:57	createSEAOptions	function	export function createSEAOptions(overrides?: Partial<SEAOptions>): SEAOptions	Defaults name seal-test entry { path: 'entry.cjs' } output dist plus overrides.	core	specific	none
B2	sea	tests/setupServer.ts:70	createInjectorOptions	function	export function createInjectorOptions(options: { readonly executable: string; readonly blob: string; readonly resource?: string; readonly fuse?: string; readonly overwrite?: boolean; readonly macho?: InjectorOptions['macho'] }): InjectorOptions	Copies fields defaulting resource; spreads fuse overwrite macho only if defined.	core	specific	none
B2	sea	tests/setupServer.ts:95	PeFixtureOptions	interface	export interface PeFixtureOptions { readonly plus?: boolean; readonly resources?: boolean; readonly cert?: number }	Flags for PE32+ existing .rsrc and Authenticode overlay size.	core	specific	none
B2	sea	tests/setupServer.ts:160	buildPeFixture	function	export function buildPeFixture(options?: PeFixtureOptions): Buffer	Allocates PE DOS/COFF/optional/.text and optional .rsrc plus cert overlay.	core	specific	none
B2	sea	tests/setupServer.ts:289	PeResourceLeaf	interface	export interface PeResourceLeaf { readonly typeId: number; readonly typeName: string \| undefined; readonly nameId: number; readonly nameName: string \| undefined; readonly language: number; readonly codePage: number; readonly data: Buffer }	One parsed PE resource directory leaf.	core	specific	none
B2	sea	tests/setupServer.ts:345	parsePeResourceLeaves	function	export function parsePeResourceLeaves(buf: Buffer, sectionName: string): readonly PeResourceLeaf[]	Walks named section resource tree into leaves with RVA-to-file data.	core	specific	none
B2	sea	tests/setupServer.ts:425	ElfProgramHeader	interface	export interface ElfProgramHeader { readonly type: number; readonly flags: number; readonly offset: number; readonly vaddr: number; readonly paddr: number; readonly filesz: number; readonly memsz: number; readonly align: number }	ELF64 program header fields.	core	specific	none
B2	sea	tests/setupServer.ts:452	buildElfFixture	function	export function buildElfFixture(): Buffer	Allocates ELF64 LE ET_EXEC with PT_PHDR and two PT_LOAD headers.	core	specific	none
B2	sea	tests/setupServer.ts:519	parseElfProgramHeaders	function	export function parseElfProgramHeaders(buf: Buffer): readonly ElfProgramHeader[]	Reads e_phoff e_phentsize e_phnum and each 56-byte phdr.	core	specific	none
B2	sea	tests/setupServer.ts:542	ElfNote	interface	export interface ElfNote { readonly header: ElfProgramHeader; readonly name: string; readonly descsz: number; readonly descriptor: Buffer }	Active PT_NOTE name and descriptor slice.	core	specific	none
B2	sea	tests/setupServer.ts:554	findElfNotes	function	export function findElfNotes(buf: Buffer, namePrefix: string): readonly ElfNote[]	Filters PT_NOTE headers whose note name starts with namePrefix.	core	specific	none
B2	sea	tests/setupServer.ts:627	MachoFixtureOptions	interface	export interface MachoFixtureOptions { readonly tightHeaders?: boolean }	When true places sections flush against load-command table.	core	specific	none
B2	sea	tests/setupServer.ts:639	buildMachoFixture	function	export function buildMachoFixture(options?: MachoFixtureOptions): Buffer	Thin Mach-O 64 with __TEXT __DATA __LINKEDIT LC_SYMTAB LC_DYSYMTAB.	core	specific	none
B2	sea	tests/setupServer.ts:753	buildFatMachoFixture	function	export function buildFatMachoFixture(): Buffer	32-byte buffer FAT_MAGIC 0xcafebabe and nfat_arch 1.	core	specific	none
B2	sea	tests/setupServer.ts:761	MachoLoadCommand	interface	export interface MachoLoadCommand { readonly cmd: number; readonly size: number; readonly offset: number }	Raw load-command header cmd size file offset.	core	specific	none
B2	sea	tests/setupServer.ts:768	parseMachoLoadCommands	function	export function parseMachoLoadCommands(buf: Buffer): readonly MachoLoadCommand[]	Walks ncmds from offset 32 stepping by each command size.	core	specific	none
B2	sea	tests/setupServer.ts:782	MachoSegment	interface	export interface MachoSegment { readonly name: string; readonly vmaddr: bigint; readonly vmsize: bigint; readonly fileoff: number; readonly filesize: number; readonly nsects: number; readonly offset: number }	Parsed LC_SEGMENT_64 fields.	core	specific	none
B2	sea	tests/setupServer.ts:798	parseMachoSegments	function	export function parseMachoSegments(buf: Buffer): readonly MachoSegment[]	Filters LC_SEGMENT_64 commands mapping name vmaddr vmsize fileoff nsects.	core	specific	none
B2	sea	tests/setupServer.ts:813	MachoSection	interface	export interface MachoSection { readonly name: string; readonly segment: string; readonly addr: bigint; readonly size: bigint; readonly offset: number }	Parsed section-table entry.	core	specific	none
B2	sea	tests/setupServer.ts:822	findMachoSection	function	export function findMachoSection(buf: Buffer, segmentName: string, sectionName: string): MachoSection \| undefined	Finds named section inside named LC_SEGMENT_64 or undefined.	core	specific	none
B2	browser	tests/setupServer.ts:23	reservePort	function	export async function reservePort(): Promise<number>	Binds net server 127.0.0.1:0, reads port, closes, returns port.	server	general	exists:createLoopback diff:closes immediately returning only the number
B2	browser	tests/setupServer.ts:34	readServerPort	function	export function readServerPort(server: NetServer): number	Returns address().port or throws if address is not object.	server	general	none
B2	browser	tests/setupServer.ts:50	isProcessAlive	function	export function isProcessAlive(pid: number): boolean	process.kill(pid, 0); true on success, false on throw.	core	general	exists:isRunning diff:no Linux /proc zombie state filter
B2	browser	tests/setupServer.ts:66	waitForProcessExit	function	export function waitForProcessExit(pid: number, timeout = 5000): Promise<void>	waitForCondition until !isProcessAlive with timeout 50ms interval.	core	general	exists:waitForCondition diff:pid-exit wrapper; setup.js (fn, timeout, interval) not description+options
B2	browser	tests/setupServer.ts:73	createTempDirectory	function	export function createTempDirectory(prefix = 'orkestrel-browser-test-'): ScratchInterface	createScratch then teardown.add destroy; returns scratch.	core	general	exists:createScratch diff:registers destroy on module-level createTeardown list
B2	browser	tests/setupServer.ts:80	destroyTempDirectories	function	export function destroyTempDirectories(): Promise<void>	Returns tempDirectoryTeardown.destroy().	core	general	exists:createTeardown diff:singleton destroy of registered scratches no add export
B2	browser	tests/setupServer.ts:85	StallServerInterface	interface	export interface StallServerInterface { readonly endpoint: string; close(): Promise<void> }	Endpoint string and close for stalling TCP fixture.	core	general	none
B2	browser	tests/setupServer.ts:91	createStallServer	function	export async function createStallServer(): Promise<StallServerInterface>	new StallServer, await start, return instance.	server	specific	none
B2	browser	tests/setupServer.ts:98	StallServer	class	export class StallServer implements StallServerInterface { constructor(); get endpoint(): string; start(): Promise<void>; close(): Promise<void> }	Net server holding accepted sockets; endpoint ws://127.0.0.1:port/cdp.	server	specific	none
B2	browser	tests/setupServer.ts:139	TCPProxyInterface	interface	export interface TCPProxyInterface { start(host: string, port: number): Promise<void>; stop(): Promise<void> }	Start/stop for restartable TCP proxy.	core	general	none
B2	browser	tests/setupServer.ts:145	createTCPProxy	function	export function createTCPProxy(port: number): TCPProxyInterface	Returns new TCPProxy(port).	server	general	none
B2	browser	tests/setupServer.ts:150	TCPProxy	class	export class TCPProxy implements TCPProxyInterface { constructor(port: number); start(host: string, port: number): Promise<void>; stop(): Promise<void> }	Listens local port piping each client to host:port; stop destroys sockets.	server	general	none
B2	browser	tests/setupServer.ts:203	CDPServerReceived	interface	export interface CDPServerReceived { readonly id: number; readonly method: string; readonly params: Readonly<Record<string, unknown>> \| undefined }	Recorded CDP JSON-RPC request frame.	core	specific	none
B2	browser	tests/setupServer.ts:210	CDPServerReplyHandler	type	export type CDPServerReplyHandler = (params: Readonly<Record<string, unknown>>) => unknown	Function computing scripted CDP auto-reply from params.	core	specific	none
B2	browser	tests/setupServer.ts:219	CDPTestServerInterface	interface	export interface CDPTestServerInterface { readonly port: number; readonly url: string; readonly endpoint: string; readonly received: readonly CDPServerReceived[]; readonly sockets: number; list(targets: readonly unknown[]): void; script(method: string, result: unknown \| CDPServerReplyHandler): void; reply(id: number, result: unknown): void; fail(id: number, message: string): void; event(method: string, params?: Readonly<Record<string, unknown>>, sessionId?: string): void; hang(enabled: boolean): void; close(): Promise<void> }	In-process HTTP+/json CDP plus /cdp WebSocket scripting surface.	core	specific	none
B2	browser	tests/setupServer.ts:247	createCDPTestServer	function	export async function createCDPTestServer(): Promise<CDPTestServerInterface>	new CDPTestServer, await start, return instance.	server	specific	none
B2	browser	tests/setupServer.ts:254	CDPTestServer	class	export class CDPTestServer implements CDPTestServerInterface { constructor(); get port(): number; get url(): string; get endpoint(): string; get received(): readonly CDPServerReceived[]; get sockets(): number; start(): Promise<void>; list(targets: readonly unknown[]): void; script(method: string, result: unknown \| CDPServerReplyHandler): void; reply(id: number, result: unknown): void; fail(id: number, message: string): void; event(method: string, params?: Readonly<Record<string, unknown>>, sessionId?: string): void; hang(enabled: boolean): void; close(): Promise<void> }	Serves /json/version /json/list; upgrades /cdp; records and auto-replies CDP methods.	server	specific	none
B2	browser	tests/setupServer.ts:462	destroyFakeBrowsers	function	export async function destroyFakeBrowsers(): Promise<void>	SIGKILL pids from registered pid files, waitForProcessExit, scratch.destroy.	core	specific	exists:destroyScratch diff:SIGKILL listed pids then destroy many scratches no retry budget
B2	browser	tests/setupServer.ts:491	readFixtureProcessId	function	export async function readFixtureProcessId(scratch: ScratchInterface, name: string): Promise<number>	Polls scratch.read(name) 50 times 20ms; Number(contents) or throws.	server	general	exists:retryUntil diff:fixed 50x20ms pid-file poll not produce/predicate budget
B2	browser	tests/setupServer.ts:508	FakeBrowserProcessInterface	interface	export interface FakeBrowserProcessInterface { readonly executable: string; readonly args: readonly string[]; pid(): Promise<number>; descendant(): Promise<number>; arguments(): Promise<readonly string[]>; dropSocket(): Promise<void> }	Spawn stand-in browser: node executable, args, pid/descendant/argv, dropSocket.	core	specific	none
B2	browser	tests/setupServer.ts:543	createFakeBrowserProcess	function	export function createFakeBrowserProcess(options: { readonly serveCDP?: boolean; readonly ignoreSIGTERM?: boolean; readonly descendant?: boolean } = {}): FakeBrowserProcessInterface	Writes scratch Node script; returns execPath plus script args and pid/argv/drop helpers.	server	specific	none
B2	database	tests/setupServer.ts:20	GuideFenceModule	interface	export interface GuideFenceModule { readonly ordinal: number; readonly line: number; readonly path: string; readonly source: string }	One guide fence body with ordinal line and compile path.	core	specific	none
B2	database	tests/setupServer.ts:33	formatCompilerDiagnostics	function	export function formatCompilerDiagnostics(diagnostics: readonly Diagnostic[]): string	Joins flattenDiagnosticMessageText of each diagnostic with newlines.	core	general	none
B2	database	tests/setupServer.ts:45	checkCompilerDiagnostics	function	export function checkCompilerDiagnostics(phase: string, diagnostics: readonly Diagnostic[]): void	Throws `${phase} failed:` plus formatted text when diagnostics nonempty.	core	general	none
B2	database	tests/setupServer.ts:58	locateGuideFences	function	export function locateGuideFences(document: string, fences: readonly string[], directory: string): readonly GuideFenceModule[]	indexOf each fence advancing cursor; line from prefix newlines; path fence-NN.ts.	server	specific	none
B2	database	tests/setupServer.ts:86	formatGuideFenceDiagnostic	function	export function formatGuideFenceDiagnostic(diagnostic: Diagnostic, fence: GuideFenceModule, root: string): string	Maps TS position onto fence.line and relative file; prefixes Fence ordinal.	server	specific	none
B2	database	tests/setupServer.ts:110	checkGuideFences	function	export function checkGuideFences(config: string, document: string, fences: readonly string[]): void	Scratch-writes fences, TS program each, throws aggregated formatGuideFenceDiagnostic.	server	specific	none
B2	database	tests/setupServer.ts:171	isTypeOnlyExport	function	export function isTypeOnlyExport(symbol: CompilerSymbol): boolean	True if any declaration is type-only export specifier or export declaration.	core	general	none
B2	database	tests/setupServer.ts:194	resolveEntrySymbol	function	export function resolveEntrySymbol(checker: TypeChecker, symbol: CompilerSymbol): CompilerSymbol	Returns getAliasedSymbol when Alias flag set, else symbol.	core	general	none
B2	database	tests/setupServer.ts:206	classifyEntryDeclaration	function	export function classifyEntryDeclaration(symbol: CompilerSymbol, declaration: ts.Declaration): ExportKind \| undefined	Maps TS flags plus declaration kind to type/interface/class/function/const.	core	general	none
B2	database	tests/setupServer.ts:241	shapeEntrySymbols	function	export function shapeEntrySymbols(checker: TypeChecker, exported: CompilerSymbol, entry: string): readonly SurfaceSymbol[]	Rejects default/type-only/empty/unsupported; returns unique ExportKind SurfaceSymbols.	core	general	none
B2	database	tests/setupServer.ts:275	deriveEntrySurfaces	function	export function deriveEntrySurfaces(config: string, entries: readonly string[]): ReadonlyMap<string, readonly SurfaceSymbol[]>	TS program of entries; exports via shapeEntrySymbols; sorted map per entry.	server	general	none
B2	database	tests/setupServer.ts:341	tempTypeScriptProject	function	export function tempTypeScriptProject(files: Readonly<Record<string, string>>): { readonly scratch: ScratchInterface; readonly config: string }	createScratch prefix database-typescript- seeding tsconfig.json plus files.	server	general	exists:createScratch diff:always seeds strict ESNext tsconfig.json then caller files
B2	database	tests/setupServer.ts:375	replaceTransactionFailure	function	export function replaceTransactionFailure(driver: DriverInterface, replacement: unknown): DriverInterface	Delegates primitives; transaction catches native throw and throws replacement.	core	specific	none
B2	database	tests/setupServer.ts:407	tempDatabasePath	function	export function tempDatabasePath(): { readonly path: string; readonly cleanup: () => void }	createScratch prefix database-json-; path database.json; cleanup destroy.	server	general	exists:createScratch diff:returns join(path,'database.json') plus cleanup thunk
B2	database	tests/setupServer.ts:418	FOREIGN_KEY_SCHEMA	const	export const FOREIGN_KEY_SCHEMA: readonly TableSchema[]	Frozen parents/children TableSchema with children.parent text column.	core	specific	none
B2	database	tests/setupServer.ts:443	createForeignKeyFixture	function	export async function createForeignKeyFixture(references: boolean \| undefined): Promise<{ readonly driver: DriverInterface; readonly cleanup: () => void }>	Creates SQL FK tables then open SQLite driver with optional references flag.	core	specific	none
B2	database	tests/setupServer.ts:483	driverSchema	function	export function driverSchema(options?: { indexes?: ReadonlyArray<readonly string[]> }): readonly TableSchema[]	users plus posts schemas; users indexes default [['name']]; posts primary slug.	core	specific	none
B2	ollama	tests/setupServer.ts:18	WEATHER_TOOL	const	export const WEATHER_TOOL: ToolDefinition	Frozen get_weather tool definition requiring city string.	core	specific	none
B2	ollama	tests/setupServer.ts:29	flattenHeaders	function	export function flattenHeaders(headers: Headers): Readonly<Record<string, string>>	forEach into lowercase-key string record.	core	general	none
B2	ollama	tests/setupServer.ts:38	RecordedRequest	interface	export interface RecordedRequest { readonly method: string; readonly path: string; readonly headers: Readonly<Record<string, string>>; readonly body: Record<string, unknown> }	Captured proxy request method path headers body.	core	general	none
B2	ollama	tests/setupServer.ts:46	RecordingProxyInterface	interface	export interface RecordingProxyInterface { readonly url: string; readonly requests: readonly RecordedRequest[]; stop(): Promise<void> }	Running recording proxy url, requests, stop.	core	general	none
B2	ollama	tests/setupServer.ts:53	parseRequestBody	function	export function parseRequestBody(text: string): Record<string, unknown> \| undefined	JSON.parse; record or undefined on throw/non-record.	core	general	none
B2	ollama	tests/setupServer.ts:63	WireMessage	interface	export interface WireMessage { readonly role: string; readonly content: string; readonly images?: readonly string[] }	Provider-wire message role content optional images.	core	specific	none
B2	ollama	tests/setupServer.ts:70	isWireMessage	function	export function isWireMessage(value: unknown): value is WireMessage	Record with string role content; images absent or string array.	core	specific	none
B2	ollama	tests/setupServer.ts:76	wireMessages	function	export function wireMessages(request: RecordedRequest): readonly WireMessage[]	arrayOf isWireMessage on request.body.messages or [].	core	specific	none
B2	ollama	tests/setupServer.ts:82	wireText	function	export function wireText(request: RecordedRequest): string	Joins wireMessages content with newlines.	core	specific	none
B2	ollama	tests/setupServer.ts:89	WireTool	interface	export interface WireTool { readonly function: { readonly name: string } }	Provider-wire function tool with name.	core	specific	none
B2	ollama	tests/setupServer.ts:96	isWireTool	function	export function isWireTool(value: unknown): value is WireTool	Record whose function.name is string.	core	specific	none
B2	ollama	tests/setupServer.ts:101	wireTools	function	export function wireTools(request: RecordedRequest): readonly string[]	Maps wire tool function names from request.body.tools or [].	core	specific	none
B2	ollama	tests/setupServer.ts:107	systemText	function	export function systemText(request: RecordedRequest): string	First wire message content if role system, else ''.	core	specific	none
B2	ollama	tests/setupServer.ts:113	forwardHeaders	function	export function forwardHeaders(headers: Headers): Headers	Clones Headers then delete host and content-length.	core	general	none
B2	ollama	tests/setupServer.ts:121	isAbortError	function	export function isAbortError(error: unknown): error is Error	Error whose name is AbortError.	core	general	none
B2	ollama	tests/setupServer.ts:126	REFUSED_TRANSPORT_MESSAGE	const	export const REFUSED_TRANSPORT_MESSAGE = 'fetch failed'	Literal message refused transport rejects with.	core	general	none
B2	ollama	tests/setupServer.ts:129	RefusingTransportInterface	interface	export interface RefusingTransportInterface { readonly signals: readonly AbortSignal[]; readonly fetch: typeof globalThis.fetch }	Recorded abort signals plus rejecting fetch.	core	general	none
B2	ollama	tests/setupServer.ts:145	createRefusingTransport	function	export function createRefusingTransport(): RefusingTransportInterface	fetch pushes init.signal then rejects Error(REFUSED_TRANSPORT_MESSAGE).	core	general	none
B2	ollama	tests/setupServer.ts:165	createRecordingProxy	function	export async function createRecordingProxy(upstream = 'http://127.0.0.1:1'): Promise<RecordingProxyInterface>	POST /api/chat records then fetch upstream; stop aborts and server.stop.	core	specific	exists:createLoopback diff:@orkestrel/server dispatcher proxying /api/chat not raw node Server
B2	ollama	tests/setupServer.ts:215	waitForRequest	function	export async function waitForRequest(proxy: RecordingProxyInterface, count = 1, timeoutMs = 10_000): Promise<void>	Loops until requests.length >= count; waitForDelay(10); throws on deadline.	core	specific	exists:waitForCondition diff:hardcoded request-count poll with waitForDelay(10)
B2	ollama	tests/setupServer.ts:232	drive	function	export async function drive(generator: AsyncGenerator<ProviderDelta, ProviderResult>): Promise<{ readonly deltas: readonly string[]; readonly thoughts: readonly string[]; readonly result: ProviderResult }>	next() until done; buckets content vs thought text; returns result.	core	specific	exists:collect diff:buckets ProviderDelta kinds not a flat yield list
B2	ollama	tests/setupServer.ts:248	env	function	export function env(name: string, fallback: string): string	process.env[name] if nonempty else fallback.	core	general	none
B2	ollama	tests/setupServer.ts:263	withScheme	function	export function withScheme(value: string): string	Prefixes http:// unless value already has http:// or https://.	core	general	none
B2	ollama	tests/setupServer.ts:268	DrivenTool	interface	export interface DrivenTool { readonly call: ToolCall; readonly result: ToolResult }	Paired tool call and execution result.	core	specific	none
B2	ollama	tests/setupServer.ts:274	driveAgent	function	export async function driveAgent(stream: AgentStreamInterface): Promise<{ readonly tokens: readonly string[]; readonly thoughts: readonly string[]; readonly tools: readonly DrivenTool[]; readonly usages: readonly TokenUsage[]; readonly result: AgentResult }>	for-await events buckets token/think/tool/usage then awaits stream.result.	core	specific	exists:collect diff:buckets AgentChunk kinds then awaits stream.result
B2	ollama	tests/setupServer.ts:296	createScriptedAgentStream	function	export function createScriptedAgentStream(chunks: readonly AgentChunk[], result: AgentResult): AgentStreamInterface	Async generator yielding chunks; result Promise.resolve; abort noop.	core	specific	none
B2	ollama	tests/setupServer.ts:310	LOOKUP_DATUM	const	export const LOOKUP_DATUM = 'drizzle-42'	Literal lookup tool return string.	core	specific	none
B2	ollama	tests/setupServer.ts:313	createLookupTool	function	export function createLookupTool(recorder?: RecorderInterface<[Readonly<Record<string, unknown>>]>): ToolInterface	createTool lookup; execute records args and returns LOOKUP_DATUM.	core	specific	none
B2	ollama	tests/setupServer.ts:332	THROWING_TOOL_MESSAGE	const	export const THROWING_TOOL_MESSAGE = 'throwing-tool-always-fails'	Literal error message throwing tool throws.	core	specific	none
B2	ollama	tests/setupServer.ts:335	createThrowingTool	function	export function createThrowingTool(recorder?: RecorderInterface<[Readonly<Record<string, unknown>>]>): ToolInterface	createTool fail; execute records args then throws THROWING_TOOL_MESSAGE.	core	specific	none
B2	ollama	tests/setupServer.ts:350	INSATIABLE_TOOL_CHUNKS	const	export const INSATIABLE_TOOL_CHUNKS = 12	Literal chunk count for insatiable tool.	core	specific	none
B2	ollama	tests/setupServer.ts:353	insatiableResult	function	export function insatiableResult(n: number): string	Template string demanding another more-tool call for chunk n+1.	core	specific	none
B2	ollama	tests/setupServer.ts:358	createInsatiableTool	function	export function createInsatiableTool(recorder?: RecorderInterface<[Readonly<Record<string, unknown>>]>): ToolInterface	createTool more; execute increments n, records args, returns insatiableResult(n).	core	specific	none
B2	server	tests/setupServer.ts:14	WORKSPACE_ROOT	const	export const WORKSPACE_ROOT = fileURLToPath(resolveRoot(import.meta))	File-path string of resolveRoot(import.meta).	server	general	exists:resolveRoot diff:precomputed file path const vs URL-returning function
B2	server	tests/setupServer.ts:17	UpgradeOutcomeInterface	interface	export interface UpgradeOutcomeInterface { readonly claimed: boolean; readonly status: number }	Whether upgrade handler claimed socket plus HTTP status.	core	general	none
B2	server	tests/setupServer.ts:59	rawRequest	function	export function rawRequest(port: number, raw: string): Promise<string>	net.connect 127.0.0.1, write raw, concatenate data utf8, resolve on close.	server	general	none
B2	server	tests/setupServer.ts:75	PausedResponseInterface	interface	export interface PausedResponseInterface { readonly closed: Promise<void>; readonly bytes: number; resume(): void; destroy(): void }	Paused TCP response: closed promise, byte count, resume, destroy.	core	general	none
B2	server	tests/setupServer.ts:100	openPausedResponse	function	export async function openPausedResponse(port: number, path = '/'): Promise<PausedResponseInterface>	Connects, pause(), writes GET SSE Connection-close; counts bytes; resume/destroy socket.	server	general	none
B2	server	tests/setupServer.ts:144	probeConnectionDrop	function	export async function probeConnectionDrop(port: number, ms = 500): Promise<boolean>	Connect then wait close within AbortSignal.timeout; destroy; true if dropped.	server	general	exists:waitForSocketClose diff:boolean drop probe on new connection not WaitOptions on given socket
B2	server	tests/setupServer.ts:159	HeldUpgradeInterface	interface	export interface HeldUpgradeInterface { readonly closed: Promise<void>; readonly done: boolean; release(): void }	Held upgraded socket: closed, destroyed flag, release destroy.	core	general	none
B2	server	tests/setupServer.ts:193	holdUpgrade	function	export async function holdUpgrade(port: number, path = '/'): Promise<HeldUpgradeInterface>	Writes websocket upgrade; awaits first data; keeps socket open until release.	server	general	none
B2	server	tests/setupServer.ts:216	upgradeRequest	function	export function upgradeRequest(base: string, path = '/', headers: Record<string, string> = {}): Promise<UpgradeOutcomeInterface>	http.request Upgrade websocket; claimed true on upgrade (socket.end), false on response/error.	server	general	none
B2	terminal	tests/setupServer.ts:11	StreamTargetResult	interface	export interface StreamTargetResult { readonly target: OutputStreamInterface; readonly writes: RecorderInterface<readonly [text: string]> }	Recording OutputStreamInterface plus writes recorder.	core	specific	none
B2	terminal	tests/setupServer.ts:17	createStreamTarget	function	export function createStreamTarget(options?: { readonly isTTY?: boolean }): StreamTargetResult	Recorder-backed write always true; isTTY default false.	core	specific	exists:createRecorder diff:wraps recorder as OutputStreamInterface write/isTTY
B2	terminal	tests/setupServer.ts:30	FakeTTYInterface	interface	export interface FakeTTYInterface { readonly input: InputStreamInterface; readonly output: OutputStreamInterface; readonly writes: RecorderInterface<readonly [text: string]>; readonly raw: boolean; readonly enters: number; readonly exits: number; push(chunk: string \| Uint8Array): void; text(): string; listeners(): number }	Pushable recording TTY with raw-mode enter/exit counts.	core	specific	none
B2	terminal	tests/setupServer.ts:43	createFakeTTY	function	export function createFakeTTY(options?: { readonly isTTY?: boolean }): FakeTTYInterface	EventEmitter input; recorder output; setRawMode counts; text() strip(joined writes).	server	specific	exists:createRecorder diff:EventEmitter TTY with raw-mode counts and strip
B2	terminal	tests/setupServer.ts:92	createScriptedTTY	function	export function createScriptedTTY(scripts: ReadonlyArray<ReadonlyArray<string \| Uint8Array>>): FakeTTYInterface	Like createFakeTTY; each input.on emits next script via queueMicrotask.	server	specific	exists:createRecorder diff:auto-emits scripted chunks when a data listener attaches
B2	terminal	tests/setupServer.ts:149	createLineInput	function	export function createLineInput(lines: readonly string[], finalNewline = true): PassThrough	PassThrough.end(lines joined by newline, optional trailing newline).	server	general	none
B2	terminal	tests/setupServer.ts:157	rawOutput	function	export function rawOutput(tty: FakeTTYInterface): string	Joins tty.writes.calls texts without strip.	core	specific	none
B2	router	tests/setupServer.ts:13	WORKSPACE_ROOT	const	export const WORKSPACE_ROOT = fileURLToPath(new URL('..', import.meta.url))	File path of URL('..', import.meta.url).	server	general	exists:resolveRoot diff:fileURLToPath(new URL('..', import.meta.url)) not resolveRoot()
B2	router	tests/setupServer.ts:16	TestServerInterface	interface	export interface TestServerInterface { readonly url: string; readonly port: number; close(): Promise<void> }	Bound test server url port close.	core	general	exists:LoopbackInterface diff:close() name versus destroy()
B2	router	tests/setupServer.ts:23	PausedResponseInterface	interface	export interface PausedResponseInterface { readonly server: TestServerInterface; readonly request: http.ClientRequest; readonly response: IncomingMessage }	Owned server plus paused client request/response.	server	general	none
B2	router	tests/setupServer.ts:30	ResponseListenerSnapshot	interface	export interface ResponseListenerSnapshot { readonly drain: number; readonly close: number; readonly error: number }	listenerCount totals for drain close error.	core	general	none
B2	router	tests/setupServer.ts:59	startServer	function	export async function startServer(listener: http.RequestListener, options?: http.ServerOptions): Promise<TestServerInterface>	http.createServer then createLoopback; close delegates loopback.destroy.	server	general	exists:createLoopback diff:constructs http.Server from listener wrapping destroy as close
B2	router	tests/setupServer.ts:76	startPausedResponse	function	export async function startPausedResponse(listener: http.RequestListener, options?: http.ServerOptions): Promise<PausedResponseInterface>	startServer then http.get pausing response; destroys both on error.	server	general	none
B2	router	tests/setupServer.ts:102	countResponseListeners	function	export function countResponseListeners(response: ServerResponse): ResponseListenerSnapshot	listenerCount('drain'|'close'|'error') snapshot.	server	general	none
B2	test	tests/setupServer.ts:40	FILE_LINKS	const	export const FILE_LINKS = probeCapability((directory) => { const target = join(directory, 'target.txt'); const link = join(directory, 'link.txt'); writeFileSync(target, 'linked'); symlinkSync(target, link, 'file'); return readFileSync(link, 'utf8') === 'linked' })	True when file symlink round-trips content in a temp directory.	server	general	none
B2	test	tests/setupServer.ts:55	DIRECTORY_LINKS	const	export const DIRECTORY_LINKS = probeCapability((directory) => { mkdirSync target; write marker; symlinkSync junction; return lstat isSymbolicLink and stat isDirectory and marker reads })	True when directory junction/symlink reaches marker file.	server	general	none
B2	test	tests/setupServer.ts:73	POSIX_MODE	const	export const POSIX_MODE = probeCapability((directory) => { mkdirSync(path, { mode: 0o700 }); return (statSync(path).mode & 0o777) === 0o700 })	True when mkdir 0o700 reports mode bits 0o700.	server	general	none
B2	test	tests/setupServer.ts:84	CASE_SENSITIVE_FS	const	export const CASE_SENSITIVE_FS = probeCapability((directory) => { writeFileSync A and a; return readdirSync length === 2 })	True when files A and a are two directory entries.	server	general	none
B2	test	tests/setupServer.ts:95	RAW_BYTE_NAMES	const	export const RAW_BYTE_NAMES = probeCapability((directory) => { writeFileSync Buffer path with 0x80 byte; return readFileSync utf8 === 'raw' })	True when filename containing byte 0x80 can be written and read.	server	general	none
B2	console	tests/setupServer.ts:14	WORKSPACE_ROOT	const	export const WORKSPACE_ROOT = fileURLToPath(new URL('../', import.meta.url))	File path of URL('../', import.meta.url).	server	general	exists:resolveRoot diff:precomputed file path const vs URL-returning function
B2	console	tests/setupServer.ts:17	readText	function	export function readText(relativePath: string): string	readFileSync utf8 of join(WORKSPACE_ROOT, relativePath).	server	general	exists:readInventory diff:single repo-relative file no multi-target walk
B2	console	tests/setupServer.ts:22	fileExists	function	export function fileExists(relativePath: string): boolean	existsSync join(WORKSPACE_ROOT, relativePath).	server	general	none
B2	console	tests/setupServer.ts:40	createStreamTarget	function	export function createStreamTarget(options?: { isTTY?: boolean; columns?: number }): { readonly target: StreamTargetInterface; readonly writes: RecorderInterface<readonly [text: string]> }	Recorder write true; isTTY default false; optional columns copied.	core	specific	exists:createRecorder diff:wraps recorder as StreamTargetInterface with optional columns
B2	console	tests/setupServer.ts:69	createWriteProbe	function	export function createWriteProbe(backpressure = true): { readonly write: NodeJS.WriteStream['write']; readonly texts: readonly string[] }	write coerces chunk to utf8 string into texts; returns backpressure boolean.	core	general	none
B2	toolbox	tests/setupServer.ts:3	TestTimerInterface	interface	export interface TestTimerInterface { readonly timer: TimerHandler; readonly armed: number; readonly cancelled: number; fire(index: number): void }	Controllable TimerHandler with armed/cancelled counts and fire(index).	core	specific	none
B2	toolbox	tests/setupServer.ts:16	createTestTimer	function	export function createTestTimer(): TestTimerInterface	timer pushes callback; returns cancel flag setter; fire runs if not cancelled.	core	specific	none
B2	toolbox	tests/setupServer.ts:45	readAvailable	function	export async function readAvailable(response: Response): Promise<string>	getReader races read vs 20ms timeout accumulating TextDecoder text; releaseLock.	core	general	exists:collectStream diff:20ms idle race returns partial text not drain-until-close
B2	sqlite	tests/setupServer.ts:9	sqliteErrorCode	function	export function sqliteErrorCode(action: () => unknown): string	Runs action; NO_THROW, SQLiteError.code, or NOT_SQLITE_ERROR.	core	specific	exists:captureError diff:returns code or sentinels not the thrown value
C1	supervisor	tests/setupBrowser.ts:81	createWorkflowLiveStream	function	function createWorkflowLiveStream(path: string, signal: AbortSignal): AsyncIterable<LiveFrame>	Constructs LiveStream with isLiveFrame guard and resolveLiveFrameEvent.	core	specific	none
C1	supervisor	tests/setupBrowser.ts:95	MountedComponent	interface	interface MountedComponent { readonly application: App<Element>; readonly element: HTMLElement }	Vue app instance paired with its document host element.	browser	general	none
C1	supervisor	tests/setupBrowser.ts:101	MountedShell	interface	interface MountedShell { readonly element: HTMLElement; readonly operator: Operator; release(): Promise<void> }	Mounted shell host, Operator instance, and async release.	browser	specific	none
C1	supervisor	tests/setupBrowser.ts:108	MountComponentOptions	interface	interface MountComponentOptions { readonly props?: Readonly<Record<string, unknown>>; readonly provide?: OperatorInterface; readonly tag?: string }	Optional props, Operator provide, and host tag for mounting.	browser	specific	none
C1	supervisor	tests/setupBrowser.ts:115	clearBrowserStorage	function	function clearBrowserStorage(): void	Calls localStorage.clear and sessionStorage.clear.	browser	general	exists:clearStorage
C1	supervisor	tests/setupBrowser.ts:121	waitForBrowserState	function	function waitForBrowserState(predicate: () => boolean): Promise<void>	Resolves now if true; else Vue watch flush-sync until true.	browser	general	exists:waitForCondition diff:Vue watch flush-sync, no timeout or options
C1	supervisor	tests/setupBrowser.ts:147	waitForPlaceholder	function	async function waitForPlaceholder(): Promise<void>	waitForDelay PLACEHOLDER_GRACE+50 then Vue nextTick.	browser	specific	exists:waitForDelay diff:adds PLACEHOLDER_GRACE+50 and nextTick
C1	supervisor	tests/setupBrowser.ts:163	waitForMinimum	function	async function waitForMinimum(): Promise<void>	waitForDelay grace+minimum+50 then Vue nextTick.	browser	specific	exists:waitForDelay diff:adds PLACEHOLDER_GRACE+PLACEHOLDER_MINIMUM+50 and nextTick
C1	supervisor	tests/setupBrowser.ts:169	CAPTURE_PANE	const	const CAPTURE_PANE = 'data-capture-pane'	Marker attribute name for the capture harness pane and rule.	core	general	exists:CAPTURE_PANE
C1	supervisor	tests/setupBrowser.ts:194	stagePane	function	async function stagePane(width: number, height: number): Promise<void>	Sets viewport, unscales vitest pane via CSS, waits two rAF, asserts box.	browser	general	exists:stagePane
C1	supervisor	tests/setupBrowser.ts:250	releasePane	function	function releasePane(): void	Removes CAPTURE_PANE attribute and injected style from tester pane.	browser	general	exists:releasePane
C1	supervisor	tests/setupBrowser.ts:273	captureFrame	function	async function captureFrame(element: HTMLElement, path: string, width: number, height: number): Promise<void>	Stages pane, screenshots, checks path and disk bytes, always releasePane.	browser	general	exists:captureFrame
C1	supervisor	tests/setupBrowser.ts:300	IMPLICIT_ROLES	const	const IMPLICIT_ROLES: Readonly<Record<string, string>>	Frozen tagName-to-ARIA-role map including landmarks and table parts.	core	general	exists:IMPLICIT_ROLES
C1	supervisor	tests/setupBrowser.ts:345	IMPLICIT_HEADERS	const	const IMPLICIT_HEADERS: Readonly<Record<string, string>>	Frozen map of th scope col/row to columnheader/rowheader.	core	general	exists:HEADER_ROLES
C1	supervisor	tests/setupBrowser.ts:351	IMPLICIT_FIELDS	const	const IMPLICIT_FIELDS: Readonly<Record<string, string>>	Frozen map of input types to implicit roles; omitted types have none.	core	general	exists:FIELD_ROLES
C1	supervisor	tests/setupBrowser.ts:368	CONTENT_ROLES	const	const CONTENT_ROLES: readonly string[]	Frozen roles whose accessible name comes from visible inner text.	core	general	exists:CONTENT_ROLES
C1	supervisor	tests/setupBrowser.ts:382	FOCUSABLE	const	const FOCUSABLE = 'a[href], area[href], button, input, select, summary, textarea, [tabindex]'	CSS selector of sequential-keyboard targets before disabled/unrendered filters.	core	general	exists:FOCUSABLE_SELECTOR
C1	supervisor	tests/setupBrowser.ts:402	isRendered	function	function isRendered(element: Element): boolean	False for aria-hidden, hidden, hidden input, failed checkVisibility, or visibility hidden.	browser	general	exists:isRendered
C1	supervisor	tests/setupBrowser.ts:421	collapseText	function	function collapseText(element: Element): string	Tree-walks text nodes, drops aria-hidden descendants, collapses whitespace.	browser	general	exists:readText
C1	supervisor	tests/setupBrowser.ts:444	resolveRole	function	function resolveRole(element: Element): string or undefined	Declared role, else implicit from tag, href, input, select, th scope, named region.	browser	general	exists:readRole
C1	supervisor	tests/setupBrowser.ts:476	resolveName	function	function resolveName(element: Element): string	labelledby, aria-label, labels, button value, img alt, content text, then title.	browser	general	exists:readName
C1	supervisor	tests/setupBrowser.ts:522	resolveStates	function	function resolveStates(element: Element): readonly string[]	Frozen disabled, expanded, pressed, current, invalid, checked, selected, live, required, readonly, described, busy.	browser	general	exists:readStates
C1	supervisor	tests/setupBrowser.ts:572	describeTree	function	function describeTree(element: Element): string	DFS rendered roles as indented lines of role, name, and states.	browser	general	exists:describeTree
C1	supervisor	tests/setupBrowser.ts:613	describeFocus	function	function describeFocus(element: Element): string	Numbered reachable controls in positive-tabindex then document order.	browser	general	exists:describeFocus
C1	supervisor	tests/setupBrowser.ts:646	describeSurface	function	function describeSurface(element: HTMLElement): string	Joins extractControls count, alert count, and focused accessible name.	browser	specific	none
C1	supervisor	tests/setupBrowser.ts:658	Step	interface	interface Step { readonly action: string; readonly trigger: string; readonly result: string }	One journaled action, trigger, and observed result.	core	general	exists:JournalStep
C1	supervisor	tests/setupBrowser.ts:665	Channels	interface	interface Channels { readonly debug: (...data: unknown[]) => void; readonly error: (...data: unknown[]) => void; readonly info: (...data: unknown[]) => void; readonly log: (...data: unknown[]) => void; readonly warn: (...data: unknown[]) => void }	Saved console.debug/error/info/log/warn function slots.	core	general	none
C1	supervisor	tests/setupBrowser.ts:685	Journal	class	class Journal { get steps(): readonly Step[]; get output(): readonly string[]; watch(): void; release(): void; record(action: string, trigger: string, result: string): void }	Records steps and console/window failures while watch is armed.	browser	general	exists:createJournal diff:class with watch/release/record vs JournalInterface factory
C1	supervisor	tests/setupBrowser.ts:781	JOURNAL	const	const JOURNAL = new Journal()	Shared Journal instance drive helpers record into.	browser	general	exists:createJournal diff:module singleton vs factory
C1	supervisor	tests/setupBrowser.ts:784	buildElement	function	function buildElement(tag = 'div'): HTMLElement	document.createElement, append to document.body, return element.	browser	general	none
C1	supervisor	tests/setupBrowser.ts:791	createContextApp	function	function createContextApp(): App<Element>	createApp whose render returns null, unmounted.	browser	general	none
C1	supervisor	tests/setupBrowser.ts:796	Tint	type	type Tint = readonly [red: number, green: number, blue: number, alpha: number]	Straight sRGB channels plus alpha tuple.	core	general	exists:Color
C1	supervisor	tests/setupBrowser.ts:799	CANVAS	const	const CANVAS: Tint = Object.freeze([255, 255, 255, 1])	Frozen opaque white backdrop floor.	core	general	exists:CANVAS_COLOR
C1	supervisor	tests/setupBrowser.ts:811	STATUS_PALETTE	const	const STATUS_PALETTE: readonly string[]	Frozen idle, live, held, done, failed status token names.	core	specific	none
C1	supervisor	tests/setupBrowser.ts:827	Reading	interface	interface Reading { readonly label: string; readonly ratio: number; readonly bar: number }	Contrast measurement label, ratio, and owed bar.	core	general	none
C1	supervisor	tests/setupBrowser.ts:847	parseTint	function	function parseTint(value: string): Tint	Parses color(srgb) or rgb/rgba; invalid becomes transparent [0,0,0,0].	core	general	exists:parseColor
C1	supervisor	tests/setupBrowser.ts:888	blendTint	function	function blendTint(front: Tint, back: Tint): Tint	Alpha-composites front over back into opaque frozen Tint.	core	general	exists:blendColor
C1	supervisor	tests/setupBrowser.ts:912	readBackdrop	function	function readBackdrop(element: Element): Tint	Walks ancestors compositing non-transparent backgrounds onto CANVAS.	styles	general	exists:readBackdrop
C1	supervisor	tests/setupBrowser.ts:929	measureLuminance	function	function measureLuminance(tint: Tint): number	WCAG relative luminance from sRGB channels; alpha ignored.	core	general	exists:measureLuminance
C1	supervisor	tests/setupBrowser.ts:945	measureContrast	function	function measureContrast(front: Tint, back: Tint): number	WCAG (L+0.05)/(l+0.05) between two luminances.	core	general	exists:measureContrast
C1	supervisor	tests/setupBrowser.ts:962	readContrast	function	function readContrast(element: Element): number	Composites computed color over backdrop; returns contrast ratio.	styles	general	exists:contrast
C1	supervisor	tests/setupBrowser.ts:990	readFocus	function	async function readFocus(element: HTMLElement): Promise<number or undefined>	Tabs, focuses, measures rest-vs-held and outline/shadow if :focus-visible.	browser	general	exists:readFocus
C1	supervisor	tests/setupBrowser.ts:1038	readRing	function	async function readRing(control: HTMLElement, worn: HTMLElement): Promise<number or undefined>	Focuses control; measures worn rest-vs-held and outline/shadow contrast.	browser	general	exists:readRing
C1	supervisor	tests/setupBrowser.ts:1080	mountComponent	function	function mountComponent(component: Component, options: MountComponentOptions = {}): MountedComponent	buildElement, createApp, optional OPERATOR_KEY provide, mount; remove host on throw.	browser	specific	none
C1	supervisor	tests/setupBrowser.ts:1111	mountShell	function	async function mountShell(client: ClientInterface): Promise<MountedShell>	Operator over client, mounts ApplicationView Supervisor, records, idempotent unmount/destroy.	browser	specific	none
C1	supervisor	tests/setupBrowser.ts:1139	findControl	function	function findControl(element: HTMLElement, caption: string): HTMLButtonElement	Finds button by exact trimmed textContent; throws if missing.	browser	general	exists:resolveAccessible diff:button textContent equality not accessibility walk
C1	supervisor	tests/setupBrowser.ts:1160	findLabelled	function	function findLabelled(element: HTMLElement, name: string): HTMLElement	querySelector [aria-label=name]; throws if not HTMLElement.	browser	general	exists:resolveAccessible diff:aria-label attribute selector only
C1	supervisor	tests/setupBrowser.ts:1176	findField	function	function findField(element: HTMLElement, id: string): HTMLInputElement	querySelector #id; throws if not HTMLInputElement.	browser	general	none
C1	supervisor	tests/setupBrowser.ts:1196	findRow	function	function findRow(element: HTMLElement, row: string): HTMLButtonElement	Finds button whose dataset.row equals row; throws if missing.	browser	specific	none
C1	supervisor	tests/setupBrowser.ts:1216	findText	function	function findText(element: HTMLElement, selector: string, text: string): HTMLElement	Unique selector match whose collapsed text equals text; throws if none or many.	browser	general	none
C1	supervisor	tests/setupBrowser.ts:1237	pressControl	function	async function pressControl(element: HTMLElement, caption: string): Promise<void>	userEvent.click findControl, waitForDelay, nextTick, JOURNAL.record press.	browser	specific	exists:clickAccessible diff:textContent caption, delay, nextTick, journal
C1	supervisor	tests/setupBrowser.ts:1257	pressLabelled	function	async function pressLabelled(element: HTMLElement, name: string): Promise<void>	userEvent.click findLabelled, waitForDelay, nextTick, JOURNAL.record press.	browser	specific	exists:clickAccessible diff:aria-label, delay, nextTick, journal
C1	supervisor	tests/setupBrowser.ts:1276	fillField	function	async function fillField(element: HTMLElement, id: string, value: string): Promise<void>	userEvent.fill findField, waitForDelay, nextTick, journal field.value.	browser	specific	exists:fillAccessible diff:id selector, delay, nextTick, journals actual value
C1	supervisor	tests/setupBrowser.ts:1291	pressRow	function	async function pressRow(element: HTMLElement, row: string): Promise<void>	userEvent.click findRow, waitForDelay, nextTick, JOURNAL.record press.	browser	specific	exists:clickAccessible diff:data-row button, delay, nextTick, journal
C1	supervisor	tests/setupBrowser.ts:1314	recordArrival	function	async function recordArrival(element: HTMLElement, action: string, trigger: string, settled: () => boolean): Promise<void>	waitForBrowserState, waitForDelay, nextTick, JOURNAL.record describeSurface.	browser	specific	none
C1	supervisor	tests/setupBrowser.ts:1342	driveArrival	function	async function driveArrival(element: HTMLElement, action: string, trigger: string, arrive: () => void, settled: () => boolean): Promise<void>	Calls arrive() then recordArrival.	browser	specific	none
C1	supervisor	tests/setupBrowser.ts:1366	selectRow	function	async function selectRow(shell: MountedShell, row: string): Promise<void>	driveArrival operator.select(row) until operator.selection === row.	browser	specific	none
C1	supervisor	tests/setupBrowser.ts:1388	extractControls	function	function extractControls(element: HTMLElement): readonly HTMLButtonElement[]	All buttons except those with data-row.	browser	specific	none
C1	supervisor	tests/setupBrowser.ts:1408	extractOrphans	function	function extractOrphans(element: HTMLElement, child: string, parent: string): readonly string[]	outerHTML of .child nodes with no .parent ancestor.	browser	general	exists:extractOrphans
C1	supervisor	tests/setupBrowser.ts:1429	createApplicationSnapshot	function	function createApplicationSnapshot(overrides: Partial<ApplicationSnapshot> = {}): ApplicationSnapshot	Frozen two-phase inspected workflow snapshot with two unit attempts, spread overrides.	core	specific	none
C1	supervisor	tests/setupBrowser.ts:1518	createSettledUnit	function	function createSettledUnit(overrides: Partial<Omit<SettledUnit, 'status'>> = {}): SettledUnit	Frozen unit row status settled, result default success('ok').	core	specific	none
C1	supervisor	tests/setupBrowser.ts:1535	createQuarantinedUnit	function	function createQuarantinedUnit(overrides: Partial<Omit<QuarantinedUnit, 'status'>> = {}): QuarantinedUnit	Frozen unit row status quarantined, default undetermined-launch reason.	core	specific	none
C1	supervisor	tests/setupBrowser.ts:1547	createObserveFrame	function	function createObserveFrame(observation: Observation, unit: UnitSnapshot = createUnitSnapshot()): ObserveFrame	Frozen source observe frame with workflow, unit, observation.	core	specific	none
C1	supervisor	tests/setupBrowser.ts:1560	createTranscriptFrame	function	function createTranscriptFrame(text: string, token: string = createUnitSnapshot().id, stream: TranscriptFrame['stream'] = 'output'): TranscriptFrame	Frozen source transcript frame workflow build timestamp 1.	core	specific	none
C1	supervisor	tests/setupBrowser.ts:1576	createTerminalFrame	function	function createTerminalFrame(text: string): TerminalFrame	Frozen source terminal frame workflow build timestamp 1.	core	specific	none
C1	supervisor	tests/setupBrowser.ts:1581	createApplicationTail	function	function createApplicationTail(frames: readonly ObserveFrame[] = [], terminal = false): ApplicationTail	freezeDeep copied frames plus terminal flag.	core	specific	none
C1	supervisor	tests/setupBrowser.ts:1589	createGapFrame	function	function createGapFrame(dropped: number): GapFrame	Frozen source gap frame workflow build timestamp 1.	core	specific	none
C1	supervisor	tests/setupBrowser.ts:1594	createFaultFrame	function	function createFaultFrame(row: string = createUnitSnapshot().id): FaultFrame	Frozen source fault frame workflow build timestamp 1.	core	specific	none
C1	supervisor	tests/setupBrowser.ts:1599	RecordingOperatorStore	class	class RecordingOperatorStore implements OperatorStoreInterface { constructor(view?: View); readonly reads: string[]; readonly writes: View[]; readonly deletes: string[]; get pointer(): OperatorPointerInterface; get(id: string): Promise<View or undefined>; set(view: View): Promise<void>; delete(id: string): Promise<void> }	Records get/set/delete; get returns seeded view when ids match.	core	specific	none
C1	supervisor	tests/setupBrowser.ts:1643	RejectingOperatorStore	class	class RejectingOperatorStore implements OperatorStoreInterface { constructor(); reads: number; writes: number; deletes: number; loads: number; saves: number; removes: number; get pointer(): OperatorPointerInterface; get(_id: string): Promise<View or undefined>; set(_view: View): Promise<void>; delete(_id: string): Promise<void> }	Counts then rejects every view and pointer operation.	core	specific	none
C1	supervisor	tests/setupBrowser.ts:1690	ScriptedRoster	class	class ScriptedRoster implements ClientRosterInterface { constructor(snapshot?: ApplicationRoster, record?: (command: string) => void); readonly watches: AbortSignal[]; readonly entered: Promise<void>; readonly settling: Promise<void>; aborts: number; active: number; maximum: number; settles: number; read(): Promise<Result<ApplicationRoster, BrowserApplicationError>>; watch(signal: AbortSignal): AsyncIterable<ApplicationRoster>; deliver(snapshot: ApplicationRoster): void; remove(id: string): void; fail(error: unknown): void; throw(error: unknown): void; end(): void; stall(): void; proceed(): void }	Queued roster snapshots, failures, abort accounting, optional stall in finally.	core	specific	none
C1	supervisor	tests/setupBrowser.ts:1826	ScriptedHistory	class	class ScriptedHistory implements ClientHistoryInterface { constructor(answers?: ReadonlyArray<Result<HistoryPage, BrowserApplicationError>>, record?: (command: string) => void); readonly entered: Promise<void>; get requests(): readonly HistoryOptions[]; read(options: HistoryOptions): Promise<Result<HistoryPage, BrowserApplicationError>>; block(): void; allow(): void }	Records HistoryOptions; repeats last seeded page; block awaits allow.	core	specific	none
C1	supervisor	tests/setupBrowser.ts:1877	SCRIPTED_SESSION	const	const SCRIPTED_SESSION: ApplicationSession	Frozen user operator, workflows [build], csrf scripted-csrf.	core	specific	none
C1	supervisor	tests/setupBrowser.ts:1884	SCRIPTED_DIRECTORY	const	const SCRIPTED_DIRECTORY: ApplicationDirectory	Frozen empty logins, environment false.	core	specific	none
C1	supervisor	tests/setupBrowser.ts:1897	MANAGER_SESSION	const	const MANAGER_SESSION: ApplicationSession	Frozen user operator, workflows ['*'], csrf scripted-csrf.	core	specific	none
C1	supervisor	tests/setupBrowser.ts:1907	USERS_DIRECTORY	const	const USERS_DIRECTORY: ApplicationDirectory	Frozen operator/reviewer/builder logins, builder provisional, environment false.	core	specific	none
C1	supervisor	tests/setupBrowser.ts:1921	USERS_SOLO	const	const USERS_SOLO: ApplicationDirectory	Frozen sole operator * login, environment false.	core	specific	none
C1	supervisor	tests/setupBrowser.ts:1927	USERS_ENVIRONMENT	const	const USERS_ENVIRONMENT: ApplicationDirectory	Frozen operator and reviewer logins, environment true.	core	specific	none
C1	supervisor	tests/setupBrowser.ts:1942	USERS_REVEAL	const	const USERS_REVEAL: ApplicationSecretResult	Frozen USERS_DIRECTORY plus newcomer secret ivory-harbor-clock-3417.	core	specific	none
C1	supervisor	tests/setupBrowser.ts:1948	ScriptedUsersOptions	interface	interface ScriptedUsersOptions { readonly directory?: Result<ApplicationDirectory, BrowserApplicationError>; readonly add?: Result<ApplicationSecretResult, BrowserApplicationError>; readonly grant?: Result<ApplicationDirectoryResult, BrowserApplicationError>; readonly regenerate?: Result<ApplicationSecretResult, BrowserApplicationError>; readonly remove?: Result<ApplicationDirectoryResult, BrowserApplicationError> }	Optional seeded Result answers for each users method.	core	specific	none
C1	supervisor	tests/setupBrowser.ts:1957	ScriptedUsers	class	class ScriptedUsers implements ClientUsersInterface { constructor(options?: ScriptedUsersOptions, record?: (command: string) => void); readonly entered: Promise<void>; directory(): Promise<Result<ApplicationDirectory, BrowserApplicationError>>; add(input: ApplicationLoginInput): Promise<Result<ApplicationSecretResult, BrowserApplicationError>>; grant(name: string, workflows: readonly string[]): Promise<Result<ApplicationDirectoryResult, BrowserApplicationError>>; regenerate(name: string): Promise<Result<ApplicationSecretResult, BrowserApplicationError>>; remove(name: string): Promise<Result<ApplicationDirectoryResult, BrowserApplicationError>>; block(): void; allow(): void }	Records command strings; returns seeded Results; block awaits allow.	core	specific	none
C1	supervisor	tests/setupBrowser.ts:2033	ScriptedClientOptions	interface	interface ScriptedClientOptions { readonly answers?: ReadonlyArray<Result<ApplicationSnapshot, BrowserApplicationError>>; readonly sessions?: ReadonlyArray<Result<ApplicationSession, BrowserApplicationError>>; readonly login?: Result<void, BrowserApplicationError>; readonly secret?: Result<void, BrowserApplicationError>; readonly logout?: Result<void, BrowserApplicationError>; readonly tail?: Result<ApplicationTail, BrowserApplicationError>; readonly history?: ReadonlyArray<Result<HistoryPage, BrowserApplicationError>>; readonly roster?: ApplicationRoster; readonly users?: ScriptedUsersOptions; readonly refusal?: BrowserApplicationError }	Seeded inspect/session/auth/tail/history/roster/users answers and default refusal.	core	specific	none
C1	supervisor	tests/setupBrowser.ts:2071	ScriptedClient	class	class ScriptedClient implements ClientInterface { constructor(options?: ScriptedClientOptions) }	Records inspects/commands; delivers watch frames; block/stall/hold gate tail/inspect/login.	core	specific	none
C1	mailbox	tests/setupBrowser.ts:16	FactoryFixtureInstance	interface	interface FactoryFixtureInstance { readonly destroy: () => void }	Instance exposing destroy for factory fixture teardown.	core	general	none
C1	mailbox	tests/setupBrowser.ts:20	FACTORY_TEARDOWNS	const	const FACTORY_TEARDOWNS: Array<() => void> = []	Module list of factory teardowns drained in afterEach.	core	general	exists:createTeardown diff:exported mutable array not TeardownInterface factory
C1	mailbox	tests/setupBrowser.ts:22	createFactoryFixture	function	function createFactoryFixture<T extends FactoryFixtureInstance>(build: () => T): readonly [T, () => void]	Builds instance, registers idempotent destroy teardown, returns [instance, teardown].	core	general	exists:createTeardown diff:returns instance plus idempotent destroy unregistration
C1	mailbox	tests/setupBrowser.ts:40	BROWSER_UNMOUNTS	const	const BROWSER_UNMOUNTS: Array<() => void> = []	Module list of Vue unmounts drained in afterEach.	core	general	exists:createTeardown diff:exported mutable array not TeardownInterface factory
C1	mailbox	tests/setupBrowser.ts:42	TestDragEventOptions	interface	interface TestDragEventOptions { readonly x?: number; readonly y?: number; readonly data?: DataTransfer }	Optional client coordinates and DataTransfer for DragEvent.	browser	general	none
C1	mailbox	tests/setupBrowser.ts:48	registerUnmount	function	function registerUnmount(app: App<Element>, container: HTMLElement): () => void	Pushes idempotent unmount+container.remove onto BROWSER_UNMOUNTS.	browser	general	exists:createTeardown diff:Vue unmount and DOM remove, list unregistration
C1	mailbox	tests/setupBrowser.ts:68	mount	function	function mount<T>(setup: () => T): readonly [T, () => void]	Mounts setup-only Vue app on body div; throws if setup returns undefined.	browser	general	none
C1	mailbox	tests/setupBrowser.ts:96	withBootstrap	function	function withBootstrap<T, E extends HTMLElement = HTMLElement>(element: E, use: (element: Ref<E or null>) => T): readonly [T, () => void]	mount wrapping use(ref(element)) for element-ref composables.	browser	general	none
C1	mailbox	tests/setupBrowser.ts:107	mountComponent	function	async function mountComponent(component: Component, props?: Record<string, unknown>, provides?: Record<string or symbol, unknown>): Promise<readonly [HTMLElement, () => void]>	createApp h(component, props), string and symbol provide, mount, nextTick, [container, unmount].	browser	general	none
C1	mailbox	tests/setupBrowser.ts:139	flushPromises	function	async function flushPromises(): Promise<void>	Awaits Promise.resolve twice.	core	general	none
C1	mailbox	tests/setupBrowser.ts:144	waitForFrame	function	async function waitForFrame(): Promise<void>	Resolves on one requestAnimationFrame.	browser	general	exists:waitForFrame
C1	mailbox	tests/setupBrowser.ts:151	waitForBootstrap	function	async function waitForBootstrap(delay = 0): Promise<void>	nextTick, optional waitForDelay, nextTick.	browser	general	exists:waitForDelay diff:optional delay sandwiched by two Vue nextTicks
C1	mailbox	tests/setupBrowser.ts:163	waitForCondition	function	async function waitForCondition(predicate: () => boolean, message = 'Expected condition'): Promise<void>	Up to 20 flushPromises+waitForFrame loops; throws Error(message).	browser	general	exists:waitForCondition diff:fixed 20 rAF/microtask attempts then throw; no WaitOptions
C1	mailbox	tests/setupBrowser.ts:182	fireTransitionEnd	function	function fireTransitionEnd(el: Element): void	dispatchEvent bubbling transitionend.	browser	general	none
C1	mailbox	tests/setupBrowser.ts:186	createDragEvent	function	function createDragEvent(name: string, options: TestDragEventOptions = {}): DragEvent	Bubbling cancelable DragEvent with clientX/Y and DataTransfer.	browser	general	none
C1	mailbox	tests/setupBrowser.ts:196	createPointerEvent	function	function createPointerEvent(name: string, init: PointerEventInit = {}): PointerEvent	Bubbling cancelable PointerEvent pointerId 1 merged with init.	browser	general	none
C1	mailbox	tests/setupBrowser.ts:200	typeInput	function	function typeInput(input: HTMLInputElement, handler: (event: Event) => void, value: string): void	Sets value, adds input listener, dispatches bubbling input, removes listener.	browser	general	none
C1	mailbox	tests/setupBrowser.ts:211	computeElementCenter	function	function computeElementCenter(element: HTMLElement): { readonly x: number; readonly y: number }	Midpoint of getBoundingClientRect.	browser	general	none
C1	mailbox	tests/setupBrowser.ts:219	computeElementBottom	function	function computeElementBottom(element: HTMLElement): { readonly x: number; readonly y: number }	Horizontal center, y = rect.bottom - 1.	browser	general	none
C1	mailbox	tests/setupBrowser.ts:227	layoutRows	function	function layoutRows(rows: readonly HTMLElement[]): void	Sets each row display block, height 24px, padding 0.	browser	general	none
C1	mailbox	tests/setupBrowser.ts:235	extractDragStartDetail	function	function extractDragStartDetail(event: CustomEvent or undefined): DragStartDetail	Reads indices Set and pointer PointerEvent from detail; else throws.	browser	specific	none
C1	mailbox	tests/setupBrowser.ts:245	extractDragEndDetail	function	function extractDragEndDetail(event: CustomEvent or undefined): DragEndDetail	Reads cancelled boolean and pointer PointerEvent or null; else throws.	browser	specific	none
C1	mailbox	tests/setupBrowser.ts:257	createBootstrapElement	function	function createBootstrapElement<K extends keyof HTMLElementTagNameMap>(tag: K, classes: string[] = []): HTMLElementTagNameMap[K]	createElement, add classes, append to document.body.	browser	general	none
C1	mailbox	tests/setupBrowser.ts:267	createButtonElement	function	function createButtonElement(active = false): HTMLButtonElement	Bootstrap btn button; optional active class.	browser	specific	none
C1	mailbox	tests/setupBrowser.ts:274	createAlertElement	function	function createAlertElement(): HTMLDivElement	alert-warning dismissible show div with role alert and btn-close.	browser	specific	none
C1	mailbox	tests/setupBrowser.ts:284	createCollapseElement	function	function createCollapseElement(): HTMLDivElement	Body-appended div.collapse.	browser	specific	none
C1	mailbox	tests/setupBrowser.ts:288	createDropdownElements	function	function createDropdownElements(): { readonly wrapper: HTMLDivElement; readonly toggle: HTMLButtonElement; readonly menu: HTMLUListElement }	dropdown wrapper, btn-secondary dropdown-toggle, dropdown-menu ul.	browser	specific	none
C1	mailbox	tests/setupBrowser.ts:306	appendDropdownItems	function	function appendDropdownItems(menu: HTMLUListElement, count: number): readonly HTMLAnchorElement[]	Appends count li>a.dropdown-item href # labelled Item n.	browser	specific	none
C1	mailbox	tests/setupBrowser.ts:324	createSelectElements	function	function createSelectElements(): { readonly wrapper: HTMLDivElement; readonly toggle: HTMLButtonElement; readonly menu: HTMLUListElement }	select wrapper, select-toggle button, dropdown-menu ul.	browser	specific	none
C1	mailbox	tests/setupBrowser.ts:342	appendSelectOptions	function	function appendSelectOptions(menu: HTMLUListElement, values: readonly string[]): readonly HTMLButtonElement[]	Appends li>button.dropdown-item with data-value and capitalized label.	browser	specific	none
C1	mailbox	tests/setupBrowser.ts:361	createSelectInput	function	function createSelectInput(): HTMLInputElement	text input class form-control, not appended.	browser	specific	none
C1	mailbox	tests/setupBrowser.ts:368	createSelectNative	function	function createSelectNative(values: readonly string[]): HTMLSelectElement	named fixture select with option per value, not appended.	browser	general	none
C1	mailbox	tests/setupBrowser.ts:380	createSelectNativeInput	function	function createSelectNativeInput(): HTMLInputElement	hidden input name fixture, not appended.	browser	general	none
C1	mailbox	tests/setupBrowser.ts:387	createModalElement	function	function createModalElement(): { readonly modal: HTMLDivElement; readonly backdrop: HTMLDivElement }	modal>modal-dialog>modal-content plus modal-backdrop fade, both appended.	browser	specific	none
C1	mailbox	tests/setupBrowser.ts:405	createOffcanvasElement	function	function createOffcanvasElement(): { readonly offcanvas: HTMLDivElement; readonly backdrop: HTMLDivElement }	offcanvas-start with body plus offcanvas-backdrop fade, both appended.	browser	specific	none
C1	mailbox	tests/setupBrowser.ts:420	createPopoverElements	function	function createPopoverElements(): { readonly anchor: HTMLButtonElement; readonly panel: HTMLDivElement; readonly arrow: HTMLDivElement }	btn-primary button, popover div, popover-arrow child.	browser	specific	none
C1	mailbox	tests/setupBrowser.ts:434	createTooltipElements	function	function createTooltipElements(): { readonly anchor: HTMLButtonElement; readonly panel: HTMLDivElement; readonly arrow: HTMLDivElement }	btn-primary button, tooltip div, tooltip-arrow child.	browser	specific	none
C1	mailbox	tests/setupBrowser.ts:448	createToastElement	function	function createToastElement(): HTMLDivElement	toast div with toast-body child.	browser	specific	none
C1	mailbox	tests/setupBrowser.ts:456	createCarouselElements	function	function createCarouselElements(count: number): { readonly carousel: HTMLDivElement; readonly inner: HTMLDivElement; readonly items: readonly HTMLDivElement[] }	carousel slide with indicators and items; first marked active.	browser	specific	none
C1	mailbox	tests/setupBrowser.ts:489	createScrollSpyElements	function	function createScrollSpyElements(sectionIds: readonly string[]): { readonly target: HTMLDivElement; readonly nav: HTMLDivElement; readonly sections: readonly HTMLDivElement[] }	200px overflow target with 400px id sections and nav hash links.	browser	general	none
C1	mailbox	tests/setupBrowser.ts:516	createTabElements	function	function createTabElements(): { readonly group: HTMLDivElement; readonly first: HTMLButtonElement; readonly second: HTMLButtonElement; readonly firstPane: HTMLDivElement; readonly secondPane: HTMLDivElement }	nav-tabs two role=tab buttons and tab-content panes pane-1/pane-2.	browser	specific	none
C1	mailbox	tests/setupBrowser.ts:550	createDragListElements	function	function createDragListElements(count: number): { readonly root: HTMLDivElement; readonly rows: readonly HTMLDivElement[] }	drag-list root with data-index rows labelled Row n.	browser	specific	none
C1	mailbox	tests/setupBrowser.ts:573	DisposeHarness	interface	interface DisposeHarness { readonly listeners: () => number; readonly observers: () => number; readonly restore: () => void }	Listener/observer counters and restore for dispose instrumentation.	browser	general	none
C1	mailbox	tests/setupBrowser.ts:579	installDisposeHarness	function	function installDisposeHarness(): DisposeHarness	Patches EventTarget add/remove and IntersectionObserver; counts remaining; restore undoes.	browser	general	none
C1	mailbox	tests/setupBrowser.ts:658	assertCleanDispose	function	function assertCleanDispose<T extends FactoryFixtureInstance>(setup: () => T, exercise?: (instance: T) => void): void	setup, optional exercise, destroy twice; expect listeners, observers, fake timers back to baseline.	browser	general	none
C1	taverna	tests/setupBrowser.ts:60	DESKTOP	const	const DESKTOP = { width: 1280, height: 800 } as const	Viewport 1280x800 above lg 992.	core	specific	none
C1	taverna	tests/setupBrowser.ts:63	MOBILE	const	const MOBILE = { width: 390, height: 844 } as const	Viewport 390x844 below lg 992.	core	specific	none
C1	taverna	tests/setupBrowser.ts:72	viewport	function	async function viewport(size: { readonly width: number; readonly height: number }): Promise<void>	page.viewport to size.width and size.height.	browser	general	exists:stagePane diff:resizes page only; no pane CSS, rAF, or size assert
C1	taverna	tests/setupBrowser.ts:86	deleteDatabase	function	function deleteDatabase(name: string): Promise<void>	indexedDB.deleteDatabase; resolve on success, error, or blocked.	browser	general	none
C1	taverna	tests/setupBrowser.ts:113	uniqueName	function	function uniqueName(prefix = 'taverna-idb'): string	Monotonic `${prefix}-${counter}` incrementing module counter.	core	general	none
C1	taverna	tests/setupBrowser.ts:119	TestDatabaseInterface	interface	interface TestDatabaseInterface<Stores extends StoresShape> { readonly db: IndexedDBDatabaseInterface<Stores>; readonly name: string; cleanup(): Promise<void> }	Connected IndexedDB handle, unique name, close-and-delete cleanup.	browser	general	none
C1	taverna	tests/setupBrowser.ts:139	createTestDatabase	function	async function createTestDatabase<const Stores extends StoresShape>(stores: Stores, options?: { readonly version?: number; readonly prefix?: string }): Promise<TestDatabaseInterface<Stores>>	uniqueName, createIndexedDBDatabase, connect; cleanup closes and deleteDatabase.	browser	general	none
C1	taverna	tests/setupBrowser.ts:166	drainCursor	function	async function drainCursor(first: IndexedDBCursorInterface or null): Promise<readonly IndexedDBCursorInterface[]>	continue() until null, collecting every cursor visited.	browser	general	exists:collect diff:IDB cursor continue chain not generic iterable collect
C1	taverna	tests/setupBrowser.ts:186	errorCode	function	function errorCode(value: unknown): string or undefined	IndexedDBError.code or undefined.	core	general	none
C1	taverna	tests/setupBrowser.ts:200	CleanupRegistrar	type	type CleanupRegistrar = (cleanup: () => Promise<void>) => void	Callback that registers an async cleanup.	core	general	exists:TeardownHandler diff:async-only cleanup parameter
C1	taverna	tests/setupBrowser.ts:205	CleanupRegistrarInterface	interface	interface CleanupRegistrarInterface { push(disposer: () => void or Promise<void>): void; run(): Promise<void> }	Push disposers; run awaits them in registration order then forgets.	core	general	exists:TeardownInterface diff:push/run names; run splices and awaits registration order
C1	taverna	tests/setupBrowser.ts:223	createCleanups	function	function createCleanups(): CleanupRegistrarInterface	Closure array; push appends; run splices and awaits each disposer.	core	general	exists:createTeardown
C1	taverna	tests/setupBrowser.ts:237	SEED_USER_STORES	const	const SEED_USER_STORES = { users: { path: 'id', indexes: [{ name: 'byAge', path: 'age' }, { name: 'byEmail', path: 'email', unique: true }] } } as const satisfies StoresShape	users store id key, byAge and unique byEmail indexes.	core	general	none
C1	taverna	tests/setupBrowser.ts:248	SEED_STORE_STORES	const	const SEED_STORE_STORES = { users: { path: 'id' } } as const satisfies StoresShape	users store keyed by id, no indexes.	core	general	none
C1	taverna	tests/setupBrowser.ts:260	seedUsers	function	async function seedUsers(register: CleanupRegistrar): Promise<IndexedDBDatabaseInterface<typeof SEED_USER_STORES>>	createTestDatabase SEED_USER_STORES, register cleanup, set three age/email rows.	browser	general	none
C1	taverna	tests/setupBrowser.ts:281	seedStore	function	async function seedStore(register: CleanupRegistrar): Promise<IndexedDBDatabaseInterface<typeof SEED_STORE_STORES>>	createTestDatabase SEED_STORE_STORES, register cleanup, set three {id,n} rows.	browser	general	none
C1	taverna	tests/setupBrowser.ts:304	IntegrationDatabaseInterface	interface	interface IntegrationDatabaseInterface { readonly db: DatabaseInterface<typeof INTEGRATION_TABLES>; readonly name: string; cleanup(): Promise<void> }	Core Database over IndexedDB driver, unique name, close-and-delete cleanup.	browser	specific	none
C1	taverna	tests/setupBrowser.ts:321	createIntegrationDatabase	function	function createIntegrationDatabase(): IntegrationDatabaseInterface	uniqueName taverna-idb-int, createDatabase IndexedDB driver INTEGRATION_TABLES, cleanup close+delete.	browser	specific	none
C1	taverna	tests/setupBrowser.ts:348	settleHash	function	async function settleHash(value: string): Promise<void>	Assigns window.location.hash then waitForDelay.	browser	general	exists:waitForDelay diff:sets location.hash first
C1	taverna	tests/setupBrowser.ts:363	createRoutePage	function	function createRoutePage(name: string): (params: Readonly<Record<string, string>>) => Node	Returns render fn tagging div data-page, JSON data-params, textContent name.	browser	general	none
C1	taverna	tests/setupBrowser.ts:377	ConsoleCaptureInterface	interface	interface ConsoleCaptureInterface { readonly log: TestRecorderInterface<readonly [format: string, ...styles: string[]]>; readonly warn: TestRecorderInterface<readonly [format: string, ...styles: string[]]>; readonly error: TestRecorderInterface<readonly [format: string, ...styles: string[]]>; restore(): void }	Recorders for console.log/warn/error plus restore originals.	core	general	exists:RecorderInterface diff:three console-bound recorders plus restore
C1	taverna	tests/setupBrowser.ts:396	captureConsole	function	function captureConsole(): ConsoleCaptureInterface	createRecorder on log/warn/error; restore assigns originals back.	core	general	exists:createRecorder diff:installs recorders on console.log/warn/error with restore
C1	taverna	tests/setupBrowser.ts:426	DomainDatabaseInterface	interface	interface DomainDatabaseInterface { readonly database: DatabaseInterface<typeof tables>; readonly relations: RelationManagerInterface<typeof tables> }	In-memory app database and its relation manager.	core	specific	none
C1	taverna	tests/setupBrowser.ts:448	createDomainDatabase	function	async function createDomainDatabase(options?: { readonly seed?: boolean }): Promise<DomainDatabaseInterface>	createAppDatabase memory driver, defineAppRelations; unless seed false loads full graph.	core	specific	none
C1	taverna	tests/setupBrowser.ts:478	seedDomainOrganizations	function	function seedDomainOrganizations(): readonly Organization[]	Single org SEED_ORG_ID named Taverna Demo timestamps 0.	core	specific	none
C1	taverna	tests/setupBrowser.ts:490	seedDomainUsers	function	function seedDomainUsers(): readonly User[]	One User per SEED_USER_IDS with placeholder hash, Ada/Grace names.	core	specific	none
C1	taverna	tests/setupBrowser.ts:511	entityKey	function	function entityKey(key: string, table = 'accounts'): EntityContentKey	{ source: 'entity', table, key }.	core	specific	none
C1	taverna	tests/setupBrowser.ts:522	chatKey	function	function chatKey(stream: string): ChatContentKey	{ source: 'chat', stream }.	core	specific	none
C1	taverna	tests/setupBrowser.ts:536	entityData	function	function entityData(record: ContentRecord or undefined): EntityData	Throws unless record.data.renderer is entity; returns record.data.	core	specific	none
C1	taverna	tests/setupBrowser.ts:553	chatData	function	function chatData(record: ContentRecord or undefined): ChatData	Throws unless record.data.renderer is chat; returns record.data.	core	specific	none
C1	lloyds	tests/setupBrowser.ts:26	TEARDOWNS	const	const TEARDOWNS: Array<() => void> = []	Sync disposer list; afterEach pops all then body.replaceChildren.	core	general	exists:createTeardown diff:raw array drained by afterEach plus body.replaceChildren
C1	lloyds	tests/setupBrowser.ts:42	typeInput	function	function typeInput(input: HTMLInputElement, value: string): void	Sets input.value and dispatches bubbling input.	browser	general	none
C1	lloyds	tests/setupBrowser.ts:54	commitInput	function	function commitInput(input: HTMLInputElement, value: string): void	typeInput then dispatches bubbling change.	browser	general	none
C1	lloyds	tests/setupBrowser.ts:75	deleteDatabase	function	function deleteDatabase(name: string): Promise<void>	indexedDB.deleteDatabase; resolve on success, error, or blocked.	browser	general	none
C1	lloyds	tests/setupBrowser.ts:93	uniqueName	function	function uniqueName(prefix = 'terrain-idb'): string	Monotonic `${prefix}-${counter}` incrementing module counter.	core	general	none
C1	lloyds	tests/setupBrowser.ts:99	TestDatabaseInterface	interface	interface TestDatabaseInterface<Stores extends StoresShape> { readonly db: IndexedDBDatabaseInterface<Stores>; readonly name: string; cleanup(): Promise<void> }	Connected IndexedDB handle, unique name, close-and-delete cleanup.	browser	general	none
C1	lloyds	tests/setupBrowser.ts:119	createTestDatabase	function	async function createTestDatabase<const Stores extends StoresShape>(stores: Stores, options?: { readonly version?: number; readonly prefix?: string }): Promise<TestDatabaseInterface<Stores>>	uniqueName, createIndexedDBDatabase with version: options?.version, connect; cleanup close+delete.	browser	general	none
C1	lloyds	tests/setupBrowser.ts:147	CleanupRegistrar	type	type CleanupRegistrar = (cleanup: () => Promise<void>) => void	Callback that registers an async cleanup.	core	general	exists:TeardownHandler diff:async-only cleanup parameter
C1	lloyds	tests/setupBrowser.ts:152	CleanupRegistrarInterface	interface	interface CleanupRegistrarInterface { push(disposer: () => void or Promise<void>): void; run(): Promise<void> }	Push disposers; run awaits them in registration order then forgets.	core	general	exists:TeardownInterface diff:push/run names; run splices and awaits registration order
C1	lloyds	tests/setupBrowser.ts:170	createCleanups	function	function createCleanups(): CleanupRegistrarInterface	Closure array; push appends; run splices and awaits each disposer.	core	general	exists:createTeardown
C1	lloyds	tests/setupBrowser.ts:184	SEED_USER_STORES	const	const SEED_USER_STORES = { users: { path: 'id', indexes: [{ name: 'byAge', path: 'age' }, { name: 'byEmail', path: 'email', unique: true }] } } as const satisfies StoresShape	users store id key, byAge and unique byEmail indexes.	core	general	none
C1	lloyds	tests/setupBrowser.ts:195	SEED_STORE_STORES	const	const SEED_STORE_STORES = { users: { path: 'id' } } as const satisfies StoresShape	users store keyed by id, no indexes.	core	general	none
C1	lloyds	tests/setupBrowser.ts:207	seedUsers	function	async function seedUsers(register: CleanupRegistrar): Promise<IndexedDBDatabaseInterface<typeof SEED_USER_STORES>>	createTestDatabase SEED_USER_STORES, register cleanup, set three age/email rows.	browser	general	none
C1	lloyds	tests/setupBrowser.ts:228	seedStore	function	async function seedStore(register: CleanupRegistrar): Promise<IndexedDBDatabaseInterface<typeof SEED_STORE_STORES>>	createTestDatabase SEED_STORE_STORES, register cleanup, set three {id,n} rows.	browser	general	none
C1	indexeddb	tests/setupBrowser.ts:29	deleteDatabase	function	function deleteDatabase(name: string): Promise<void>	indexedDB.deleteDatabase; resolve on success, error, or blocked.	browser	general	none
C1	indexeddb	tests/setupBrowser.ts:47	uniqueName	function	function uniqueName(prefix = 'terrain-idb'): string	Monotonic `${prefix}-${counter}` incrementing module counter.	core	general	none
C1	indexeddb	tests/setupBrowser.ts:53	TestDatabaseInterface	interface	interface TestDatabaseInterface<Stores extends StoresShape> { readonly db: IndexedDBDatabaseInterface<Stores>; readonly name: string; cleanup(): Promise<void> }	Connected IndexedDB handle, unique name, close-and-delete cleanup.	browser	general	none
C1	indexeddb	tests/setupBrowser.ts:72	createTestDatabase	function	async function createTestDatabase<const Stores extends StoresShape>(stores: Stores, options?: { readonly version?: number; readonly prefix?: string }): Promise<TestDatabaseInterface<Stores>>	uniqueName; passes version only if defined; connect; cleanup close+delete.	browser	general	none
C1	indexeddb	tests/setupBrowser.ts:99	drainCursor	function	async function drainCursor(first: IndexedDBCursorInterface or null): Promise<readonly IndexedDBCursorInterface[]>	continue() until null, collecting every cursor visited.	browser	general	exists:collect diff:IDB cursor continue chain not generic iterable collect
C1	indexeddb	tests/setupBrowser.ts:119	errorCode	function	function errorCode(value: unknown): string or undefined	IndexedDBError.code or undefined.	core	general	none
C1	indexeddb	tests/setupBrowser.ts:133	CleanupRegistrar	type	type CleanupRegistrar = (cleanup: () => Promise<void>) => void	Callback that registers an async cleanup.	core	general	exists:TeardownHandler diff:async-only cleanup parameter
C1	indexeddb	tests/setupBrowser.ts:138	CleanupRegistrarInterface	interface	interface CleanupRegistrarInterface { push(disposer: () => void or Promise<void>): void; run(): Promise<void> }	Push disposers; run awaits them in registration order then forgets.	core	general	exists:TeardownInterface diff:push/run names; run splices and awaits registration order
C1	indexeddb	tests/setupBrowser.ts:156	createCleanups	function	function createCleanups(): CleanupRegistrarInterface	Closure array; push appends; run splices and awaits each disposer.	core	general	exists:createTeardown
C1	indexeddb	tests/setupBrowser.ts:170	SEED_USER_STORES	const	const SEED_USER_STORES = { users: { path: 'id', indexes: [{ name: 'byAge', path: 'age' }, { name: 'byEmail', path: 'email', unique: true }] } } as const satisfies StoresShape	users store id key, byAge and unique byEmail indexes.	core	general	none
C1	indexeddb	tests/setupBrowser.ts:181	SEED_STORE_STORES	const	const SEED_STORE_STORES = { users: { path: 'id' } } as const satisfies StoresShape	users store keyed by id, no indexes.	core	general	none
C1	indexeddb	tests/setupBrowser.ts:193	seedUsers	function	async function seedUsers(register: CleanupRegistrar): Promise<IndexedDBDatabaseInterface<typeof SEED_USER_STORES>>	createTestDatabase SEED_USER_STORES, register cleanup, set three age/email rows.	browser	general	none
C1	indexeddb	tests/setupBrowser.ts:216	seedStore	function	async function seedStore(register: CleanupRegistrar): Promise<IndexedDBDatabaseInterface<typeof SEED_STORE_STORES>>	createTestDatabase SEED_STORE_STORES, register cleanup, set three {id,n} rows.	browser	general	none
C1	mcp	tests/setupBrowser.ts:10	buildElement	function	function buildElement(tag = 'div'): HTMLElement	document.createElement, append to document.body, return element.	browser	general	none
C1	mcp	tests/setupBrowser.ts:41	recordPort	function	function recordPort(port: MessagePort): () => readonly JSONRPCMessage[]	message listener decodeEvent string data; drain splices collected frames.	browser	specific	none
C1	mcp	tests/setupBrowser.ts:51	TestScopeCarrierInterface	interface	interface TestScopeCarrierInterface { readonly client: ScopeTransportInterface; readonly server: ScopeTransportInterface; drain(): readonly JSONRPCMessage[] }	Paired scope transports and server-received frame drain.	core	specific	none
C1	mcp	tests/setupBrowser.ts:77	createScopeCarrier	function	function createScopeCarrier(): TestScopeCarrierInterface	Two createScopeTransport halves posting strings into each other; drain server-decoded frames.	core	specific	none
C1	mcp	tests/setupBrowser.ts:126	drainRecorded	function	async function drainRecorded(base: string): Promise<readonly JSONRPCMessage[]>	GET base/recorded JSON; decodeEvent each string; non-array yields [].	core	specific	none
C1	test	tests/setupBrowser.ts:18	buildFixture	function	function buildFixture(markup: string): HTMLDivElement	render(markup), push container onto fixtures, return it.	browser	general	exists:render diff:records container on fixtures list for resetFixtures
C1	test	tests/setupBrowser.ts:34	buildStylesheet	function	function buildStylesheet(css: string): HTMLStyleElement	Creates style, sets textContent, appends to document.head, records fixture.	browser	general	none
C1	test	tests/setupBrowser.ts:50	resetFixtures	function	function resetFixtures(): void	splice fixtures and fixture.remove each.	browser	general	exists:createTeardown diff:removes recorded Elements only, no disposer callbacks
C2	workbench	tests/setupBrowser.ts:43	resolveAccessible	function	(name: string): HTMLElement; (role: string, name: string): HTMLElement	Scrolls off-viewport target into view then returns it or throws.	browser	general	exists:resolveAccessible
C2	workbench	tests/setupBrowser.ts:81	isOutsideViewport	function	(rectangle: DOMRectReadOnly): boolean	Returns true when rectangle does not intersect the window viewport.	browser	general	exists:isOutsideViewport
C2	workbench	tests/setupBrowser.ts:100	resolveRendered	function	(first: string, second?: string): HTMLElement	Finds unique visible focusable enabled named role element via getByRole.	browser	general	exists:resolveRendered
C2	workbench	tests/setupBrowser.ts:148	clickAccessible	function	(name: string): Promise<void>; (role: string, name: string): Promise<void>	Resolves rendered target then clicks it through vitest userEvent.	browser	general	exists:clickAccessible
C2	workbench	tests/setupBrowser.ts:186	clickAccessibleWithin	function	(region: string, role: string, name: string): Promise<void>	Clicks unique reachable named role control inside named region.	browser	general	exists:clickAccessibleWithin
C2	workbench	tests/setupBrowser.ts:239	clickDisclosure	function	(name: string): Promise<void>	Clicks unique visible summary whose innerText equals the given name.	browser	general	exists:clickDisclosure
C2	workbench	tests/setupBrowser.ts:277	typeAccessible	function	(name: string, text: string): Promise<void>	Clicks field, selects all, deletes, then types escaped keystrokes.	browser	general	exists:typeAccessible
C2	workbench	tests/setupBrowser.ts:300	fillAccessible	function	(name: string, text: string): Promise<void>	Fills resolved named field in one userEvent.fill operation.	browser	general	exists:fillAccessible
C2	workbench	tests/setupBrowser.ts:315	pressKeys	function	(keys: string): Promise<void>	Sends the key descriptor string through userEvent.keyboard.	browser	general	exists:pressKeys
C2	workbench	tests/setupBrowser.ts:331	traverseAccessible	function	(name: string): Promise<HTMLElement>	Tabs through focusables until named target receives focus or fails.	browser	general	exists:traverseAccessible
C2	workbench	tests/setupBrowser.ts:378	readPerception	function	(name: string): string	Returns collapsed innerText of unique visible named landmark-like region.	browser	general	exists:readPerception
C2	workbench	tests/setupBrowser.ts:419	mount	function	(component: Component, props?: Readonly<Record<string, unknown>>, provisions?: ReadonlyMap<InjectionKey<unknown> or string, unknown>): () => void	Mounts Vue component with props and provides; returns idempotent unmount cleanup.	browser	general	none
C2	workbench	tests/setupBrowser.ts:450	waitForFrame	function	(): Promise<void>	Returns a promise that resolves on the next animation frame.	browser	general	exists:waitForFrame
C2	workbench	tests/setupBrowser.ts:466	render	function	(markup: string): HTMLDivElement	Parses markup into a new div, appends it to document.body, returns container.	browser	general	exists:render
C2	workbench	tests/setupBrowser.ts:484	setTheme	function	(theme: 'light' or 'dark'): void	Writes Bootstrap theme onto documentElement dataset.bsTheme.	browser	general	none
C2	workbench	tests/setupBrowser.ts:504	capture	function	(state: string): Promise<string or undefined>	If capture env enabled, sets theme and viewport then screenshots named state.	browser	specific	exists:captureFrame diff:VITE_CAPTURE gate, Bootstrap theme, 1440/390 viewport, path tmp/capture/states/${state}--${variant}.png
C2	workbench	tests/setupBrowser.ts:537	resetTheme	function	(): void	Removes the data-bs-theme attribute from documentElement.	browser	general	none
C2	workbench	tests/setupBrowser.ts:560	contrast	function	(element: Element): number	Composites ancestor backgrounds and returns WCAG relative-luminance contrast ratio.	styles	general	exists:contrast
C2	workbench	tests/setupBrowser.ts:644	extractAuthored	function	(source: string, floor: number): readonly string[]	Extracts class tokens from SFC class and :class; throws if below floor.	core	general	none
C2	workbench	tests/setupBrowser.ts:683	readCascade	function	(): ReadonlySet<string>	Collects class names from all document stylesheet CSSStyleRules.	styles	general	exists:readCascade
C2	workbench	tests/setupBrowser.ts:715	readRows	function	(root: ParentNode, selector: string): readonly string[]	Joins each matched element's text-node runs into normalized row strings.	browser	general	exists:readRows
C2	workbench	tests/setupBrowser.ts:740	flattenNodes	function	(nodes: readonly MapNode[]): readonly MapNode[]	Depth-first flattens MapNode trees parent-before-children via unshift.	core	specific	none
C2	workbench	tests/setupBrowser.ts:763	findCollapse	function	(row: Element): Element	Returns the following .collapse sibling, skipping one intervening sibling.	browser	general	none
C2	workbench	tests/setupBrowser.ts:784	style	function	(element: Element, property: string): string	Returns getComputedStyle property value for the element.	styles	general	exists:style
C2	workbench	tests/setupBrowser.ts:806	buildPartialQuantitativeDefinition	function	(): QuantitativeDefinition	Returns a quantitative definition whose strict group fails without record.	core	specific	none
C2	workbench	tests/setupBrowser.ts:857	MemoryWorkspaceStore	class	class MemoryWorkspaceStore implements WorkspaceStoreInterface { save(workspace: Workspace): Promise<void>; load(id: string): Promise<Workspace or undefined>; remove(id: string): Promise<void>; clear(): Promise<void>; destroy(): void }	In-memory Workspace map cloned on save and load.	core	specific	none
C2	workbench	tests/setupBrowser.ts:892	ConfigurableWorkspaceStoreOptions	interface	interface ConfigurableWorkspaceStoreOptions { readonly workspace: Workspace; readonly gate?: Promise<void>; readonly failures?: number; readonly save?: string; readonly saves?: number; readonly write?: Promise<void> }	Options shaping gated, failing, or delayed workspace store I/O.	core	specific	none
C2	workbench	tests/setupBrowser.ts:915	ConfigurableWorkspaceStore	class	class ConfigurableWorkspaceStore implements WorkspaceStoreInterface { constructor(options: ConfigurableWorkspaceStoreOptions); save(workspace: Workspace): Promise<void>; load(id: string): Promise<Workspace or undefined>; remove(_id: string): Promise<void>; clear(): Promise<void>; destroy(): void }	Workspace store with gated loads and configurable save/load failures.	core	specific	none
C2	workbench	tests/setupBrowser.ts:958	IsolatedWorkspaceStore	class	class IsolatedWorkspaceStore implements WorkspaceStoreInterface { release(): void; save(workspace: Workspace): Promise<void>; load(id: string): Promise<Workspace or undefined>; remove(id: string): Promise<void>; clear(): Promise<void>; destroy(): void }	Snapshots workspace at load; pending loads release last-in-first-out.	core	specific	none
C2	scsr	tests/setupBrowser.ts:26	withBootstrap	function	<T>(element: HTMLElement, use: (element: Ref<HTMLElement or null>) => T): readonly [T, () => void]	Mounts Vue app running composable against element ref; returns result and unmount.	browser	general	none
C2	scsr	tests/setupBrowser.ts:58	mountComponent	function	(component: Component, props?: Record<string, unknown>, provides?: Record<string or symbol, unknown>): Promise<readonly [HTMLElement, () => void]>	Mounts component via h() with provides; after nextTick returns container and unmount.	browser	general	none
C2	scsr	tests/setupBrowser.ts:94	createBrowserController	function	(options?: { readonly api?: ApiOptions }): Promise<readonly [AppControllerInterface, () => void]>	Starts memory-backed app store and controller; returns controller and destroy.	core	specific	none
C2	scsr	tests/setupBrowser.ts:116	createApiFetch	function	(handler: (url: string, init?: RequestInit) => Promise<Response>): typeof fetch	Returns fetch that extracts URL string then delegates to the given handler.	core	general	none
C2	scsr	tests/setupBrowser.ts:126	flushPromises	function	(): Promise<void>	Awaits two chained microtask ticks via Promise.resolve.	core	general	none
C2	scsr	tests/setupBrowser.ts:148	blockLocalStorageRead	function	(message = 'blocked'): void	Replaces Storage.getItem so it throws; restores after each test.	browser	general	none
C2	scsr	tests/setupBrowser.ts:154	blockLocalStorageWrite	function	(message = 'blocked'): void	Replaces Storage.setItem so it throws; restores after each test.	browser	general	none
C2	scsr	tests/setupBrowser.ts:160	waitForCondition	function	(resolve: () => boolean, message = 'Expected condition'): Promise<void>	Polls predicate up to 20 times with microtasks and timeouts then throws.	core	general	exists:waitForCondition diff:hard 20-iteration flushPromises+setTimeout(0) and message string vs WaitOptions
C2	scsr	tests/setupBrowser.ts:177	waitForStream	function	(resolve: () => ReadableStreamDefaultController<Uint8Array> or undefined): Promise<ReadableStreamDefaultController<Uint8Array>>	Polls up to 20 times for a defined stream controller then throws.	core	general	none
C2	scsr	tests/setupBrowser.ts:191	writeSse	function	(controller: ReadableStreamDefaultController<Uint8Array>, event: Record<string, string>): void	Enqueues an SSE data JSON chunk onto the stream controller.	core	general	none
C2	scsr	tests/setupBrowser.ts:198	waitForBootstrap	function	(delay = 0): Promise<void>	Awaits Vue nextTick, optional timeout, then another nextTick.	browser	general	exists:waitForDelay diff:two Vue nextTick around optional setTimeout; delay default 0
C2	scsr	tests/setupBrowser.ts:208	dispatchBootstrapEvent	function	(element: Element, name: string, init?: EventInit): Event	Constructs Event, dispatches on element, returns the event.	browser	general	none
C2	scsr	tests/setupBrowser.ts:214	dispatchCarouselEvent	function	(element: Element, name: string, index: number): Event	Dispatches Event with defined to index property on element.	browser	general	none
C2	scsr	tests/setupBrowser.ts:221	createBootstrapElement	function	<K extends keyof HTMLElementTagNameMap>(tag: K, classes: string[] = []): HTMLElementTagNameMap[K]	Creates tagged element, adds classes, appends to document.body.	browser	general	none
C2	scsr	tests/setupBrowser.ts:233	createAlertElement	function	(): HTMLDivElement	Builds dismissible warning alert div with close button in body.	browser	general	none
C2	scsr	tests/setupBrowser.ts:249	createCollapseElement	function	(): HTMLDivElement	Appends an empty div.collapse to document.body.	browser	general	none
C2	scsr	tests/setupBrowser.ts:253	createDropdownElements	function	(): { readonly toggle: HTMLButtonElement; readonly menu: HTMLUListElement }	Builds dropdown wrapper with toggle button and menu list.	browser	general	none
C2	scsr	tests/setupBrowser.ts:270	createModalElement	function	(): HTMLDivElement	Builds modal then dialog then content structure appended to body.	browser	general	none
C2	scsr	tests/setupBrowser.ts:282	createOffcanvasElement	function	(): HTMLDivElement	Builds offcanvas-start panel with body, tabindex -1, in document.	browser	general	none
C2	scsr	tests/setupBrowser.ts:291	createPopoverElement	function	(): HTMLButtonElement	Appends a primary button to document.body.	browser	general	none
C2	scsr	tests/setupBrowser.ts:297	createTooltipElement	function	(): HTMLButtonElement	Appends a primary button to document.body.	browser	general	none
C2	scsr	tests/setupBrowser.ts:303	createToastElement	function	(): HTMLDivElement	Builds toast div containing toast-body, appended to document.body.	browser	general	none
C2	scsr	tests/setupBrowser.ts:311	createCarouselElements	function	(count: number): { readonly carousel: HTMLDivElement; readonly indicators: HTMLDivElement }	Builds carousel with count items, first active, plus indicators.	browser	general	none
C2	scsr	tests/setupBrowser.ts:337	createScrollSpyElements	function	(): { readonly target: HTMLDivElement; readonly navigation: HTMLDivElement }	Builds scroll spy target section and navigation link pair.	browser	general	none
C2	scsr	tests/setupBrowser.ts:360	createTabElements	function	(): { readonly first: HTMLButtonElement; readonly second: HTMLButtonElement; readonly firstPane: HTMLDivElement; readonly secondPane: HTMLDivElement }	Builds two Bootstrap tab buttons and matching tab-pane divs.	browser	general	none
C2	scsr	tests/setupBrowser.ts:408	DatabaseTestSchema	type	type DatabaseTestSchema = { readonly users: { readonly id: string; readonly name: string; readonly email: string }; readonly posts: { readonly id: string; readonly title: string; readonly authorId: string } }	Users and posts store row shapes for IndexedDB tests.	core	specific	none
C2	scsr	tests/setupBrowser.ts:417	TTLTestSchema	type	type TTLTestSchema = { readonly cache: { readonly id: string; readonly data: string; readonly _expiresAt: number } }	Cache row shape including _expiresAt timestamp field.	core	specific	none
C2	scsr	tests/setupBrowser.ts:423	USER_ALICE	const	{ id: 'u1', name: 'Alice', email: 'alice@test.com' }	Fixture user row u1 Alice alice@test.com.	core	specific	none
C2	scsr	tests/setupBrowser.ts:424	USER_BOB	const	{ id: 'u2', name: 'Bob', email: 'bob@test.com' }	Fixture user row u2 Bob bob@test.com.	core	specific	none
C2	scsr	tests/setupBrowser.ts:425	USER_CAROL	const	{ id: 'u3', name: 'Carol', email: 'carol@test.com' }	Fixture user row u3 Carol carol@test.com.	core	specific	none
C2	scsr	tests/setupBrowser.ts:430	PERSON_ALICE	const	{ id: 'u1', name: 'Alice', age: 30, email: 'alice@example.com', deletedAt: null }	Fixture person u1 Alice age 30 not deleted.	core	specific	none
C2	scsr	tests/setupBrowser.ts:452	cleanupTrackedDatabases	function	(): Promise<void>	Closes tracked IDB databases then deletes tracked names.	browser	general	none
C2	scsr	tests/setupBrowser.ts:471	openNativeDatabase	function	(name: string, version: number, onUpgrade?: (database: IDBDatabase, transaction: IDBTransaction, oldVersion: number) => void): Promise<IDBDatabase>	Opens named IndexedDB version, optional upgrade, tracks for cleanup.	browser	general	none
C2	scsr	tests/setupBrowser.ts:499	openPeopleDatabase	function	(name: string): Promise<IDBDatabase>	Opens people store with name index and three person rows.	browser	specific	none
C2	scsr	tests/setupBrowser.ts:520	uniqueDatabaseName	function	(prefix: string): string	Returns prefix-counter-timestamp string using module counter.	core	general	none
C2	scsr	tests/setupBrowser.ts:526	createTestDatabase	function	(): IndexedDBDatabaseInterface<DatabaseTestSchema>	Creates IndexedDB database with users/posts stores and indexes.	browser	specific	none
C2	scsr	tests/setupBrowser.ts:545	createTestDriver	function	(): DriverInterface	Creates IndexedDB driver with items store keyed by id.	browser	specific	none
C2	scsr	tests/setupBrowser.ts:556	createTTLDatabase	function	(): IndexedDBDatabaseInterface<TTLTestSchema>	Creates IndexedDB database with TTL cache store on _expiresAt.	browser	specific	none
C2	scsr	tests/setupBrowser.ts:567	seedUsers	function	(db: IndexedDBDatabaseInterface<DatabaseTestSchema>): Promise<void>	Writes Alice, Bob, and Carol into the users store.	browser	specific	none
C2	scsr	tests/setupBrowser.ts:575	seed	function	(db: IndexedDBDatabaseInterface<DatabaseTestSchema>): Promise<void>	Seeds users then writes two posts into the posts store.	browser	specific	none
C2	elements	tests/setupBrowser.ts:55	createFactoryFixture	function	<T extends { readonly destroy: () => void }>(build: () => T): readonly [T, () => void]	Builds instance, registers idempotent destroy teardown, returns both.	core	general	exists:createTeardown diff:returns [instance, teardown] wrapping destroy(); module FACTORY_TEARDOWNS vs TeardownInterface
C2	elements	tests/setupBrowser.ts:103	mountSetup	function	<T>(setup: () => T, options: { readonly silent?: boolean } = {}): readonly [T, () => void]	Mounts setup-only Vue app; optional silent errorHandler; returns result and unmount.	browser	general	none
C2	elements	tests/setupBrowser.ts:157	withElement	function	<T, E extends HTMLElement = HTMLElement>(element: E, use: (element: Ref<E or null>) => T): readonly [T, () => void]	Runs composable with ref to element inside mountSetup Vue lifecycle.	browser	general	none
C2	elements	tests/setupBrowser.ts:167	waitForBootstrap	function	(delay = 0): Promise<void>	Awaits nextTick, optional waitForDelay, then another nextTick.	browser	general	exists:waitForDelay diff:two Vue nextTick around optional waitForDelay; delay default 0
C2	elements	tests/setupBrowser.ts:181	createDragEvent	function	(name: string, options: { readonly x?: number; readonly y?: number; readonly data?: DataTransfer } = {}): DragEvent	Constructs bubbling cancelable DragEvent with client coords and dataTransfer.	browser	general	none
C2	elements	tests/setupBrowser.ts:191	createPointerEvent	function	(name: string, init: PointerEventInit = {}): PointerEvent	Constructs bubbling cancelable PointerEvent with pointerId 1.	browser	general	none
C2	elements	tests/setupBrowser.ts:202	buildElement	function	<K extends keyof HTMLElementTagNameMap>(tag: K, options: { readonly attrs?: Readonly<Record<string, string>>; readonly text?: string } = {}): HTMLElementTagNameMap[K]	Creates element with attrs and text, appends to document.body.	browser	general	none
C2	elements	tests/setupBrowser.ts:315	assertCleanDispose	function	<T extends { readonly destroy: () => void }>(setup: () => T, exercise?: (instance: T) => void): void	Asserts destroy clears listeners, observers, and fake timers; restores harness.	browser	general	none
C2	elements	tests/setupBrowser.ts:353	createPopoverElements	function	(): { readonly anchor: HTMLButtonElement; readonly panel: HTMLDivElement; readonly arrow: HTMLDivElement }	Builds button anchor, popover div, and arrow child.	browser	general	none
C2	elements	tests/setupBrowser.ts:372	createMenuElements	function	(itemCount = 3): { readonly toggle: HTMLButtonElement; readonly menu: HTMLMenuElement }	Builds toggle button and popover menu with numbered link items.	browser	general	none
C2	elements	tests/setupBrowser.ts:395	createTooltipElements	function	(): { readonly anchor: HTMLButtonElement; readonly panel: HTMLDivElement }	Builds button anchor and empty popover div panel.	browser	general	none
C2	elements	tests/setupBrowser.ts:411	createTabsElements	function	(): { readonly group: HTMLDivElement; readonly trigger: HTMLButtonElement; readonly pane: HTMLDivElement; readonly siblingTrigger: HTMLButtonElement; readonly siblingPane: HTMLDivElement }	Builds tablist with selected sibling tab/pane and inactive pair.	browser	general	none
C2	elements	tests/setupBrowser.ts:438	createFormElements	function	(): { readonly form: HTMLFormElement; readonly username: HTMLInputElement; readonly email: HTMLInputElement }	Builds form with required username text and email inputs.	browser	general	none
C2	elements	tests/setupBrowser.ts:461	inputField	function	(field: HTMLInputElement, value: string): void	Sets input value and dispatches bubbling input event.	browser	general	none
C2	elements	tests/setupBrowser.ts:472	createToastElement	function	(role: string = 'status'): HTMLDivElement	Builds popover div with optional ARIA role, default status.	browser	general	none
C2	elements	tests/setupBrowser.ts:489	runScenario	function	<TState extends string, TEvent extends string, TContext>(scenario: StateScenario<TState, TEvent, TContext>, context: TContext): Promise<void>	Awaits scenario arrange, act, then assert with transition states.	core	specific	none
C2	elements	tests/setupBrowser.ts:498	runScenarios	function	<TState extends string, TEvent extends string, TContext>(scenarios: readonly StateScenario<TState, TEvent, TContext>[], build: (scenario: StateScenario<TState, TEvent, TContext>) => TContext): Promise<void>	Builds context per scenario then runs each through runScenario.	core	specific	none
C2	terrain	tests/setupBrowser.ts:23	TEARDOWNS	const	Array<() => void>	Mutable array of sync cleanup callbacks drained in afterEach.	core	general	exists:createTeardown diff:exported mutable array drained sync in afterEach vs TeardownInterface factory
C2	terrain	tests/setupBrowser.ts:39	typeInput	function	(input: HTMLInputElement, value: string): void	Sets input value and dispatches bubbling input event.	browser	general	none
C2	terrain	tests/setupBrowser.ts:51	commitInput	function	(input: HTMLInputElement, value: string): void	typeInput then dispatches bubbling change event.	browser	general	none
C2	terrain	tests/setupBrowser.ts:72	deleteDatabase	function	(name: string): Promise<void>	Deletes IndexedDB name, resolving on success, error, or blocked.	browser	general	none
C2	terrain	tests/setupBrowser.ts:90	uniqueName	function	(prefix = 'terrain-idb'): string	Returns prefix-counter name using module monotonic counter.	core	general	none
C2	terrain	tests/setupBrowser.ts:96	TestDatabaseInterface	interface	interface TestDatabaseInterface<Stores extends StoresShape> { readonly db: IndexedDBDatabaseInterface<Stores>; readonly name: string; cleanup(): Promise<void> }	Connected db, its unique name, and async cleanup method.	core	general	none
C2	terrain	tests/setupBrowser.ts:116	createTestDatabase	function	<const Stores extends StoresShape>(stores: Stores, options?: { readonly version?: number; readonly prefix?: string }): Promise<TestDatabaseInterface<Stores>>	Opens unique connected IndexedDB for stores; returns db name cleanup.	browser	general	none
C2	terrain	tests/setupBrowser.ts:144	CleanupRegistrar	type	type CleanupRegistrar = (cleanup: () => Promise<void>) => void	Function type accepting an async cleanup callback.	core	general	none
C2	terrain	tests/setupBrowser.ts:149	CleanupRegistrarInterface	interface	interface CleanupRegistrarInterface { push(disposer: () => void or Promise<void>): void; run(): Promise<void> }	Push disposers then run them in registration order.	core	general	exists:createTeardown diff:push/run registrar; run awaits in registration order vs TeardownInterface
C2	terrain	tests/setupBrowser.ts:167	createCleanups	function	(): CleanupRegistrarInterface	Returns registrar storing disposers and awaiting them sequentially on run.	core	general	exists:createTeardown diff:async sequential run of void or Promise disposers vs TeardownInterface
C2	terrain	tests/setupBrowser.ts:181	SEED_USER_STORES	const	{ users: { path: 'id'; indexes: [{ name: 'byAge', path: 'age' }, { name: 'byEmail', path: 'email', unique: true }] } }	users store schema with id path and byAge/byEmail indexes.	core	specific	none
C2	terrain	tests/setupBrowser.ts:192	SEED_STORE_STORES	const	{ users: { path: 'id' } }	Plain users store schema keyed by id path.	core	specific	none
C2	terrain	tests/setupBrowser.ts:204	seedUsers	function	(register: CleanupRegistrar): Promise<IndexedDBDatabaseInterface<typeof SEED_USER_STORES>>	Opens indexed users DB, registers cleanup, sets three age/email rows.	browser	specific	none
C2	terrain	tests/setupBrowser.ts:225	seedStore	function	(register: CleanupRegistrar): Promise<IndexedDBDatabaseInterface<typeof SEED_STORE_STORES>>	Opens plain users DB, registers cleanup, sets three {id,n} rows.	browser	specific	none
C2	router	tests/setupBrowser.ts:18	drainNavigators	function	(navigators: Array<NavigatorInterface<unknown>>): void	Pops and destroy()s every navigator in the given array.	core	specific	exists:createTeardown diff:drains caller array of NavigatorInterface.destroy vs TeardownInterface
C2	router	tests/setupBrowser.ts:27	settleHash	function	(): Promise<void>	Clears location.hash then awaits waitForDelay for hashchange.	browser	general	exists:waitForDelay diff:clears window.location.hash then waitForDelay
C2	router	tests/setupBrowser.ts:39	setHash	function	(value: string): Promise<void>	Sets location.hash then awaits waitForDelay for hashchange.	browser	general	exists:waitForDelay diff:assigns window.location.hash then waitForDelay
C2	router	tests/setupBrowser.ts:52	settleHistory	function	(pathname = '/'): void	replaceState to given pathname defaulting to root slash.	browser	general	none
C2	router	tests/setupBrowser.ts:66	createAnchor	function	(href: string, options?: { readonly target?: string; readonly download?: boolean }): HTMLAnchorElement	Creates same-origin anchor with href and optional target/download, appends.	browser	general	none
C2	router	tests/setupBrowser.ts:89	click	function	(target: EventTarget, options?: { readonly metaKey?: boolean; readonly ctrlKey?: boolean; readonly shiftKey?: boolean; readonly altKey?: boolean; readonly button?: number }): MouseEvent	Dispatches bubbling cancelable composed MouseEvent click with modifiers.	browser	general	none
C2	router	tests/setupBrowser.ts:129	safeClick	function	(target: EventTarget, options?: Parameters<typeof click>[1]): { readonly event: MouseEvent; readonly prevented: boolean }	Clicks then window-captures defaultPrevented and always preventDefault.	browser	general	none
C2	database	tests/setupBrowser.ts:13	deleteDatabase	function	(name: string): Promise<void>	Deletes IndexedDB name, resolving on success, error, or blocked.	browser	general	none
C2	database	tests/setupBrowser.ts:31	uniqueName	function	(prefix = 'taverna-idb'): string	Returns prefix-counter name using module monotonic counter.	core	general	none
C2	database	tests/setupBrowser.ts:50	putIndexedDBValue	function	(database: IDBDatabase, store: string, key: IDBValidKey, value: unknown): Promise<void>	Puts arbitrary value by key in native readwrite transaction.	browser	general	none
C2	database	tests/setupBrowser.ts:69	IntegrationDatabaseInterface	interface	interface IntegrationDatabaseInterface { readonly db: DatabaseInterface<typeof INTEGRATION_TABLES>; readonly name: string; cleanup(): Promise<void> }	Core db over IndexedDB, name, and cleanup.	core	specific	none
C2	database	tests/setupBrowser.ts:85	createIntegrationDatabase	function	(): IntegrationDatabaseInterface	Builds core Database on IndexedDB driver with INTEGRATION_TABLES.	browser	specific	none
C2	console	tests/setupBrowser.ts:8	ConsoleCaptureInterface	interface	interface ConsoleCaptureInterface { readonly log: RecorderInterface<readonly [format: string, ...styles: string[]]>; readonly warn: RecorderInterface<readonly [format: string, ...styles: string[]]>; readonly error: RecorderInterface<readonly [format: string, ...styles: string[]]>; restore(): void }	Recorders for log/warn/error plus restore method.	core	general	none
C2	console	tests/setupBrowser.ts:27	captureConsole	function	(): ConsoleCaptureInterface	Swaps console log/warn/error for recorders; restore puts originals back.	core	general	exists:createRecorder diff:swaps console.log/warn/error onto three recorders plus restore vs recorder factory alone
D1	elements	tests/setupStyles.ts:50	mount	function	function mount<T extends Element>(element: T): T	Appends element to document.body and queues removal teardown.	browser	general	none
D1	elements	tests/setupStyles.ts:62	render	function	function render<K extends keyof HTMLElementTagNameMap>(tag: K, classes: string): HTMLElementTagNameMap[K]	Creates element with className and mounts it.	browser	general	exists:render diff:tag+class HTMLElement factory then mount versus Vue/DOM render
D1	elements	tests/setupStyles.ts:75	build	function	function build<K extends keyof HTMLElementTagNameMap>(tag: K, classes = '', text = ''): HTMLElementTagNameMap[K]	Creates unmounted element with optional className and textContent.	browser	general	none
D1	elements	tests/setupStyles.ts:89	style	function	function style(element: Element, property: string): string	Returns trimmed getComputedStyle property value.	styles	general	exists:style
D1	elements	tests/setupStyles.ts:94	token	function	function token(element: Element, name: string): string	Reads custom property, prefixing -- when missing.	styles	general	none
D1	elements	tests/setupStyles.ts:100	rootToken	function	function rootToken(name: string): string	Reads custom property from document.documentElement.	styles	general	none
D1	elements	tests/setupStyles.ts:112	rgba	function	function rgba(color: string): readonly [number, number, number, number]	Paints probe div; parses computed color into RGBA numbers.	browser	general	exists:parseColor diff:DOM probe plus computed rgb regex versus parseColor
D1	elements	tests/setupStyles.ts:130	colorEqual	function	function colorEqual(a: string, b: string, tolerance = 1): boolean	True when per-channel RGBA deltas stay within tolerance.	browser	general	none
D1	elements	tests/setupStyles.ts:142	pixels	function	function pixels(element: Element, property: string): number	Parses leading number from computed length property, else 0.	styles	general	none
D1	elements	tests/setupStyles.ts:157	findRule	function	function findRule(selectorFragment: string): boolean	True when any stylesheet selectorText contains the fragment.	styles	general	none
D1	mailbox	tests/setupStyles.ts:23	userEvent	const	export { userEvent } from 'vitest/browser'	Re-exports Vitest Playwright-bridge user-event API.	browser	general	none
D1	mailbox	tests/setupStyles.ts:27	STYLE_TEARDOWNS	const	const STYLE_TEARDOWNS: Array<() => void> = []	Public array of per-test teardown callbacks.	core	general	exists:createTeardown diff:exported mutable callback array versus TeardownInterface
D1	mailbox	tests/setupStyles.ts:41	mount	function	function mount<T extends Element>(element: T): T	Appends element to document.body and queues removal teardown.	browser	general	none
D1	mailbox	tests/setupStyles.ts:53	render	function	function render<K extends keyof HTMLElementTagNameMap>(tag: K, classes: string): HTMLElementTagNameMap[K]	Creates element with className and mounts it.	browser	general	exists:render diff:tag+class HTMLElement factory then mount versus Vue/DOM render
D1	mailbox	tests/setupStyles.ts:66	build	function	function build<K extends keyof HTMLElementTagNameMap>(tag: K, classes = '', text = ''): HTMLElementTagNameMap[K]	Creates unmounted element with optional className and textContent.	browser	general	none
D1	mailbox	tests/setupStyles.ts:80	style	function	function style(element: Element, property: string): string	Returns trimmed getComputedStyle property value.	styles	general	exists:style
D1	mailbox	tests/setupStyles.ts:85	token	function	function token(element: Element, name: string): string	Reads custom property, prefixing -- when missing.	styles	general	none
D1	mailbox	tests/setupStyles.ts:91	rootToken	function	function rootToken(name: string): string	Reads custom property from document.documentElement.	styles	general	none
D1	mailbox	tests/setupStyles.ts:99	assertTokens	function	function assertTokens(element: Element, names: readonly string[]): void	Throws if any named token resolves empty on element.	styles	general	none
D1	mailbox	tests/setupStyles.ts:109	describeElement	function	function describeElement(element: Element): string	Returns tagName plus dotted className summary string.	browser	general	exists:describeTree diff:single-element tag.class summary versus tree description
D1	mailbox	tests/setupStyles.ts:125	rgba	function	function rgba(color: string): readonly [number, number, number, number]	Paints probe div; parses computed color into RGBA numbers.	browser	general	exists:parseColor diff:DOM probe plus computed rgb regex versus parseColor
D1	mailbox	tests/setupStyles.ts:143	colorEqual	function	function colorEqual(a: string, b: string, tolerance = 1): boolean	True when per-channel RGBA deltas stay within tolerance.	browser	general	none
D1	mailbox	tests/setupStyles.ts:155	pixels	function	function pixels(element: Element, property: string): number	Parses leading number from computed length property, else 0.	styles	general	none
D1	mailbox	tests/setupStyles.ts:162	width	function	function width(element: Element): number	Returns getBoundingClientRect().width.	browser	general	none
D1	mailbox	tests/setupStyles.ts:167	height	function	function height(element: Element): number	Returns getBoundingClientRect().height.	browser	general	none
D1	mailbox	tests/setupStyles.ts:181	hover	function	async function hover(element: Element): Promise<void>	Real pointer hover via userEvent.hover.	browser	general	none
D1	mailbox	tests/setupStyles.ts:186	unhover	function	async function unhover(): Promise<void>	Moves pointer off hover by hovering document.body.	browser	general	none
D1	mailbox	tests/setupStyles.ts:195	tabTo	function	async function tabTo(element: HTMLElement): Promise<void>	Tabs from body up to 50 times until element is activeElement.	browser	general	exists:pressKeys diff:loops userEvent.tab until activeElement, may set tabindex=0
D1	mailbox	tests/setupStyles.ts:207	isNativelyFocusable	function	function isNativelyFocusable(element: HTMLElement): boolean	True for BUTTON, A, INPUT, SELECT, or TEXTAREA tags.	browser	general	exists:FOCUSABLE_SELECTOR diff:five-tag equality check versus selector constant
D1	mailbox	tests/setupStyles.ts:224	findRule	function	function findRule(selectorFragment: string): boolean	True when walkRules finds selectorText containing fragment.	styles	general	none
D1	mailbox	tests/setupStyles.ts:239	walkRules	function	function walkRules(rules: CSSRuleList, selectorFragment: string): boolean	Recurses CSSStyleRule and CSSGroupingRule for selector substring.	styles	general	none
D1	mailbox	tests/setupStyles.ts:256	findKeyframes	function	function findKeyframes(name: string): boolean	True when some stylesheet has CSSKeyframesRule with that name.	styles	general	none
D1	mailbox	tests/setupStyles.ts:269	walkKeyframes	function	function walkKeyframes(rules: CSSRuleList, name: string): boolean	Recurses grouping rules for CSSKeyframesRule.name match.	styles	general	none
D1	mailbox	tests/setupStyles.ts:283	setTheme	function	function setTheme(value: 'light' \| 'dark'): void	Sets data-bs-theme and queues restore of prior attribute.	browser	specific	none
D1	mailbox	tests/setupStyles.ts:300	BS_COLORS	const	const BS_COLORS = ['primary', 'secondary', 'success', 'info', 'warning', 'danger', 'light', 'dark'] as const	Frozen Bootstrap semantic color name list.	core	specific	none
D1	mailbox	tests/setupStyles.ts:311	BsColor	type	type BsColor = (typeof BS_COLORS)[number]	Union of BS_COLORS string literals.	core	specific	none
D1	mailbox	tests/setupStyles.ts:321	createButtonElement	function	function createButtonElement(extra = ''): HTMLButtonElement	Builds unmounted button.btn with extra classes.	browser	specific	none
D1	mailbox	tests/setupStyles.ts:329	createRevealButton	function	function createRevealButton(modifier: 'btn-reveal' \| 'btn-reveal-end' = 'btn-reveal', label = 'Add new'): { button: HTMLButtonElement; icon: HTMLElement; label: HTMLSpanElement }	Builds btn-primary reveal button with hidden icon and label span.	browser	specific	none
D1	mailbox	tests/setupStyles.ts:349	createCheckPair	function	function createCheckPair(checked = false, classes = 'btn btn-primary'): { input: HTMLInputElement; label: HTMLLabelElement }	Builds btn-check checkbox plus matching label pair.	browser	specific	none
D1	mailbox	tests/setupStyles.ts:369	createButtonGroup	function	function createButtonGroup(size: 'sm' \| 'lg', classes = 'btn btn-primary'): { group: HTMLDivElement; button: HTMLButtonElement }	Builds btn-group-size div containing one button.	browser	specific	none
D1	mailbox	tests/setupStyles.ts:386	createParentWithChildren	function	function createParentWithChildren<P extends keyof HTMLElementTagNameMap, C extends keyof HTMLElementTagNameMap>(parentTag: P, parentClasses: string, childTag: C, childClasses: string, count: number): { parent: HTMLElementTagNameMap[P]; children: readonly HTMLElementTagNameMap[C][] }	Builds parent and appends count children of given tag/classes.	browser	general	none
D1	mailbox	tests/setupStyles.ts:417	renderColorVariant	function	function renderColorVariant<K extends keyof HTMLElementTagNameMap>(tag: K, base: string, color: string, extra = ''): HTMLElementTagNameMap[K]	Renders mounted `{base} {base}-{color}` plus extra classes.	browser	specific	exists:render diff:color-modifier class formula then same tag mount render
D1	mailbox	tests/setupStyles.ts:434	colorRows	function	function colorRows(): readonly { readonly color: BsColor }[]	Maps BS_COLORS to `{ color }` it.each rows.	core	specific	none
D1	mailbox	tests/setupStyles.ts:439	colorRowsExcept	function	function colorRowsExcept(...excluded: readonly BsColor[]): readonly { readonly color: BsColor }[]	colorRows omitting named BsColor values.	core	specific	none
D1	mailbox	tests/setupStyles.ts:450	colorRowsWith	function	function colorRowsWith<T extends Record<string, unknown>>(rows: readonly T[]): readonly (T & { readonly color: BsColor })[]	Cartesian product of rows with every BS_COLORS value.	core	specific	none
D1	mailbox	tests/setupStyles.ts:468	createBadgeElement	function	function createBadgeElement(extra = '', text = '1'): HTMLSpanElement	Builds span.badge with extra classes and text.	browser	specific	none
D1	mailbox	tests/setupStyles.ts:473	createDotElement	function	function createDotElement(extra = ''): HTMLSpanElement	Builds empty span.dot with extra classes.	browser	specific	none
D1	mailbox	tests/setupStyles.ts:478	createKbdElement	function	function createKbdElement(text = 'K'): HTMLElement	Builds kbd element with text.	browser	specific	none
D1	mailbox	tests/setupStyles.ts:483	createCodeElement	function	function createCodeElement(text = 'code'): HTMLElement	Builds code element with text.	browser	specific	none
D1	mailbox	tests/setupStyles.ts:488	createCloseButton	function	function createCloseButton(extra = ''): HTMLButtonElement	Builds type=button.btn-close with aria-label Close.	browser	specific	none
D1	mailbox	tests/setupStyles.ts:496	createSpinnerElement	function	function createSpinnerElement(variant: 'spinner-border' \| 'spinner-grow' = 'spinner-border', extra = ''): HTMLDivElement	Builds role=status spinner with visually-hidden Loading text.	browser	specific	none
D1	mailbox	tests/setupStyles.ts:508	createPlaceholderElement	function	function createPlaceholderElement(extra = ''): HTMLSpanElement	Builds span.placeholder with extra classes.	browser	specific	none
D1	mailbox	tests/setupStyles.ts:513	createSkeletonElement	function	function createSkeletonElement(extra = ''): HTMLDivElement	Builds div.skeleton with extra classes.	browser	specific	none
D1	mailbox	tests/setupStyles.ts:518	createAvatarElement	function	function createAvatarElement(extra = '', withImage = false): { root: HTMLDivElement; image: HTMLImageElement \| null }	Builds div.avatar, optionally appending empty-alt SVG data img.	browser	specific	none
D1	mailbox	tests/setupStyles.ts:535	createAlertElement	function	function createAlertElement(color: BsColor = 'primary', extra = ''): HTMLDivElement	Builds role=alert div.alert.alert-color with Heads up! text.	browser	specific	none
D1	mailbox	tests/setupStyles.ts:542	createTagElement	function	function createTagElement(extra = '', text = 'tag'): HTMLSpanElement	Builds span.tag with extra classes and text.	browser	specific	none
D1	mailbox	tests/setupStyles.ts:547	createBreadcrumbElement	function	function createBreadcrumbElement(labels: readonly string[] = ['Home', 'Library', 'Data']): { nav: HTMLElement; ol: HTMLOListElement; items: readonly HTMLLIElement[] }	Builds aria breadcrumb nav>ol with last item.active.	browser	specific	none
D1	mailbox	tests/setupStyles.ts:567	createPaginationElement	function	function createPaginationElement(count = 3): { ul: HTMLUListElement; items: readonly HTMLLIElement[]; links: readonly HTMLAnchorElement[] }	Builds ul.pagination of page-item/page-link href=# items.	browser	specific	none
D1	mailbox	tests/setupStyles.ts:588	createProgressElement	function	function createProgressElement(percent = 50, extra = ''): { root: HTMLDivElement; bar: HTMLDivElement }	Builds role=progressbar .progress with width-percent .progress-bar.	browser	specific	none
D1	mailbox	tests/setupStyles.ts:601	createEmptyStateElement	function	function createEmptyStateElement(extra = ''): HTMLDivElement	Builds div.empty-state with Nothing here text.	browser	specific	none
D1	mailbox	tests/setupStyles.ts:606	createStatElement	function	function createStatElement(extra = ''): HTMLDivElement	Builds div.stat with 42 text.	browser	specific	none
D1	mailbox	tests/setupStyles.ts:617	createStepperElement	function	function createStepperElement(count = 3): { root: HTMLOListElement; items: readonly HTMLLIElement[]; dots: readonly HTMLSpanElement[]; labels: readonly HTMLSpanElement[] }	Builds ol.stepper of item/dot/label pairs numbered from 1.	browser	specific	none
D1	mailbox	tests/setupStyles.ts:647	createTimelineElement	function	function createTimelineElement(count = 3): { root: HTMLUListElement; items: readonly HTMLLIElement[]; markers: readonly HTMLSpanElement[]; contents: readonly HTMLDivElement[] }	Builds ul.timeline of item/marker/content Event n pairs.	browser	specific	none
D1	mcp	tests/setupConformance.ts:43	CONFORMANCE_PACKAGE	const	const CONFORMANCE_PACKAGE = '@modelcontextprotocol/conformance'	Pinned conformance runner package name string.	core	specific	none
D1	mcp	tests/setupConformance.ts:46	CONFORMANCE_ENTRY	const	const CONFORMANCE_ENTRY = `${CONFORMANCE_PACKAGE}/dist/index.js`	Runner dist/index.js entry inside that package.	core	specific	none
D1	mcp	tests/setupConformance.ts:49	CONFORMANCE_SPEC	const	const CONFORMANCE_SPEC = '2026-07-28'	Protocol revision string passed to the runner.	core	specific	none
D1	mcp	tests/setupConformance.ts:52	CONFORMANCE_IDENTITY	const	const CONFORMANCE_IDENTITY = Object.freeze({ name: 'orkestrel-conformance', version: '0.0.9' })	Frozen initialize name/version the fixture answers.	core	specific	none
D1	mcp	tests/setupConformance.ts:58	CONFORMANCE_TALLY	const	const CONFORMANCE_TALLY = /^\S+ ([a-z0-9-]+): (\d+) passed, (\d+) failed$/	Regex capturing one scenario name/passed/failed line.	core	specific	none
D1	mcp	tests/setupConformance.ts:61	CONFORMANCE_TOTAL	const	const CONFORMANCE_TOTAL = /^Total: (\d+) passed, (\d+) failed$/	Regex capturing runner Total passed/failed line.	core	specific	none
D1	mcp	tests/setupConformance.ts:66	ConformanceScenario	interface	interface ConformanceScenario { readonly name: string; readonly passed: number; readonly failed: number }	One scenario tally as the runner summary reports it.	core	specific	none
D1	mcp	tests/setupConformance.ts:76	ConformanceResult	interface	interface ConformanceResult { readonly scenarios: readonly ConformanceScenario[]; readonly passed: number; readonly failed: number }	Parsed whole-run scenarios plus totals.	core	specific	none
D1	mcp	tests/setupConformance.ts:97	CONFORMANCE_CONTENT	const	const CONFORMANCE_CONTENT: Readonly<Record<string, readonly MCPContent[]>>	Frozen rich MCPContent lists keyed by test_* tool name.	core	specific	none
D1	mcp	tests/setupConformance.ts:129	buildConformanceTools	function	function buildConformanceTools(): ToolManagerInterface	Creates ToolManager with every test_* conformance tool.	core	specific	none
D1	mcp	tests/setupConformance.ts:214	CONFORMANCE_RESOURCES	const	const CONFORMANCE_RESOURCES: readonly MCPResource[]	Frozen static resources advertised over resources/list.	core	specific	none
D1	mcp	tests/setupConformance.ts:230	CONFORMANCE_CONTENTS	const	const CONFORMANCE_CONTENTS: Readonly<Record<string, readonly MCPResourceContents[]>>	Frozen contents keyed by static resource URI.	core	specific	none
D1	mcp	tests/setupConformance.ts:254	CONFORMANCE_TEMPLATE	const	const CONFORMANCE_TEMPLATE = /^test:\/\/template\/([^/]+)\/data$/	Regex matching substituted template resource URIs.	core	specific	none
D1	mcp	tests/setupConformance.ts:257	CONFORMANCE_DESCRIPTOR	const	const CONFORMANCE_DESCRIPTOR = 'test://template/{id}/data'	URI template string advertised over templates/list.	core	specific	none
D1	mcp	tests/setupConformance.ts:265	readConformanceTemplate	function	function readConformanceTemplate(uri: string): readonly MCPResourceContents[] \| undefined	If URI matches template, returns JSON document for captured id.	core	specific	none
D1	mcp	tests/setupConformance.ts:282	CONFORMANCE_PROMPTS	const	const CONFORMANCE_PROMPTS: readonly MCPPrompt[]	Frozen prompts advertised over prompts/list.	core	specific	none
D1	mcp	tests/setupConformance.ts:318	buildConformanceMessages	function	function buildConformanceMessages(name: string, values: Readonly<Record<string, string>>): readonly MCPPromptMessage[] \| undefined	Substitutes named prompt arguments into fixture messages.	core	specific	none
D1	mcp	tests/setupConformance.ts:374	CONFORMANCE_CANDIDATES	const	const CONFORMANCE_CANDIDATES: Readonly<Record<string, Readonly<Record<string, readonly string[]>>>>	Completion candidate strings per prompt argument.	core	specific	none
D1	mcp	tests/setupConformance.ts:387	CONFORMANCE_IDENTIFIERS	const	const CONFORMANCE_IDENTIFIERS: readonly string[]	Frozen template completion identifiers 123, 456, 789.	core	specific	none
D1	mcp	tests/setupConformance.ts:396	buildConformanceCompletion	function	function buildConformanceCompletion(candidates: readonly string[], value: string): MCPCompletion	Prefix-filters candidates and returns values plus total length.	core	specific	none
D1	mcp	tests/setupConformance.ts:414	buildConformanceOptions	function	function buildConformanceOptions(): MCPServerOptions	Assembles identity, tools, resources, prompts, completion, execution ports.	core	specific	none
D1	mcp	tests/setupConformance.ts:491	startConformance	function	async function startConformance(): Promise<StartedServerInterface<undefined>>	Starts createMCPRoutes on ephemeral loopback via startServer.	core	specific	none
D1	mcp	tests/setupConformance.ts:512	readConformanceRelease	function	function readConformanceRelease(): string	Reads pinned CONFORMANCE_PACKAGE version from package.json devDependencies.	server	specific	none
D1	mcp	tests/setupConformance.ts:537	resolveConformanceRunner	function	function resolveConformanceRunner(): string	createRequire-resolves CONFORMANCE_ENTRY or throws install instructions.	server	specific	none
D1	mcp	tests/setupConformance.ts:558	executeRunner	function	async function executeRunner(command: readonly string[]): Promise<string>	Spawns Node on the runner entry; joins stdout and stderr.	server	specific	none
D1	mcp	tests/setupConformance.ts:577	parseConformance	function	function parseConformance(output: string): ConformanceResult \| undefined	Parses SUMMARY tally lines until Total; undefined if no Total.	core	specific	none
D1	mcp	tests/setupConformance.ts:613	executeConformance	function	async function executeConformance(url: string): Promise<ConformanceResult>	Runs server suite at url and spec; throws if no summary.	core	specific	none
D1	mcp	tests/setupGlobal.ts:15	BrowserFixtureModuleInterface	interface	interface BrowserFixtureModuleInterface { start(): Promise<BrowserFixtureInterface> }	Isolated fixture module must export start().	core	specific	none
D1	mcp	tests/setupGlobal.ts:21	isBrowserFixtureModule	function	function isBrowserFixtureModule(value: unknown): value is BrowserFixtureModuleInterface	True when value is a record with a function start.	core	general	none
D1	mcp	tests/setupGlobal.ts:31	setup	function	async function setup(project: TestProject): Promise<() => Promise<void>>	Vite-SSR-loads browserServer fixture, provide('server'), returns stop/close.	server	specific	none
D1	ollama	tests/setupService.ts:7	OLLAMA_CONFIG	const	const OLLAMA_CONFIG = Object.freeze({ host: withScheme(env('OLLAMA_HOST', 'http://localhost:11434')), model: env('OLLAMA_MODEL', 'qwen3.5:2b-q4_K_M') })	Frozen live daemon URL and model from env with defaults.	core	specific	none
D1	ollama	tests/setupService.ts:13	LiveProviderOptions	interface	interface LiveProviderOptions { readonly predict?: number; readonly temperature?: number; readonly format?: ContextFormatInterface }	Optional num_predict, temperature, and framing overrides.	core	specific	none
D1	ollama	tests/setupService.ts:28	createLiveOllama	function	function createLiveOllama(options?: LiveProviderOptions): OllamaProvider	Constructs OllamaProvider against OLLAMA_CONFIG host/model.	core	specific	none
D1	ollama	tests/setupService.ts:48	createLiveSummarizer	function	function createLiveSummarizer(timeoutMs: number, predict = 64): (messages: readonly MessageInterface[]) => Promise<string>	Returns generate() summarizer appending a one-sentence user instruction.	core	specific	none
D1	ollama	tests/setupService.ts:78	isOllamaReady	function	async function isOllamaReady(): Promise<boolean>	GET /api/tags within 5s; true if configured model is listed.	core	specific	none
D1	ollama	tests/setupService.ts:103	warmOllama	function	async function warmOllama(): Promise<void>	POST /api/chat one-token warmup with keep_alive 30m; throws on failure.	core	specific	none
D1	ollama	tests/setupService.ts:134	FAST_OPTIONS	const	const FAST_OPTIONS = Object.freeze({ num_predict: 8, temperature: 0 })	Frozen sampling bag for content/usage round-trips.	core	specific	none
D1	ollama	tests/setupService.ts:137	STREAM_OPTIONS	const	const STREAM_OPTIONS = Object.freeze({ num_predict: 16, temperature: 0 })	Frozen sampling bag for multi-delta streaming round-trips.	core	specific	none
D1	ollama	tests/setupService.ts:140	TOOL_OPTIONS	const	const TOOL_OPTIONS = Object.freeze({ num_predict: 32, temperature: 0 })	Frozen sampling bag for tool-call round-trips.	core	specific	none
D1	ollama	tests/setupService.ts:143	ABORT_OPTIONS	const	const ABORT_OPTIONS = Object.freeze({ num_predict: 64, temperature: 0 })	Frozen sampling bag for abort/deadline round-trips.	core	specific	none
D1	ollama	tests/setupService.ts:146	SEED_OPTIONS	const	const SEED_OPTIONS = Object.freeze({ num_predict: 8, temperature: 0, seed: 42 })	Frozen sampling bag for seeded deterministic round-trips.	core	specific	none
D1	ollama	tests/setupService.ts:149	THINK_OPTIONS	const	const THINK_OPTIONS = Object.freeze({ num_predict: 8, temperature: 0 })	Frozen sampling bag for native-thinking round-trips.	core	specific	none
D1	ollama	tests/setupService.ts:152	ATTEMPTS	const	const ATTEMPTS = 6	Default maximum attempts for bounded model-behavior retries.	core	general	none
D1	ollama	tests/setupService.ts:164	retryUntil	function	async function retryUntil<T>(produce: () => Promise<T>, satisfied: (value: T) => boolean, description: string, attempts = ATTEMPTS): Promise<T>	Awaits produce until satisfied; throws JSON of last value.	core	general	exists:retryUntil diff:positional attempts default 6 and description error versus RetryOptions
D1	ollama	tests/setupService.ts:182	TOOL_LOOP_OPTIONS	const	const TOOL_LOOP_OPTIONS = Object.freeze({ num_predict: 64, temperature: 0 })	Frozen sampling bag for two-turn tool-loop requests.	core	specific	none
D1	scsr	tests/setupStyles.ts:22	mount	function	function mount<T extends Element>(element: T): T	Appends element to document.body and queues removal teardown.	browser	general	none
D1	scsr	tests/setupStyles.ts:29	render	function	function render<K extends keyof HTMLElementTagNameMap>(tag: K, classes = ''): HTMLElementTagNameMap[K]	Creates element with optional className and mounts it.	browser	general	exists:render diff:tag+class HTMLElement factory then mount versus Vue/DOM render
D1	scsr	tests/setupStyles.ts:39	build	function	function build<K extends keyof HTMLElementTagNameMap>(tag: K, classes = '', text = ''): HTMLElementTagNameMap[K]	Creates unmounted element with optional className and textContent.	browser	general	none
D1	scsr	tests/setupStyles.ts:52	style	function	function style(element: Element, property: string): string	Returns trimmed getComputedStyle property value.	styles	general	exists:style
D1	scsr	tests/setupStyles.ts:56	token	function	function token(element: Element, name: string): string	Reads custom property, prefixing -- when missing.	styles	general	none
D1	scsr	tests/setupStyles.ts:60	rootToken	function	function rootToken(name: string): string	Reads custom property from document.documentElement.	styles	general	none
D1	scsr	tests/setupStyles.ts:64	pixels	function	function pixels(element: Element, property: string): number	Parses leading number from computed length property, else 0.	styles	general	none
D1	scsr	tests/setupStyles.ts:72	rgba	function	function rgba(color: string): readonly [number, number, number, number]	Paints probe div; parses computed color into RGBA numbers.	browser	general	exists:parseColor diff:DOM probe plus computed rgb regex versus parseColor
D1	scsr	tests/setupStyles.ts:88	colorEqual	function	function colorEqual(a: string, b: string, tolerance = 1): boolean	True when per-channel RGBA deltas stay within tolerance.	browser	general	none
D1	scsr	tests/setupStyles.ts:99	findRule	function	function findRule(selectorFragment: string): boolean	True when any stylesheet selectorText contains the fragment.	styles	general	none
D1	supervisor	tests/setupApplicationServer.ts:41	createApplicationProcess	function	function createApplicationProcess(root: string, overrides: ApplicationEnvironment = {}): ApplicationEnvironment	Frozen APP_ASSETS plus APP_WORKSPACE under root, with overrides.	server	specific	none
D1	supervisor	tests/setupApplicationServer.ts:53	ApplicationCookieJar	class	class ApplicationCookieJar { get header(): string \| undefined; get(name: string): string \| undefined; capture(response: Response): readonly string[] }	Map jar: capture parses Set-Cookie; Max-Age=0 deletes; header joins pairs.	core	general	exists:createCookieJar diff:class Map from Set-Cookie versus CookieJarInterface factory
D1	supervisor	tests/setupApplicationServer.ts:85	putApplicationSecret	function	function putApplicationSecret(server: ApplicationServerInterface, jar: ApplicationCookieJar, csrf: string, secret: string): Promise<Response>	PUT JSON {secret} to APP_SECRET_PATH with CSRF and jar cookie.	core	specific	none
D1	supervisor	tests/setupApplicationServer.ts:104	ApplicationProcessInterface	interface	interface ApplicationProcessInterface { readonly child: ChildProcess; stdout(): string; stderr(): string; output(): string }	Live child plus captured stdout/stderr accessors.	server	specific	none
D1	supervisor	tests/setupApplicationServer.ts:112	ApplicationProcessExitInterface	interface	interface ApplicationProcessExitInterface { readonly code: number \| null; readonly signal: string \| null }	Child close code and signal.	core	general	none
D1	supervisor	tests/setupApplicationServer.ts:118	EnvironmentFixtureCLIBackend	class	class EnvironmentFixtureCLIBackend implements CLIBackendInterface { readonly file; readonly name; build(_input: CLIBackendInput): readonly string[]; parse(frame: unknown): readonly CLIEvent[] }	Node -e backend that JSON-prints env values matching planted secrets.	core	specific	none
D1	supervisor	tests/setupApplicationServer.ts:157	destroyApplicationScratch	function	async function destroyApplicationScratch(scratch: ScratchInterface): Promise<void>	Retries scratch.destroy() until 10s deadline at 25ms.	core	general	exists:destroyScratch diff:10s retry with waitForDelay(25) versus single destroy
D1	supervisor	tests/setupApplicationServer.ts:186	spawnApplicationCommand	function	function spawnApplicationCommand(file: string, args: readonly string[], environment: Readonly<Record<string, string>>, directory: string): ApplicationProcessInterface	Spawns child stripping inherited APP_* env; captures piped stdio.	server	specific	none
D1	supervisor	tests/setupApplicationServer.ts:234	spawnApplicationProcess	function	function spawnApplicationProcess(environment: Readonly<Record<string, string>>, directory: string): ApplicationProcessInterface	spawnApplicationCommand of process.execPath plus dist/app/server/main.cjs.	server	specific	none
D1	supervisor	tests/setupApplicationServer.ts:259	spawnApplicationExecutable	function	function spawnApplicationExecutable(environment: Readonly<Record<string, string>>, directory: string): ApplicationProcessInterface	Spawns dist/sea/supervisor[.exe] or throws if missing.	server	specific	none
D1	supervisor	tests/setupApplicationServer.ts:288	startApplicationProcess	function	function startApplicationProcess(port: number, environment: Readonly<Record<string, string>> = {}, directory = process.cwd()): ApplicationProcessInterface	spawnApplicationProcess with harness host/port/assets/principals/users/secrets.	server	specific	none
D1	supervisor	tests/setupApplicationServer.ts:319	waitForApplicationReady	function	async function waitForApplicationReady(application: ApplicationProcessInterface): Promise<string>	Parses one [READY] origin then requires health JSON name/status ok.	core	specific	none
D1	supervisor	tests/setupApplicationServer.ts:353	waitForApplicationStderr	function	async function waitForApplicationStderr(application: ApplicationProcessInterface, fragment: string): Promise<string>	Polls stderr for fragment 10s at 25ms; throws if child already exited.	core	specific	exists:waitForCondition diff:stderr-includes poll on ApplicationProcessInterface versus generic condition
D1	supervisor	tests/setupApplicationServer.ts:370	waitForApplicationProcess	function	async function waitForApplicationProcess(application: ApplicationProcessInterface): Promise<ApplicationProcessExitInterface>	Returns current exit or once(child,'close') with 10s abort.	server	specific	exists:waitForSocketClose diff:child close code/signal versus socket close
D1	supervisor	tests/setupApplicationServer.ts:386	stopApplicationProcess	function	async function stopApplicationProcess(application: ApplicationProcessInterface): Promise<void>	SIGTERM then wait; SIGKILL if still alive after wait failure.	core	specific	none
D1	supervisor	tests/setupApplicationServer.ts:402	waitForApplicationResponse	function	async function waitForApplicationResponse(application: ApplicationProcessInterface, origin: string, path = '/'): Promise<Response>	Polls fetch origin+path 10s at 25ms with 250ms timeout.	core	specific	exists:waitForCondition diff:fetch-success poll versus generic condition
D1	supervisor	tests/setupBrowserServer.ts:21	APPLICATION_BROWSER_TOKEN	const	const APPLICATION_BROWSER_TOKEN = 'browser-automation'	Bearer token for integration Node automation path.	core	specific	none
D1	supervisor	tests/setupBrowserServer.ts:24	APPLICATION_SETUP_TOKEN	const	const APPLICATION_SETUP_TOKEN = '0d51f6b8c47a29e3b0d84f17c6a95e2b3f7d0c81a4e69b52d3f80c17a6e94b25'	Bearer token planted beside provisional browser-test login.	core	specific	none
D1	supervisor	tests/setupBrowserServer.ts:28	APPLICATION_BROWSER_TTL	const	const APPLICATION_BROWSER_TTL = 3_000	Idle session lifetime for dedicated expiry server, milliseconds.	core	specific	none
D1	supervisor	tests/setupBrowserServer.ts:40	APPLICATION_SETUP_OVERLAY	const	const APPLICATION_SETUP_OVERLAY: Readonly<Record<string, string>>	Frozen APP_PRINCIPALS/APP_SETUP/session/csrf values written to setup file.	core	specific	none
D1	supervisor	tests/setupBrowserServer.ts:48	BrowserServerFixture	interface	interface BrowserServerFixture { readonly application: ApplicationProcessInterface; readonly temporary: ScratchInterface; readonly origin: string }	Started child, disposable workspace, and origin.	core	specific	none
D1	supervisor	tests/setupBrowserServer.ts:55	BrowserServerOptions	interface	interface BrowserServerOptions { readonly environment: Readonly<Record<string, string>>; readonly prefix: string }	Process env overrides and scratch prefix.	core	specific	none
D1	supervisor	tests/setupBrowserServer.ts:72	releaseBrowserServers	function	async function releaseBrowserServers(booted: readonly BrowserServerFixture[]): Promise<void>	Destroys fixtures newest-first; throws first error after all attempts.	core	specific	exists:createTeardown diff:reverse walk of BrowserServerFixture versus TeardownInterface
D1	supervisor	tests/setupBrowserServer.ts:92	destroyBrowserServer	function	async function destroyBrowserServer(fixture: BrowserServerFixture): Promise<void>	stopApplicationProcess then destroyApplicationScratch in finally.	core	specific	none
D1	supervisor	tests/setupBrowserServer.ts:112	createSetupServer	function	async function createSetupServer(): Promise<BrowserServerFixture>	Scratch plus mode-600 setup file, spawnApplicationProcess, waitForApplicationReady.	server	specific	exists:createScratch diff:writes APP_SETUP_FILE overlay then spawns first-run server versus scratch factory alone
D1	supervisor	tests/setupBrowserServer.ts:153	createBrowserServer	function	async function createBrowserServer(options: BrowserServerOptions): Promise<BrowserServerFixture>	Scratch plus startApplicationProcess memory-store roster; origin from ready wait.	core	specific	exists:createScratch diff:starts harness application with APP_WORKSPACE=scratch versus scratch factory alone
D1	supervisor	tests/setupBrowserServer.ts:198	setup	function	async function setup(project: TestProject): Promise<() => Promise<void>>	Boots standard, expiry, and setup servers; provide('application') seam; teardown releases.	core	specific	none
D1	supervisor	tests/setupGuides.ts:6	GUIDE_ROOT	const	const GUIDE_ROOT = resolveRoot(import.meta)	Repository root from resolveRoot(import.meta).	core	specific	exists:resolveRoot diff:bound root constant versus resolver function
D1	supervisor	tests/setupGuides.ts:8	SELF_SPECIFIERS	const	const SELF_SPECIFIERS = ['@orkestrel/supervisor', '@orkestrel/supervisor/server', '@src/core', '@src/server', '@app/core', '@app/server', '@app/browser']	Package specifiers used by guide/source parity.	core	specific	none
D1	supervisor	tests/setupGuides.ts:19	GUIDE_FILES	const	const GUIDE_FILES = Object.freeze(readInventory(GUIDE_ROOT, ['src', 'app', 'guides', 'tests', 'AGENTS.md'], { extensions: ['.cts', '.md', '.mts', '.ts', '.tsx'], exclude: ['app/browser/main.ts', 'app/browser/showcase.ts', 'app/server/main.ts'] }))	Frozen inventory of guide/source corpus files.	core	specific	exists:readInventory diff:pre-bound frozen inventory versus reader function
D1	supervisor	tests/setupGuides.ts:26	GUIDE_SOURCES	const	const GUIDE_SOURCES = createSourceManager({ files: GUIDE_FILES, modules: { '@orkestrel/supervisor': 'src/core', '@orkestrel/supervisor/server': 'src/server', '@src/core': 'src/core', '@src/server': 'src/server', '@app/core': 'app/core', '@app/server': 'app/server', '@app/browser': 'app/browser' } })	Source manager mapping specifiers onto GUIDE_FILES.	core	specific	none
D1	supervisor	tests/setupGuides.ts:39	exportsFor	function	function exportsFor(specifier: string): readonly string[]	Export names from GUIDE_SOURCES.source(specifier), or empty.	core	specific	none
D1	supervisor	tests/setupGuides.ts:48	GUIDE_MANIFEST	const	const GUIDE_MANIFEST = parseManifest(requireValue(GUIDE_FILES['guides/README.md'], 'Missing file: guides/README.md'), 'guides')	Parsed guides/README.md manifest.	core	specific	exists:requireValue diff:pre-parsed manifest versus throw-if-missing helper
D1	supervisor	tests/setupService.ts:8	SERVICE_INFERENCE_PROMPT	const	const SERVICE_INFERENCE_PROMPT = 'Reply with exactly OK.'	Prompt text shared by live CLI inference proofs.	core	specific	none
D1	supervisor	tests/setupService.ts:11	ServiceInferenceResult	interface	interface ServiceInferenceResult { readonly deltas: readonly ProviderDelta[]; readonly result: ProviderResult }	Ordered stream deltas plus terminal provider result.	core	specific	none
D1	supervisor	tests/setupService.ts:22	collectServiceInference	function	async function collectServiceInference(provider: ProviderInterface): Promise<ServiceInferenceResult>	Drains provider.stream think:false 110s into frozen deltas and result.	core	specific	exists:collectStream diff:ProviderInterface.stream with think:false and 110s abort versus generic stream collect
D1	supervisor	tests/setupService.ts:44	expectServiceInference	function	function expectServiceInference(output: ServiceInferenceResult): void	Vitest asserts OK content, content-only deltas, usage.total, no thinking/tools.	core	specific	none
D1	supervisor	tests/setupService.ts:67	resolveServiceModel	function	function resolveServiceModel(provider: string): string	Maps claude/codex/cursor/ollama to env or default model; throws if empty.	core	specific	none
D1	supervisor	tests/setupService.ts:96	reportServiceModel	function	function reportServiceModel(provider: string, model: string): void	Writes `[service:provider] model=model` to process.stdout.	core	specific	none
D1	supervisor	tests/setupService.ts:105	prepareServiceProvider	function	function prepareServiceProvider(): string	Requires SUPERVISOR_SERVICE_PROVIDER; spawnSync auth/status; returns resolveServiceModel.	server	specific	none
D1	supervisor	tests/setupService.ts:143	OLLAMA_SERVICE_HOST	const	const OLLAMA_SERVICE_HOST = (() => { const host = process.env.OLLAMA_HOST ?? 'http://127.0.0.1:11434'; return host.startsWith('http://') \|\| host.startsWith('https://') ? host : `http://${host}` })()	OLLAMA_HOST or 127.0.0.1:11434, with http:// prefix if scheme-less.	core	specific	none
D1	supervisor	tests/setupService.ts:149	isOllamaServiceReady	function	async function isOllamaServiceReady(model: string): Promise<boolean>	GET /api/tags within 5s; true if name or model equals argument.	core	specific	none
D1	supervisor	tests/setupService.ts:169	warmOllamaService	function	async function warmOllamaService(model: string): Promise<void>	POST /api/chat one-token temperature 0; throws on non-OK; drains body.	core	specific	none
D1	supervisor	tests/setupService.ts:191	prepareOllamaService	function	async function prepareOllamaService(): Promise<string>	Six times: ready then warm; else wait 1s; throws if still missing.	core	specific	exists:retryUntil diff:readiness+warm loop with waitForDelay(1000) versus produce/satisfied
D1	supervisor	tests/setupService.ts:206	retryUntil	function	async function retryUntil<T>(produce: () => Promise<T>, satisfied: (value: T) => boolean, description: string, attempts = 6): Promise<T>	Awaits produce until satisfied; throws JSON of last value.	core	general	exists:retryUntil diff:positional attempts default 6 and service-did-not error versus RetryOptions
D1	supervisor	tests/setupService.ts:223	SERVICE_MODEL	const	const SERVICE_MODEL = process.env.SUPERVISOR_SERVICE_PROVIDER === 'ollama' ? await prepareOllamaService() : prepareServiceProvider()	Model from Ollama prepare or CLI provider prepare.	core	specific	none
D1	taverna	tests/setupOllama.ts:15	env	function	function env(name: string, fallback: string): string	process.env[name] if non-empty; else fallback (also if no process).	core	general	none
D1	taverna	tests/setupOllama.ts:25	withScheme	function	function withScheme(value: string): string	Prefixes http:// unless value already has http:// or https://.	core	general	none
D1	taverna	tests/setupOllama.ts:31	OLLAMA_CONFIG	const	const OLLAMA_CONFIG = { host: withScheme(env('OLLAMA_HOST', 'http://localhost:11434')), model: env('OLLAMA_MODEL', 'qwen3.5:2b-q4_K_M') } as const	Daemon URL and model from env with defaults.	core	specific	none
D1	taverna	tests/setupOllama.ts:39	isOllamaAvailable	function	async function isOllamaAvailable(): Promise<boolean>	GET /api/tags within 5s; true only when response.ok.	core	specific	none
D1	taverna	tests/setupOllama.ts:109	FAST_OPTIONS	const	const FAST_OPTIONS = Object.freeze({ num_predict: 8, temperature: 0 })	Frozen sampling bag for content/usage/thinking-off round-trips.	core	specific	none
D1	taverna	tests/setupOllama.ts:112	STREAM_OPTIONS	const	const STREAM_OPTIONS = Object.freeze({ num_predict: 16, temperature: 0 })	Frozen sampling bag for multi-delta streaming round-trips.	core	specific	none
D1	taverna	tests/setupOllama.ts:120	TOOL_OPTIONS	const	const TOOL_OPTIONS = Object.freeze({ num_predict: 96, temperature: 0 })	Frozen sampling bag for tool-call turns.	core	specific	none
D1	taverna	tests/setupOllama.ts:123	ABORT_OPTIONS	const	const ABORT_OPTIONS = Object.freeze({ num_predict: 64, temperature: 0 })	Frozen sampling bag for abort/deadline round-trips.	core	specific	none
D1	taverna	tests/setupOllama.ts:131	THINK_OPTIONS	const	const THINK_OPTIONS = Object.freeze({ num_predict: 8, temperature: 0 })	Frozen sampling bag for think-stream assertions.	core	specific	none
D1	taverna	tests/setupOllama.ts:134	LiveServerProviderOptions	interface	interface LiveServerProviderOptions { readonly options?: Readonly<Record<string, unknown>>; readonly url?: string; readonly think?: boolean }	Optional sampling bag, daemon URL, and think flag.	core	specific	none
D1	taverna	tests/setupOllama.ts:165	createLiveServerProvider	function	function createLiveServerProvider(options?: LiveServerProviderOptions): ProviderInterface	requireLoopback then createOllama on OLLAMA_CONFIG with FAST_OPTIONS and think false defaults.	core	specific	none
D1	taverna	tests/setupOllama.ts:188	ATTEMPTS	const	const ATTEMPTS = 6	Default retryUntil attempt count.	core	general	none
D1	taverna	tests/setupOllama.ts:204	retryUntil	function	async function retryUntil<T>(produce: () => Promise<T>, satisfied: (value: T) => boolean, description: string, attempts = ATTEMPTS): Promise<T>	Awaits produce until satisfied; throws JSON of last value.	core	general	exists:retryUntil diff:positional attempts default 6 and description error versus RetryOptions
D1	tsea	tests/setupClient.ts:29	stubFetch	function	function stubFetch(): ReturnType<typeof vi.fn>	vi.fn fetch resolving ok json []; stubGlobal fetch; returns spy.	core	general	none
D1	tsea	tests/setupClient.ts:44	fetchResponse	function	function fetchResponse(data: unknown, status = 200): Response	Partial Response with ok/status/statusText and json() of data.	core	general	none
D1	tsea	tests/setupClient.ts:59	TestEventSource	class	class TestEventSource { url: string; onopen; onmessage; onerror; readyState; static CONNECTING/OPEN/CLOSED; constructor(url: string); close(); simulateMessage(data: unknown); simulateError() }	Fake EventSource; simulateMessage JSON-stringifies data into onmessage.	browser	general	none
D1	tsea	tests/setupClient.ts:100	stubEventSource	function	function stubEventSource(): () => TestEventSource	stubGlobal EventSource subclass capturing instance; returns getter.	core	general	none
D1	tsea	tests/setupScripts.ts:39	TempDir	interface	interface TempDir { readonly path: string; readonly cleanup: () => void }	Temporary directory path plus cleanup callback.	core	general	exists:ScratchInterface diff:path+cleanup only versus Scratch identity/options/inventory
D1	tsea	tests/setupScripts.ts:50	createTempDir	function	function createTempDir(prefix: string = "scripts-test"): TempDir	mkdirSync under os.tmpdir name prefix-Date.now-random; cleanup rmSync force.	server	general	exists:createScratch diff:tmpdir+Date.now+random and rmSync versus ScratchInterface factory
D1	tsea	tests/setupScripts.ts:71	createTestFiles	function	function createTestFiles(dir: string, files: Record<string, string>): void	mkdirSync dir and parents; writeFileSync each name/content.	server	general	none
D1	tsea	tests/setupScripts.ts:91	createMinimalPe	function	function createMinimalPe(subsystem: number = 3): Buffer	256-byte PE32+ buffer with DOS/PE magic, offset 0x80, subsystem at 0xDC.	server	general	none
D1	tsea	tests/setupScripts.ts:119	createSignedPe	function	function createSignedPe(subsystem: number = 3): Buffer	PE32+ buffer with certificate table at 0x128 pointing at appended FAKE_CERT_DATA_FOR_TESTING.	server	general	none
D1	websocket	tests/setupGlobal.ts:30	setup	function	async function setup({ provide }: TestProject): Promise<() => Promise<void>>	node:http 404 server; upgrade to createNodeWebSocket echo/commands; createLoopback; provide wsUrl; teardown destroys sockets and loopback.	server	specific	exists:createLoopback diff:wraps createLoopback with package createNodeWebSocket echo/close/count protocol
